Unity Editor version:    2022.3.60f1 (5f63fdee6d95)
Branch:                  2022.3/staging
Build type:              Release
Batch mode:              YES
macOS version:           Version 13.7.1 (Build 22H221)
Darwin version:          22.6.0
Architecture:            x86_64
Running under Rosetta:   NO
Available memory:        16384 MB
Using pre-set license
Pro License: YES

COMMAND LINE ARGUMENTS:
/Applications/Unity/Hub/Editor/2022.3.60f1/Unity.app/Contents/MacOS/Unity
-adb2
-batchMode
-noUpm
-name
AssetImportWorker2
-projectPath
/Users/yousefnaiem/Tarnung
-logFile
Logs/AssetImportWorker2.log
-srvPort
59095
Successfully changed project path to: /Users/yousefnaiem/Tarnung
/Users/yousefnaiem/Tarnung
[UnityMemory] Configuration Parameters - Can be set up in boot.config
    "memorysetup-bucket-allocator-granularity=16"
    "memorysetup-bucket-allocator-bucket-count=8"
    "memorysetup-bucket-allocator-block-size=33554432"
    "memorysetup-bucket-allocator-block-count=8"
    "memorysetup-main-allocator-block-size=16777216"
    "memorysetup-thread-allocator-block-size=16777216"
    "memorysetup-gfx-main-allocator-block-size=16777216"
    "memorysetup-gfx-thread-allocator-block-size=16777216"
    "memorysetup-cache-allocator-block-size=4194304"
    "memorysetup-typetree-allocator-block-size=2097152"
    "memorysetup-profiler-bucket-allocator-granularity=16"
    "memorysetup-profiler-bucket-allocator-bucket-count=8"
    "memorysetup-profiler-bucket-allocator-block-size=33554432"
    "memorysetup-profiler-bucket-allocator-block-count=8"
    "memorysetup-profiler-allocator-block-size=16777216"
    "memorysetup-profiler-editor-allocator-block-size=1048576"
    "memorysetup-temp-allocator-size-main=16777216"
    "memorysetup-job-temp-allocator-block-size=2097152"
    "memorysetup-job-temp-allocator-block-size-background=1048576"
    "memorysetup-job-temp-allocator-reduction-small-platforms=262144"
    "memorysetup-allocator-temp-initial-block-size-main=262144"
    "memorysetup-allocator-temp-initial-block-size-worker=262144"
    "memorysetup-temp-allocator-size-background-worker=32768"
    "memorysetup-temp-allocator-size-job-worker=262144"
    "memorysetup-temp-allocator-size-preload-manager=33554432"
    "memorysetup-temp-allocator-size-nav-mesh-worker=65536"
    "memorysetup-temp-allocator-size-audio-worker=65536"
    "memorysetup-temp-allocator-size-cloud-worker=32768"
    "memorysetup-temp-allocator-size-gi-baking-worker=262144"
    "memorysetup-temp-allocator-size-gfx=262144"
Player connection [140704735373632]  Target information:

Player connection [140704735373632]  * "[IP] 192.168.0.224 [Port] 0 [Flags] 2 [Guid] 280341029 [EditorId] 280341029 [Version] 1048832 [Id] OSXEditor(0,Yousefs-MacBook-Pro.local) [Debug] 1 [PackageName] OSXEditor [ProjectName] Editor" 

Player connection [140704735373632] Host joined multi-casting on [225.0.0.222:54997]...
Player connection [140704735373632] Host joined alternative multi-casting on [225.0.0.222:34997]...
Input System module state changed to: Initialized.
[PhysX] Initialized MultithreadedTaskDispatcher with 8 workers.
Refreshing native plugins compatible for Editor in 19.93 ms, found 3 plugins.
Preloading 0 native plugins for Editor in 0.00 ms.
Initialize engine version: 2022.3.60f1 (5f63fdee6d95)
[Subsystems] Discovering subsystems at path /Applications/Unity/Hub/Editor/2022.3.60f1/Unity.app/Contents/Resources/UnitySubsystems
[Subsystems] Discovering subsystems at path /Users/yousefnaiem/Tarnung/Assets
GfxDevice: creating device client; threaded=0; jobified=0
Color LCD preferred device: AMD Radeon Pro 560 (high power)
Metal devices available: 2
0: AMD Radeon Pro 560 (high power)
1: Intel(R) HD Graphics 630 (low power)
Using device AMD Radeon Pro 560 (high power)
Initializing Metal device caps: AMD Radeon Pro 560
Initialize mono
Mono path[0] = '/Applications/Unity/Hub/Editor/2022.3.60f1/Unity.app/Contents/Managed'
Mono path[1] = '/Applications/Unity/Hub/Editor/2022.3.60f1/Unity.app/Contents/MonoBleedingEdge/lib/mono/unityjit-macos'
Mono config path = '/Applications/Unity/Hub/Editor/2022.3.60f1/Unity.app/Contents/MonoBleedingEdge/etc'
Using monoOptions --debugger-agent=transport=dt_socket,embedding=1,server=y,suspend=n,address=127.0.0.1:56881
Begin MonoManager ReloadAssembly
Registering precompiled unity dll's ...
Register platform support module: /Applications/Unity/Hub/Editor/2022.3.60f1/Unity.app/Contents/PlaybackEngines/MacStandaloneSupport/UnityEditor.OSXStandalone.Extensions.dll
Register platform support module: /Applications/Unity/Hub/Editor/2022.3.60f1/PlaybackEngines/AndroidPlayer/UnityEditor.Android.Extensions.dll
Register platform support module: /Applications/Unity/Hub/Editor/2022.3.60f1/PlaybackEngines/iOSSupport/UnityEditor.iOS.Extensions.dll
Register platform support module: /Applications/Unity/Hub/Editor/2022.3.60f1/PlaybackEngines/WindowsStandaloneSupport/UnityEditor.WindowsStandalone.Extensions.dll
Registered in 0.006416 seconds.
- Loaded All Assemblies, in  0.821 seconds
Native extension for WindowsStandalone target not found
[usbmuxd] Start listen thread
[usbmuxd] Listen thread started
[usbmuxd] Send listen message
Native extension for iOS target not found
Native extension for Android target not found
Android Extension - Scanning For ADB Devices 213 ms
Native extension for OSXStandalone target not found
Mono: successfully reloaded assembly
- Finished resetting the current domain, in  0.994 seconds
Domain Reload Profiling: 1817ms
	BeginReloadAssembly (220ms)
		ExecutionOrderSort (0ms)
		DisableScriptedObjects (0ms)
		BackupInstance (0ms)
		ReleaseScriptingObjects (0ms)
		CreateAndSetChildDomain (2ms)
	RebuildCommonClasses (90ms)
	RebuildNativeTypeToScriptingClass (26ms)
	initialDomainReloadingComplete (119ms)
	LoadAllAssembliesAndSetupDomain (365ms)
		LoadAssemblies (220ms)
		RebuildTransferFunctionScriptingTraits (0ms)
		AnalyzeDomain (360ms)
			TypeCache.Refresh (354ms)
				TypeCache.ScanAssembly (323ms)
			ScanForSourceGeneratedMonoScriptInfo (1ms)
			ResolveRequiredComponents (3ms)
	FinalizeReload (997ms)
		ReleaseScriptCaches (0ms)
		RebuildScriptCaches (0ms)
		SetupLoadedEditorAssemblies (887ms)
			LogAssemblyErrors (0ms)
			InitializePlatformSupportModulesInManaged (521ms)
			SetLoadedEditorAssemblies (10ms)
			RefreshPlugins (0ms)
			BeforeProcessingInitializeOnLoad (5ms)
			ProcessInitializeOnLoadAttributes (258ms)
			ProcessInitializeOnLoadMethodAttributes (93ms)
			AfterProcessingInitializeOnLoad (0ms)
			EditorAssembliesLoaded (0ms)
		ExecutionOrderSort2 (0ms)
		AwakeInstancesAfterBackupRestoration (0ms)
========================================================================
Worker process is ready to serve import requests
Caller must complete domain reload
 #0 GetStacktrace(int)
 #1 DebugStringToFile(DebugStringToFileData const&)
 #2 AssertImplementation(int, char const*, int, int, char const*)
 #3 Internal_ADB_WorkerOnly_DomainReload(AssemblyLoadReason)
 #4 WorkerDomainReloadV2()
 #5 invocation function for block in AssetImportWorkerClient::HandleMessage(InitializeMessage const&)::$_3::operator()() const
 #6 _dispatch_client_callout
 #7 _dispatch_async_and_wait_invoke
 #8 _dispatch_client_callout
 #9 _dispatch_main_queue_drain
 #10 _dispatch_main_queue_callback_4CF
 #11 __CFRUNLOOP_IS_SERVICING_THE_MAIN_DISPATCH_QUEUE__
 #12 __CFRunLoopRun
 #13 CFRunLoopRunSpecific
 #14 RunCurrentEventLoopInMode
 #15 ReceiveNextEventCommon
 #16 _BlockUntilNextEventMatchingListInModeWithFilter
 #17 _DPSNextEvent
 #18 -[NSApplication(NSEvent) _nextEventMatchingEventMask:untilDate:inMode:dequeue:]
 #19 -[NSApplication run]
 #20 NSApplicationMain
 #21 EditorMain(int, char const**)
 #22 main
 #23 start

Begin MonoManager ReloadAssembly
- Loaded All Assemblies, in  1.653 seconds
Native extension for WindowsStandalone target not found
Native extension for iOS target not found
Native extension for Android target not found
Native extension for OSXStandalone target not found
Mono: successfully reloaded assembly
Package Manager log level set to [2]
[Package Manager] Server::EnsureServerProcessIsRunning -- launch failed, reason: Unity was launched with the -noUpm command-line argument
[Package Manager] UpmClient::Send -- Unable to send message (not connected to UPM process).
[Package Manager] Cannot connect to Unity Package Manager local server
[Package Manager] Server::EnsureServerProcessIsRunning -- launch failed, reason: Unity was launched with the -noUpm command-line argument
[Package Manager] UpmClient::Send -- Unable to send message (not connected to UPM process).
[Package Manager] Cannot connect to Unity Package Manager local server
- Finished resetting the current domain, in  1.456 seconds
Domain Reload Profiling: 3109ms
	BeginReloadAssembly (307ms)
		ExecutionOrderSort (0ms)
		DisableScriptedObjects (14ms)
		BackupInstance (0ms)
		ReleaseScriptingObjects (0ms)
		CreateAndSetChildDomain (64ms)
	RebuildCommonClasses (80ms)
	RebuildNativeTypeToScriptingClass (24ms)
	initialDomainReloadingComplete (86ms)
	LoadAllAssembliesAndSetupDomain (1155ms)
		LoadAssemblies (824ms)
		RebuildTransferFunctionScriptingTraits (0ms)
		AnalyzeDomain (487ms)
			TypeCache.Refresh (413ms)
				TypeCache.ScanAssembly (375ms)
			ScanForSourceGeneratedMonoScriptInfo (54ms)
			ResolveRequiredComponents (16ms)
	FinalizeReload (1457ms)
		ReleaseScriptCaches (0ms)
		RebuildScriptCaches (0ms)
		SetupLoadedEditorAssemblies (1017ms)
			LogAssemblyErrors (0ms)
			InitializePlatformSupportModulesInManaged (63ms)
			SetLoadedEditorAssemblies (10ms)
			RefreshPlugins (0ms)
			BeforeProcessingInitializeOnLoad (147ms)
			ProcessInitializeOnLoadAttributes (711ms)
			ProcessInitializeOnLoadMethodAttributes (82ms)
			AfterProcessingInitializeOnLoad (3ms)
			EditorAssembliesLoaded (0ms)
		ExecutionOrderSort2 (0ms)
		AwakeInstancesAfterBackupRestoration (8ms)
Launching external process: /Applications/Unity/Hub/Editor/2022.3.60f1/Unity.app/Contents/Tools/UnityShaderCompiler
Launched and connected shader compiler UnityShaderCompiler after 0.15 seconds
Refreshing native plugins compatible for Editor in 5.61 ms, found 3 plugins.
Preloading 0 native plugins for Editor in 0.00 ms.
Unloading 4348 Unused Serialized files (Serialized files now loaded: 0)
Unloading 32 unused Assets / (51.3 KB). Loaded Objects now: 4826.
Memory consumption went from 157.1 MB to 157.0 MB.
Total: 7.547702 ms (FindLiveObjects: 0.454789 ms CreateObjectMapping: 0.459097 ms MarkObjects: 6.448695 ms  DeleteObjects: 0.183369 ms)

AssetImportParameters requested are different than current active one (requested -> active):
  custom:container-demuxer-ogg: 62fdf1f143b41e24485cea50d1cbac27 -> 
  custom:video-decoder-ogg-theora: a1e56fd34408186e4bbccfd4996cb3dc -> 
  custom:CustomObjectIndexerAttribute: 9a22284fe3817be447336de3de66b15e -> 
  custom:container-demuxer-webm: 4f35f7cbe854078d1ac9338744f61a02 -> 
  custom:container-muxer-webm: aa71ff27fc2769a1b78a27578f13a17b -> 
  custom:video-decoder-webm-vp8: 9c59270c3fd7afecdb556c50c9e8de78 -> 
  custom:SearchIndexIgnoredProperties: e643bd26f0fe6173181afceb89e7c659 -> 
  custom:AudioImporter_EditorPlatform: 3918e3fc78b5a79bad01e8451be0beb8 -> 
  custom:framework-osx-AVFoundation: e770b220cccbd017edd2c1fefb359320 -> 
  custom:video-encoder-webm-vp8: eb34c28f22e8b96e1ab97ce403110664 -> 
  custom:audio-decoder-ogg-vorbis: bf7c407c2cedff20999df2af8eb42d56 -> 
  custom:audio-encoder-webm-vorbis: bf7c407c2cedff20999df2af8eb42d56 -> 
========================================================================
Received Import Request.
  Time since last request: 484498.255351 seconds.
  path: Assets/Sprite/Leaderboard/leaderboard2.png
  artifactKey: Guid(a38efdc3fb6314be1bfd92b84cb89888) Importer(815301076,1909f56bfc062723c751e8b465ee728b)
Start importing Assets/Sprite/Leaderboard/leaderboard2.png using Guid(a38efdc3fb6314be1bfd92b84cb89888) Importer(815301076,1909f56bfc062723c751e8b465ee728b) [PhysX] Initialized MultithreadedTaskDispatcher with 8 workers.
WARNING: RGBA Compressed ASTC6X6 UNorm format is not supported, decompressing texture
[PhysX] Initialized MultithreadedTaskDispatcher with 8 workers.
 -> (artifact id: '333ec2ec1187333c3200af40812ed5d2') in 0.196884 seconds
Number of updated asset objects reloaded before import = 0
Number of asset objects unloaded after import = 3
========================================================================
Received Import Request.
  Time since last request: 4.330240 seconds.
  path: Assets/Scenes/Menu/Main Menu.unity
  artifactKey: Guid(9919c6d3d994f4626b32bf63780ff9ce) Importer(815301076,1909f56bfc062723c751e8b465ee728b)
Start importing Assets/Scenes/Menu/Main Menu.unity using Guid(9919c6d3d994f4626b32bf63780ff9ce) Importer(815301076,1909f56bfc062723c751e8b465ee728b) [PhysX] Initialized MultithreadedTaskDispatcher with 8 workers.
 -> (artifact id: '573062627a9e84c95364fae95d98c46a') in 0.000616 seconds
Number of updated asset objects reloaded before import = 0
Number of asset objects unloaded after import = 0
========================================================================
Received Prepare
Caller must complete domain reload
 #0 GetStacktrace(int)
 #1 DebugStringToFile(DebugStringToFileData const&)
 #2 AssertImplementation(int, char const*, int, int, char const*)
 #3 Internal_ADB_WorkerOnly_DomainReload(AssemblyLoadReason)
 #4 WorkerDomainReloadV2()
 #5 AssetImportWorkerClient::ReloadMonoDomain(AssetResolver&)
 #6 invocation function for block in AssetImportWorkerClient::HandleMessage(PrepareMessage const&)::$_4::operator()() const
 #7 _dispatch_client_callout
 #8 _dispatch_async_and_wait_invoke
 #9 _dispatch_client_callout
 #10 _dispatch_main_queue_drain
 #11 _dispatch_main_queue_callback_4CF
 #12 __CFRUNLOOP_IS_SERVICING_THE_MAIN_DISPATCH_QUEUE__
 #13 __CFRunLoopRun
 #14 CFRunLoopRunSpecific
 #15 RunCurrentEventLoopInMode
 #16 ReceiveNextEventCommon
 #17 _BlockUntilNextEventMatchingListInModeWithFilter
 #18 _DPSNextEvent
 #19 -[NSApplication(NSEvent) _nextEventMatchingEventMask:untilDate:inMode:dequeue:]
 #20 -[NSApplication run]
 #21 NSApplicationMain
 #22 EditorMain(int, char const**)
 #23 main
 #24 start

Begin MonoManager ReloadAssembly
- Loaded All Assemblies, in  2.106 seconds
Native extension for WindowsStandalone target not found
Native extension for iOS target not found
Native extension for Android target not found
Native extension for OSXStandalone target not found
Mono: successfully reloaded assembly
[Package Manager] Server::EnsureServerProcessIsRunning -- launch failed, reason: Unity was launched with the -noUpm command-line argument
[Package Manager] UpmClient::Send -- Unable to send message (not connected to UPM process).
[Package Manager] Cannot connect to Unity Package Manager local server
- Finished resetting the current domain, in  1.365 seconds
Domain Reload Profiling: 3473ms
	BeginReloadAssembly (1453ms)
		ExecutionOrderSort (0ms)
		DisableScriptedObjects (1180ms)
		BackupInstance (0ms)
		ReleaseScriptingObjects (0ms)
		CreateAndSetChildDomain (108ms)
	RebuildCommonClasses (80ms)
	RebuildNativeTypeToScriptingClass (32ms)
	initialDomainReloadingComplete (53ms)
	LoadAllAssembliesAndSetupDomain (489ms)
		LoadAssemblies (580ms)
		RebuildTransferFunctionScriptingTraits (0ms)
		AnalyzeDomain (29ms)
			TypeCache.Refresh (10ms)
				TypeCache.ScanAssembly (0ms)
			ScanForSourceGeneratedMonoScriptInfo (0ms)
			ResolveRequiredComponents (15ms)
	FinalizeReload (1366ms)
		ReleaseScriptCaches (0ms)
		RebuildScriptCaches (0ms)
		SetupLoadedEditorAssemblies (905ms)
			LogAssemblyErrors (0ms)
			InitializePlatformSupportModulesInManaged (57ms)
			SetLoadedEditorAssemblies (9ms)
			RefreshPlugins (0ms)
			BeforeProcessingInitializeOnLoad (118ms)
			ProcessInitializeOnLoadAttributes (631ms)
			ProcessInitializeOnLoadMethodAttributes (87ms)
			AfterProcessingInitializeOnLoad (3ms)
			EditorAssembliesLoaded (1ms)
		ExecutionOrderSort2 (0ms)
		AwakeInstancesAfterBackupRestoration (24ms)
Refreshing native plugins compatible for Editor in 11.72 ms, found 3 plugins.
Preloading 0 native plugins for Editor in 0.00 ms.
Unloading 4323 Unused Serialized files (Serialized files now loaded: 0)
Unloading 19 unused Assets / (31.1 KB). Loaded Objects now: 4837.
Memory consumption went from 187.9 MB to 187.9 MB.
Total: 6.210418 ms (FindLiveObjects: 0.411878 ms CreateObjectMapping: 0.428685 ms MarkObjects: 5.304002 ms  DeleteObjects: 0.064520 ms)

Prepare: number of updated asset objects reloaded= 0
AssetImportParameters requested are different than current active one (requested -> active):
  custom:container-demuxer-ogg: 62fdf1f143b41e24485cea50d1cbac27 -> 
  custom:video-decoder-ogg-theora: a1e56fd34408186e4bbccfd4996cb3dc -> 
  custom:CustomObjectIndexerAttribute: 9a22284fe3817be447336de3de66b15e -> 
  custom:container-demuxer-webm: 4f35f7cbe854078d1ac9338744f61a02 -> 
  custom:container-muxer-webm: aa71ff27fc2769a1b78a27578f13a17b -> 
  custom:video-decoder-webm-vp8: 9c59270c3fd7afecdb556c50c9e8de78 -> 
  custom:SearchIndexIgnoredProperties: e643bd26f0fe6173181afceb89e7c659 -> 
  custom:AudioImporter_EditorPlatform: 3918e3fc78b5a79bad01e8451be0beb8 -> 
  custom:framework-osx-AVFoundation: e770b220cccbd017edd2c1fefb359320 -> 
  custom:video-encoder-webm-vp8: eb34c28f22e8b96e1ab97ce403110664 -> 
  custom:audio-decoder-ogg-vorbis: bf7c407c2cedff20999df2af8eb42d56 -> 
  custom:audio-encoder-webm-vorbis: bf7c407c2cedff20999df2af8eb42d56 -> 
========================================================================
Received Import Request.
  Time since last request: 789.035100 seconds.
  path: Assets/Sprite/Levels/level select new.png
  artifactKey: Guid(d350fac7bc0cb4508b4c2cc3588603d3) Importer(815301076,1909f56bfc062723c751e8b465ee728b)
Start importing Assets/Sprite/Levels/level select new.png using Guid(d350fac7bc0cb4508b4c2cc3588603d3) Importer(815301076,1909f56bfc062723c751e8b465ee728b) [PhysX] Initialized MultithreadedTaskDispatcher with 8 workers.
WARNING: RGBA Compressed ASTC6X6 UNorm format is not supported, decompressing texture
[PhysX] Initialized MultithreadedTaskDispatcher with 8 workers.
 -> (artifact id: 'da8c25d8c8ad5b843d06c08df5e0cf65') in 0.162270 seconds
Number of updated asset objects reloaded before import = 0
Number of asset objects unloaded after import = 3
========================================================================
Received Import Request.
  Time since last request: 4.300739 seconds.
  path: Assets/Sprite/Levels/level2 .png
  artifactKey: Guid(475894b31e5c94ea3afd342c5c1d9117) Importer(815301076,1909f56bfc062723c751e8b465ee728b)
Start importing Assets/Sprite/Levels/level2 .png using Guid(475894b31e5c94ea3afd342c5c1d9117) Importer(815301076,1909f56bfc062723c751e8b465ee728b) [PhysX] Initialized MultithreadedTaskDispatcher with 8 workers.
WARNING: RGBA Compressed ASTC6X6 UNorm format is not supported, decompressing texture
[PhysX] Initialized MultithreadedTaskDispatcher with 8 workers.
 -> (artifact id: '27f2bc87355f204ba23d892b139de1ac') in 0.051611 seconds
Number of updated asset objects reloaded before import = 0
Number of asset objects unloaded after import = 3
========================================================================
Received Import Request.
  Time since last request: 27.700342 seconds.
  path: Assets/Sprite/Levels/level select new.png
  artifactKey: Guid(d350fac7bc0cb4508b4c2cc3588603d3) Importer(815301076,1909f56bfc062723c751e8b465ee728b)
Start importing Assets/Sprite/Levels/level select new.png using Guid(d350fac7bc0cb4508b4c2cc3588603d3) Importer(815301076,1909f56bfc062723c751e8b465ee728b) [PhysX] Initialized MultithreadedTaskDispatcher with 8 workers.
[PhysX] Initialized MultithreadedTaskDispatcher with 8 workers.
 -> (artifact id: '8edc4b67258760065f4adb3be2a0a962') in 0.026090 seconds
Number of updated asset objects reloaded before import = 0
Number of asset objects unloaded after import = 2
========================================================================
Received Import Request.
  Time since last request: 67.345917 seconds.
  path: Assets/Sprite/Levels/level select new.png
  artifactKey: Guid(d350fac7bc0cb4508b4c2cc3588603d3) Importer(815301076,1909f56bfc062723c751e8b465ee728b)
Start importing Assets/Sprite/Levels/level select new.png using Guid(d350fac7bc0cb4508b4c2cc3588603d3) Importer(815301076,1909f56bfc062723c751e8b465ee728b) [PhysX] Initialized MultithreadedTaskDispatcher with 8 workers.
[PhysX] Initialized MultithreadedTaskDispatcher with 8 workers.
 -> (artifact id: '3ddd62902b900ac8ba718d94541841d8') in 0.040121 seconds
Number of updated asset objects reloaded before import = 0
Number of asset objects unloaded after import = 4
========================================================================
Received Import Request.
  Time since last request: 202.483335 seconds.
  path: Assets/Sprite/Levels/level2 .png
  artifactKey: Guid(475894b31e5c94ea3afd342c5c1d9117) Importer(815301076,1909f56bfc062723c751e8b465ee728b)
Start importing Assets/Sprite/Levels/level2 .png using Guid(475894b31e5c94ea3afd342c5c1d9117) Importer(815301076,1909f56bfc062723c751e8b465ee728b) [PhysX] Initialized MultithreadedTaskDispatcher with 8 workers.
[PhysX] Initialized MultithreadedTaskDispatcher with 8 workers.
 -> (artifact id: 'd5aca92220b7ec5d1c5cb80adb181924') in 0.021785 seconds
Number of updated asset objects reloaded before import = 0
Number of asset objects unloaded after import = 2
========================================================================
Received Import Request.
  Time since last request: 42.489394 seconds.
  path: Assets/Sprite/Levels/level2 .png
  artifactKey: Guid(475894b31e5c94ea3afd342c5c1d9117) Importer(815301076,1909f56bfc062723c751e8b465ee728b)
Start importing Assets/Sprite/Levels/level2 .png using Guid(475894b31e5c94ea3afd342c5c1d9117) Importer(815301076,1909f56bfc062723c751e8b465ee728b) [PhysX] Initialized MultithreadedTaskDispatcher with 8 workers.
[PhysX] Initialized MultithreadedTaskDispatcher with 8 workers.
 -> (artifact id: 'c33e55f5ff26fd26f34756b654a61f49') in 0.030174 seconds
Number of updated asset objects reloaded before import = 0
Number of asset objects unloaded after import = 3
========================================================================
Received Import Request.
  Time since last request: 27.234798 seconds.
  path: Assets/Sprite/Levels/level1Button.png
  artifactKey: Guid(244080222c33a4ed3b60f046bf08cd50) Importer(815301076,1909f56bfc062723c751e8b465ee728b)
Start importing Assets/Sprite/Levels/level1Button.png using Guid(244080222c33a4ed3b60f046bf08cd50) Importer(815301076,1909f56bfc062723c751e8b465ee728b) [PhysX] Initialized MultithreadedTaskDispatcher with 8 workers.
WARNING: RGBA Compressed ASTC6X6 UNorm format is not supported, decompressing texture
[PhysX] Initialized MultithreadedTaskDispatcher with 8 workers.
 -> (artifact id: '3c8a3bb7009905ca4a40c23a590f84a5') in 0.048789 seconds
Number of updated asset objects reloaded before import = 0
Number of asset objects unloaded after import = 3
========================================================================
Received Import Request.
  Time since last request: 15.839321 seconds.
  path: Assets/Sprite/Levels/level1Button.png
  artifactKey: Guid(244080222c33a4ed3b60f046bf08cd50) Importer(815301076,1909f56bfc062723c751e8b465ee728b)
Start importing Assets/Sprite/Levels/level1Button.png using Guid(244080222c33a4ed3b60f046bf08cd50) Importer(815301076,1909f56bfc062723c751e8b465ee728b) [PhysX] Initialized MultithreadedTaskDispatcher with 8 workers.
[PhysX] Initialized MultithreadedTaskDispatcher with 8 workers.
 -> (artifact id: '73697171b95f1b2316d1befe1e6e0a2b') in 0.020506 seconds
Number of updated asset objects reloaded before import = 0
Number of asset objects unloaded after import = 2
========================================================================
Received Import Request.
  Time since last request: 31.372784 seconds.
  path: Assets/Sprite/Levels/level1Button.png
  artifactKey: Guid(244080222c33a4ed3b60f046bf08cd50) Importer(815301076,1909f56bfc062723c751e8b465ee728b)
Start importing Assets/Sprite/Levels/level1Button.png using Guid(244080222c33a4ed3b60f046bf08cd50) Importer(815301076,1909f56bfc062723c751e8b465ee728b) [PhysX] Initialized MultithreadedTaskDispatcher with 8 workers.
[PhysX] Initialized MultithreadedTaskDispatcher with 8 workers.
 -> (artifact id: '1d98d14bc848abbd7f6b7c9883660377') in 0.036153 seconds
Number of updated asset objects reloaded before import = 0
Number of asset objects unloaded after import = 3
========================================================================
Received Import Request.
  Time since last request: 265.726604 seconds.
  path: Assets/Scenes/Menu/Level Select.unity
  artifactKey: Guid(fb3d99d5b622c4dbf94430d52436bb6d) Importer(815301076,1909f56bfc062723c751e8b465ee728b)
Start importing Assets/Scenes/Menu/Level Select.unity using Guid(fb3d99d5b622c4dbf94430d52436bb6d) Importer(815301076,1909f56bfc062723c751e8b465ee728b) [PhysX] Initialized MultithreadedTaskDispatcher with 8 workers.
 -> (artifact id: 'ca8f37137ed55c72728f2f4a6ffac3b5') in 0.001404 seconds
Number of updated asset objects reloaded before import = 0
Number of asset objects unloaded after import = 0
========================================================================
Received Prepare
Caller must complete domain reload
 #0 GetStacktrace(int)
 #1 DebugStringToFile(DebugStringToFileData const&)
 #2 AssertImplementation(int, char const*, int, int, char const*)
 #3 Internal_ADB_WorkerOnly_DomainReload(AssemblyLoadReason)
 #4 WorkerDomainReloadV2()
 #5 AssetImportWorkerClient::ReloadMonoDomain(AssetResolver&)
 #6 invocation function for block in AssetImportWorkerClient::HandleMessage(PrepareMessage const&)::$_4::operator()() const
 #7 _dispatch_client_callout
 #8 _dispatch_async_and_wait_invoke
 #9 _dispatch_client_callout
 #10 _dispatch_main_queue_drain
 #11 _dispatch_main_queue_callback_4CF
 #12 __CFRUNLOOP_IS_SERVICING_THE_MAIN_DISPATCH_QUEUE__
 #13 __CFRunLoopRun
 #14 CFRunLoopRunSpecific
 #15 RunCurrentEventLoopInMode
 #16 ReceiveNextEventCommon
 #17 _BlockUntilNextEventMatchingListInModeWithFilter
 #18 _DPSNextEvent
 #19 -[NSApplication(NSEvent) _nextEventMatchingEventMask:untilDate:inMode:dequeue:]
 #20 -[NSApplication run]
 #21 NSApplicationMain
 #22 EditorMain(int, char const**)
 #23 main
 #24 start

Begin MonoManager ReloadAssembly
- Loaded All Assemblies, in  0.873 seconds
Native extension for WindowsStandalone target not found
Native extension for iOS target not found
Native extension for Android target not found
Native extension for OSXStandalone target not found
Mono: successfully reloaded assembly
[Package Manager] Server::EnsureServerProcessIsRunning -- launch failed, reason: Unity was launched with the -noUpm command-line argument
[Package Manager] UpmClient::Send -- Unable to send message (not connected to UPM process).
[Package Manager] Cannot connect to Unity Package Manager local server
- Finished resetting the current domain, in  2.521 seconds
Domain Reload Profiling: 3394ms
	BeginReloadAssembly (269ms)
		ExecutionOrderSort (0ms)
		DisableScriptedObjects (20ms)
		BackupInstance (0ms)
		ReleaseScriptingObjects (0ms)
		CreateAndSetChildDomain (91ms)
	RebuildCommonClasses (67ms)
	RebuildNativeTypeToScriptingClass (22ms)
	initialDomainReloadingComplete (43ms)
	LoadAllAssembliesAndSetupDomain (471ms)
		LoadAssemblies (563ms)
		RebuildTransferFunctionScriptingTraits (0ms)
		AnalyzeDomain (26ms)
			TypeCache.Refresh (9ms)
				TypeCache.ScanAssembly (0ms)
			ScanForSourceGeneratedMonoScriptInfo (0ms)
			ResolveRequiredComponents (14ms)
	FinalizeReload (2523ms)
		ReleaseScriptCaches (0ms)
		RebuildScriptCaches (0ms)
		SetupLoadedEditorAssemblies (959ms)
			LogAssemblyErrors (0ms)
			InitializePlatformSupportModulesInManaged (55ms)
			SetLoadedEditorAssemblies (9ms)
			RefreshPlugins (0ms)
			BeforeProcessingInitializeOnLoad (122ms)
			ProcessInitializeOnLoadAttributes (655ms)
			ProcessInitializeOnLoadMethodAttributes (110ms)
			AfterProcessingInitializeOnLoad (7ms)
			EditorAssembliesLoaded (1ms)
		ExecutionOrderSort2 (0ms)
		AwakeInstancesAfterBackupRestoration (30ms)
Refreshing native plugins compatible for Editor in 11.54 ms, found 3 plugins.
Preloading 0 native plugins for Editor in 0.00 ms.
Unloading 4323 Unused Serialized files (Serialized files now loaded: 0)
Unloading 19 unused Assets / (31.1 KB). Loaded Objects now: 4851.
Memory consumption went from 192.8 MB to 192.7 MB.
Total: 5.535384 ms (FindLiveObjects: 0.388490 ms CreateObjectMapping: 0.377667 ms MarkObjects: 4.712112 ms  DeleteObjects: 0.056057 ms)

Prepare: number of updated asset objects reloaded= 0
AssetImportParameters requested are different than current active one (requested -> active):
  custom:container-demuxer-ogg: 62fdf1f143b41e24485cea50d1cbac27 -> 
  custom:video-decoder-ogg-theora: a1e56fd34408186e4bbccfd4996cb3dc -> 
  custom:CustomObjectIndexerAttribute: 9a22284fe3817be447336de3de66b15e -> 
  custom:container-demuxer-webm: 4f35f7cbe854078d1ac9338744f61a02 -> 
  custom:container-muxer-webm: aa71ff27fc2769a1b78a27578f13a17b -> 
  custom:video-decoder-webm-vp8: 9c59270c3fd7afecdb556c50c9e8de78 -> 
  custom:SearchIndexIgnoredProperties: e643bd26f0fe6173181afceb89e7c659 -> 
  custom:AudioImporter_EditorPlatform: 3918e3fc78b5a79bad01e8451be0beb8 -> 
  custom:framework-osx-AVFoundation: e770b220cccbd017edd2c1fefb359320 -> 
  custom:video-encoder-webm-vp8: eb34c28f22e8b96e1ab97ce403110664 -> 
  custom:audio-decoder-ogg-vorbis: bf7c407c2cedff20999df2af8eb42d56 -> 
  custom:audio-encoder-webm-vorbis: bf7c407c2cedff20999df2af8eb42d56 -> 
========================================================================
Received Prepare
Caller must complete domain reload
 #0 GetStacktrace(int)
 #1 DebugStringToFile(DebugStringToFileData const&)
 #2 AssertImplementation(int, char const*, int, int, char const*)
 #3 Internal_ADB_WorkerOnly_DomainReload(AssemblyLoadReason)
 #4 WorkerDomainReloadV2()
 #5 AssetImportWorkerClient::ReloadMonoDomain(AssetResolver&)
 #6 invocation function for block in AssetImportWorkerClient::HandleMessage(PrepareMessage const&)::$_4::operator()() const
 #7 _dispatch_client_callout
 #8 _dispatch_async_and_wait_invoke
 #9 _dispatch_client_callout
 #10 _dispatch_main_queue_drain
 #11 _dispatch_main_queue_callback_4CF
 #12 __CFRUNLOOP_IS_SERVICING_THE_MAIN_DISPATCH_QUEUE__
 #13 __CFRunLoopRun
 #14 CFRunLoopRunSpecific
 #15 RunCurrentEventLoopInMode
 #16 ReceiveNextEventCommon
 #17 _BlockUntilNextEventMatchingListInModeWithFilter
 #18 _DPSNextEvent
 #19 -[NSApplication(NSEvent) _nextEventMatchingEventMask:untilDate:inMode:dequeue:]
 #20 -[NSApplication run]
 #21 NSApplicationMain
 #22 EditorMain(int, char const**)
 #23 main
 #24 start

Begin MonoManager ReloadAssembly
- Loaded All Assemblies, in  0.808 seconds
Native extension for WindowsStandalone target not found
Native extension for iOS target not found
Native extension for Android target not found
Native extension for OSXStandalone target not found
Mono: successfully reloaded assembly
[Package Manager] Server::EnsureServerProcessIsRunning -- launch failed, reason: Unity was launched with the -noUpm command-line argument
[Package Manager] UpmClient::Send -- Unable to send message (not connected to UPM process).
[Package Manager] Cannot connect to Unity Package Manager local server
- Finished resetting the current domain, in  2.268 seconds
Domain Reload Profiling: 3075ms
	BeginReloadAssembly (259ms)
		ExecutionOrderSort (0ms)
		DisableScriptedObjects (20ms)
		BackupInstance (0ms)
		ReleaseScriptingObjects (0ms)
		CreateAndSetChildDomain (79ms)
	RebuildCommonClasses (67ms)
	RebuildNativeTypeToScriptingClass (22ms)
	initialDomainReloadingComplete (43ms)
	LoadAllAssembliesAndSetupDomain (416ms)
		LoadAssemblies (509ms)
		RebuildTransferFunctionScriptingTraits (0ms)
		AnalyzeDomain (27ms)
			TypeCache.Refresh (9ms)
				TypeCache.ScanAssembly (0ms)
			ScanForSourceGeneratedMonoScriptInfo (0ms)
			ResolveRequiredComponents (14ms)
	FinalizeReload (2269ms)
		ReleaseScriptCaches (0ms)
		RebuildScriptCaches (0ms)
		SetupLoadedEditorAssemblies (763ms)
			LogAssemblyErrors (0ms)
			InitializePlatformSupportModulesInManaged (55ms)
			SetLoadedEditorAssemblies (10ms)
			RefreshPlugins (0ms)
			BeforeProcessingInitializeOnLoad (115ms)
			ProcessInitializeOnLoadAttributes (509ms)
			ProcessInitializeOnLoadMethodAttributes (71ms)
			AfterProcessingInitializeOnLoad (4ms)
			EditorAssembliesLoaded (1ms)
		ExecutionOrderSort2 (0ms)
		AwakeInstancesAfterBackupRestoration (20ms)
Refreshing native plugins compatible for Editor in 6.58 ms, found 3 plugins.
Preloading 0 native plugins for Editor in 0.00 ms.
Unloading 4324 Unused Serialized files (Serialized files now loaded: 0)
Unloading 19 unused Assets / (31.1 KB). Loaded Objects now: 4855.
Memory consumption went from 197.4 MB to 197.3 MB.
Total: 8.061260 ms (FindLiveObjects: 0.512658 ms CreateObjectMapping: 0.460552 ms MarkObjects: 6.993011 ms  DeleteObjects: 0.093399 ms)

Prepare: number of updated asset objects reloaded= 0
AssetImportParameters requested are different than current active one (requested -> active):
  custom:container-demuxer-ogg: 62fdf1f143b41e24485cea50d1cbac27 -> 
  custom:video-decoder-ogg-theora: a1e56fd34408186e4bbccfd4996cb3dc -> 
  custom:CustomObjectIndexerAttribute: 9a22284fe3817be447336de3de66b15e -> 
  custom:container-demuxer-webm: 4f35f7cbe854078d1ac9338744f61a02 -> 
  custom:container-muxer-webm: aa71ff27fc2769a1b78a27578f13a17b -> 
  custom:video-decoder-webm-vp8: 9c59270c3fd7afecdb556c50c9e8de78 -> 
  custom:SearchIndexIgnoredProperties: e643bd26f0fe6173181afceb89e7c659 -> 
  custom:AudioImporter_EditorPlatform: 3918e3fc78b5a79bad01e8451be0beb8 -> 
  custom:framework-osx-AVFoundation: e770b220cccbd017edd2c1fefb359320 -> 
  custom:video-encoder-webm-vp8: eb34c28f22e8b96e1ab97ce403110664 -> 
  custom:audio-decoder-ogg-vorbis: bf7c407c2cedff20999df2af8eb42d56 -> 
  custom:audio-encoder-webm-vorbis: bf7c407c2cedff20999df2af8eb42d56 -> 
========================================================================
Received Import Request.
  Time since last request: 233.100430 seconds.
  path: Assets/Scenes/Menu/Level Select.unity
  artifactKey: Guid(fb3d99d5b622c4dbf94430d52436bb6d) Importer(815301076,1909f56bfc062723c751e8b465ee728b)
Start importing Assets/Scenes/Menu/Level Select.unity using Guid(fb3d99d5b622c4dbf94430d52436bb6d) Importer(815301076,1909f56bfc062723c751e8b465ee728b) [PhysX] Initialized MultithreadedTaskDispatcher with 8 workers.
 -> (artifact id: '18ae6ca183aa41e51c63a90a9159af4b') in 0.003099 seconds
Number of updated asset objects reloaded before import = 0
Number of asset objects unloaded after import = 0
========================================================================
Received Prepare
Caller must complete domain reload
 #0 GetStacktrace(int)
 #1 DebugStringToFile(DebugStringToFileData const&)
 #2 AssertImplementation(int, char const*, int, int, char const*)
 #3 Internal_ADB_WorkerOnly_DomainReload(AssemblyLoadReason)
 #4 WorkerDomainReloadV2()
 #5 AssetImportWorkerClient::ReloadMonoDomain(AssetResolver&)
 #6 invocation function for block in AssetImportWorkerClient::HandleMessage(PrepareMessage const&)::$_4::operator()() const
 #7 _dispatch_client_callout
 #8 _dispatch_async_and_wait_invoke
 #9 _dispatch_client_callout
 #10 _dispatch_main_queue_drain
 #11 _dispatch_main_queue_callback_4CF
 #12 __CFRUNLOOP_IS_SERVICING_THE_MAIN_DISPATCH_QUEUE__
 #13 __CFRunLoopRun
 #14 CFRunLoopRunSpecific
 #15 RunCurrentEventLoopInMode
 #16 ReceiveNextEventCommon
 #17 _BlockUntilNextEventMatchingListInModeWithFilter
 #18 _DPSNextEvent
 #19 -[NSApplication(NSEvent) _nextEventMatchingEventMask:untilDate:inMode:dequeue:]
 #20 -[NSApplication run]
 #21 NSApplicationMain
 #22 EditorMain(int, char const**)
 #23 main
 #24 start

Begin MonoManager ReloadAssembly
- Loaded All Assemblies, in  0.823 seconds
Native extension for WindowsStandalone target not found
Native extension for iOS target not found
Native extension for Android target not found
Native extension for OSXStandalone target not found
Mono: successfully reloaded assembly
[Package Manager] Server::EnsureServerProcessIsRunning -- launch failed, reason: Unity was launched with the -noUpm command-line argument
[Package Manager] UpmClient::Send -- Unable to send message (not connected to UPM process).
[Package Manager] Cannot connect to Unity Package Manager local server
- Finished resetting the current domain, in  2.424 seconds
Domain Reload Profiling: 3246ms
	BeginReloadAssembly (263ms)
		ExecutionOrderSort (0ms)
		DisableScriptedObjects (20ms)
		BackupInstance (0ms)
		ReleaseScriptingObjects (0ms)
		CreateAndSetChildDomain (88ms)
	RebuildCommonClasses (69ms)
	RebuildNativeTypeToScriptingClass (23ms)
	initialDomainReloadingComplete (43ms)
	LoadAllAssembliesAndSetupDomain (424ms)
		LoadAssemblies (513ms)
		RebuildTransferFunctionScriptingTraits (0ms)
		AnalyzeDomain (27ms)
			TypeCache.Refresh (10ms)
				TypeCache.ScanAssembly (0ms)
			ScanForSourceGeneratedMonoScriptInfo (0ms)
			ResolveRequiredComponents (14ms)
	FinalizeReload (2425ms)
		ReleaseScriptCaches (0ms)
		RebuildScriptCaches (0ms)
		SetupLoadedEditorAssemblies (865ms)
			LogAssemblyErrors (0ms)
			InitializePlatformSupportModulesInManaged (52ms)
			SetLoadedEditorAssemblies (9ms)
			RefreshPlugins (0ms)
			BeforeProcessingInitializeOnLoad (117ms)
			ProcessInitializeOnLoadAttributes (593ms)
			ProcessInitializeOnLoadMethodAttributes (89ms)
			AfterProcessingInitializeOnLoad (4ms)
			EditorAssembliesLoaded (0ms)
		ExecutionOrderSort2 (0ms)
		AwakeInstancesAfterBackupRestoration (22ms)
Refreshing native plugins compatible for Editor in 6.98 ms, found 3 plugins.
Preloading 0 native plugins for Editor in 0.00 ms.
Unloading 4323 Unused Serialized files (Serialized files now loaded: 0)
Unloading 19 unused Assets / (31.2 KB). Loaded Objects now: 4859.
Memory consumption went from 201.7 MB to 201.7 MB.
Total: 7.624943 ms (FindLiveObjects: 0.473752 ms CreateObjectMapping: 0.618964 ms MarkObjects: 6.458672 ms  DeleteObjects: 0.072068 ms)

Prepare: number of updated asset objects reloaded= 0
AssetImportParameters requested are different than current active one (requested -> active):
  custom:container-demuxer-ogg: 62fdf1f143b41e24485cea50d1cbac27 -> 
  custom:video-decoder-ogg-theora: a1e56fd34408186e4bbccfd4996cb3dc -> 
  custom:CustomObjectIndexerAttribute: 9a22284fe3817be447336de3de66b15e -> 
  custom:container-demuxer-webm: 4f35f7cbe854078d1ac9338744f61a02 -> 
  custom:container-muxer-webm: aa71ff27fc2769a1b78a27578f13a17b -> 
  custom:video-decoder-webm-vp8: 9c59270c3fd7afecdb556c50c9e8de78 -> 
  custom:SearchIndexIgnoredProperties: e643bd26f0fe6173181afceb89e7c659 -> 
  custom:AudioImporter_EditorPlatform: 3918e3fc78b5a79bad01e8451be0beb8 -> 
  custom:framework-osx-AVFoundation: e770b220cccbd017edd2c1fefb359320 -> 
  custom:video-encoder-webm-vp8: eb34c28f22e8b96e1ab97ce403110664 -> 
  custom:audio-decoder-ogg-vorbis: bf7c407c2cedff20999df2af8eb42d56 -> 
  custom:audio-encoder-webm-vorbis: bf7c407c2cedff20999df2af8eb42d56 -> 
========================================================================
Received Prepare
Caller must complete domain reload
 #0 GetStacktrace(int)
 #1 DebugStringToFile(DebugStringToFileData const&)
 #2 AssertImplementation(int, char const*, int, int, char const*)
 #3 Internal_ADB_WorkerOnly_DomainReload(AssemblyLoadReason)
 #4 WorkerDomainReloadV2()
 #5 AssetImportWorkerClient::ReloadMonoDomain(AssetResolver&)
 #6 invocation function for block in AssetImportWorkerClient::HandleMessage(PrepareMessage const&)::$_4::operator()() const
 #7 _dispatch_client_callout
 #8 _dispatch_async_and_wait_invoke
 #9 _dispatch_client_callout
 #10 _dispatch_main_queue_drain
 #11 _dispatch_main_queue_callback_4CF
 #12 __CFRUNLOOP_IS_SERVICING_THE_MAIN_DISPATCH_QUEUE__
 #13 __CFRunLoopRun
 #14 CFRunLoopRunSpecific
 #15 RunCurrentEventLoopInMode
 #16 ReceiveNextEventCommon
 #17 _BlockUntilNextEventMatchingListInModeWithFilter
 #18 _DPSNextEvent
 #19 -[NSApplication(NSEvent) _nextEventMatchingEventMask:untilDate:inMode:dequeue:]
 #20 -[NSApplication run]
 #21 NSApplicationMain
 #22 EditorMain(int, char const**)
 #23 main
 #24 start

Begin MonoManager ReloadAssembly
- Loaded All Assemblies, in  0.939 seconds
Native extension for WindowsStandalone target not found
Native extension for iOS target not found
Native extension for Android target not found
Native extension for OSXStandalone target not found
Mono: successfully reloaded assembly
[Package Manager] Server::EnsureServerProcessIsRunning -- launch failed, reason: Unity was launched with the -noUpm command-line argument
[Package Manager] UpmClient::Send -- Unable to send message (not connected to UPM process).
[Package Manager] Cannot connect to Unity Package Manager local server
- Finished resetting the current domain, in  2.457 seconds
Domain Reload Profiling: 3395ms
	BeginReloadAssembly (314ms)
		ExecutionOrderSort (0ms)
		DisableScriptedObjects (21ms)
		BackupInstance (0ms)
		ReleaseScriptingObjects (0ms)
		CreateAndSetChildDomain (78ms)
	RebuildCommonClasses (67ms)
	RebuildNativeTypeToScriptingClass (21ms)
	initialDomainReloadingComplete (44ms)
	LoadAllAssembliesAndSetupDomain (491ms)
		LoadAssemblies (642ms)
		RebuildTransferFunctionScriptingTraits (0ms)
		AnalyzeDomain (25ms)
			TypeCache.Refresh (9ms)
				TypeCache.ScanAssembly (0ms)
			ScanForSourceGeneratedMonoScriptInfo (0ms)
			ResolveRequiredComponents (14ms)
	FinalizeReload (2457ms)
		ReleaseScriptCaches (0ms)
		RebuildScriptCaches (0ms)
		SetupLoadedEditorAssemblies (891ms)
			LogAssemblyErrors (0ms)
			InitializePlatformSupportModulesInManaged (52ms)
			SetLoadedEditorAssemblies (9ms)
			RefreshPlugins (0ms)
			BeforeProcessingInitializeOnLoad (113ms)
			ProcessInitializeOnLoadAttributes (619ms)
			ProcessInitializeOnLoadMethodAttributes (93ms)
			AfterProcessingInitializeOnLoad (3ms)
			EditorAssembliesLoaded (1ms)
		ExecutionOrderSort2 (0ms)
		AwakeInstancesAfterBackupRestoration (22ms)
Refreshing native plugins compatible for Editor in 7.25 ms, found 3 plugins.
Preloading 0 native plugins for Editor in 0.00 ms.
Unloading 4324 Unused Serialized files (Serialized files now loaded: 0)
Unloading 19 unused Assets / (31.3 KB). Loaded Objects now: 4863.
Memory consumption went from 206.3 MB to 206.3 MB.
Total: 7.269929 ms (FindLiveObjects: 0.438159 ms CreateObjectMapping: 0.527694 ms MarkObjects: 6.215512 ms  DeleteObjects: 0.087276 ms)

Prepare: number of updated asset objects reloaded= 0
AssetImportParameters requested are different than current active one (requested -> active):
  custom:container-demuxer-ogg: 62fdf1f143b41e24485cea50d1cbac27 -> 
  custom:video-decoder-ogg-theora: a1e56fd34408186e4bbccfd4996cb3dc -> 
  custom:CustomObjectIndexerAttribute: 9a22284fe3817be447336de3de66b15e -> 
  custom:container-demuxer-webm: 4f35f7cbe854078d1ac9338744f61a02 -> 
  custom:container-muxer-webm: aa71ff27fc2769a1b78a27578f13a17b -> 
  custom:video-decoder-webm-vp8: 9c59270c3fd7afecdb556c50c9e8de78 -> 
  custom:SearchIndexIgnoredProperties: e643bd26f0fe6173181afceb89e7c659 -> 
  custom:AudioImporter_EditorPlatform: 3918e3fc78b5a79bad01e8451be0beb8 -> 
  custom:framework-osx-AVFoundation: e770b220cccbd017edd2c1fefb359320 -> 
  custom:video-encoder-webm-vp8: eb34c28f22e8b96e1ab97ce403110664 -> 
  custom:audio-decoder-ogg-vorbis: bf7c407c2cedff20999df2af8eb42d56 -> 
  custom:audio-encoder-webm-vorbis: bf7c407c2cedff20999df2af8eb42d56 -> 
========================================================================
Received Prepare
Caller must complete domain reload
 #0 GetStacktrace(int)
 #1 DebugStringToFile(DebugStringToFileData const&)
 #2 AssertImplementation(int, char const*, int, int, char const*)
 #3 Internal_ADB_WorkerOnly_DomainReload(AssemblyLoadReason)
 #4 WorkerDomainReloadV2()
 #5 AssetImportWorkerClient::ReloadMonoDomain(AssetResolver&)
 #6 invocation function for block in AssetImportWorkerClient::HandleMessage(PrepareMessage const&)::$_4::operator()() const
 #7 _dispatch_client_callout
 #8 _dispatch_async_and_wait_invoke
 #9 _dispatch_client_callout
 #10 _dispatch_main_queue_drain
 #11 _dispatch_main_queue_callback_4CF
 #12 __CFRUNLOOP_IS_SERVICING_THE_MAIN_DISPATCH_QUEUE__
 #13 __CFRunLoopRun
 #14 CFRunLoopRunSpecific
 #15 RunCurrentEventLoopInMode
 #16 ReceiveNextEventCommon
 #17 _BlockUntilNextEventMatchingListInModeWithFilter
 #18 _DPSNextEvent
 #19 -[NSApplication(NSEvent) _nextEventMatchingEventMask:untilDate:inMode:dequeue:]
 #20 -[NSApplication run]
 #21 NSApplicationMain
 #22 EditorMain(int, char const**)
 #23 main
 #24 start

Begin MonoManager ReloadAssembly
- Loaded All Assemblies, in  0.808 seconds
Native extension for WindowsStandalone target not found
Native extension for iOS target not found
Native extension for Android target not found
Native extension for OSXStandalone target not found
Mono: successfully reloaded assembly
[Package Manager] Server::EnsureServerProcessIsRunning -- launch failed, reason: Unity was launched with the -noUpm command-line argument
[Package Manager] UpmClient::Send -- Unable to send message (not connected to UPM process).
[Package Manager] Cannot connect to Unity Package Manager local server
- Finished resetting the current domain, in  2.501 seconds
Domain Reload Profiling: 3309ms
	BeginReloadAssembly (252ms)
		ExecutionOrderSort (0ms)
		DisableScriptedObjects (21ms)
		BackupInstance (0ms)
		ReleaseScriptingObjects (0ms)
		CreateAndSetChildDomain (81ms)
	RebuildCommonClasses (64ms)
	RebuildNativeTypeToScriptingClass (21ms)
	initialDomainReloadingComplete (43ms)
	LoadAllAssembliesAndSetupDomain (426ms)
		LoadAssemblies (505ms)
		RebuildTransferFunctionScriptingTraits (0ms)
		AnalyzeDomain (29ms)
			TypeCache.Refresh (10ms)
				TypeCache.ScanAssembly (0ms)
			ScanForSourceGeneratedMonoScriptInfo (0ms)
			ResolveRequiredComponents (15ms)
	FinalizeReload (2502ms)
		ReleaseScriptCaches (0ms)
		RebuildScriptCaches (0ms)
		SetupLoadedEditorAssemblies (969ms)
			LogAssemblyErrors (0ms)
			InitializePlatformSupportModulesInManaged (53ms)
			SetLoadedEditorAssemblies (9ms)
			RefreshPlugins (0ms)
			BeforeProcessingInitializeOnLoad (124ms)
			ProcessInitializeOnLoadAttributes (695ms)
			ProcessInitializeOnLoadMethodAttributes (83ms)
			AfterProcessingInitializeOnLoad (3ms)
			EditorAssembliesLoaded (1ms)
		ExecutionOrderSort2 (0ms)
		AwakeInstancesAfterBackupRestoration (21ms)
Refreshing native plugins compatible for Editor in 11.99 ms, found 3 plugins.
Preloading 0 native plugins for Editor in 0.00 ms.
Unloading 4324 Unused Serialized files (Serialized files now loaded: 0)
Unloading 19 unused Assets / (31.2 KB). Loaded Objects now: 4867.
Memory consumption went from 210.7 MB to 210.6 MB.
Total: 6.087219 ms (FindLiveObjects: 0.412377 ms CreateObjectMapping: 0.549020 ms MarkObjects: 5.042810 ms  DeleteObjects: 0.081559 ms)

Prepare: number of updated asset objects reloaded= 0
AssetImportParameters requested are different than current active one (requested -> active):
  custom:container-demuxer-ogg: 62fdf1f143b41e24485cea50d1cbac27 -> 
  custom:video-decoder-ogg-theora: a1e56fd34408186e4bbccfd4996cb3dc -> 
  custom:CustomObjectIndexerAttribute: 9a22284fe3817be447336de3de66b15e -> 
  custom:container-demuxer-webm: 4f35f7cbe854078d1ac9338744f61a02 -> 
  custom:container-muxer-webm: aa71ff27fc2769a1b78a27578f13a17b -> 
  custom:video-decoder-webm-vp8: 9c59270c3fd7afecdb556c50c9e8de78 -> 
  custom:SearchIndexIgnoredProperties: e643bd26f0fe6173181afceb89e7c659 -> 
  custom:AudioImporter_EditorPlatform: 3918e3fc78b5a79bad01e8451be0beb8 -> 
  custom:framework-osx-AVFoundation: e770b220cccbd017edd2c1fefb359320 -> 
  custom:video-encoder-webm-vp8: eb34c28f22e8b96e1ab97ce403110664 -> 
  custom:audio-decoder-ogg-vorbis: bf7c407c2cedff20999df2af8eb42d56 -> 
  custom:audio-encoder-webm-vorbis: bf7c407c2cedff20999df2af8eb42d56 -> 
========================================================================
Received Import Request.
  Time since last request: 356.965784 seconds.
  path: Assets/Scenes/Menu/Main Menu.unity
  artifactKey: Guid(9919c6d3d994f4626b32bf63780ff9ce) Importer(815301076,1909f56bfc062723c751e8b465ee728b)
Start importing Assets/Scenes/Menu/Main Menu.unity using Guid(9919c6d3d994f4626b32bf63780ff9ce) Importer(815301076,1909f56bfc062723c751e8b465ee728b) [PhysX] Initialized MultithreadedTaskDispatcher with 8 workers.
 -> (artifact id: '96b2ce4f47330b3b0ef605d9ce6f9def') in 0.002538 seconds
Number of updated asset objects reloaded before import = 0
Number of asset objects unloaded after import = 0
========================================================================
Received Import Request.
  Time since last request: 33.935841 seconds.
  path: Assets/Scenes/Menu/Login.unity
  artifactKey: Guid(7c7646d192cd24b2ab86c8c703ada5da) Importer(815301076,1909f56bfc062723c751e8b465ee728b)
Start importing Assets/Scenes/Menu/Login.unity using Guid(7c7646d192cd24b2ab86c8c703ada5da) Importer(815301076,1909f56bfc062723c751e8b465ee728b) [PhysX] Initialized MultithreadedTaskDispatcher with 8 workers.
 -> (artifact id: '3c21492ab76a9268a706d74919c382ba') in 0.000542 seconds
Number of updated asset objects reloaded before import = 0
Number of asset objects unloaded after import = 0
========================================================================
Received Import Request.
  Time since last request: 1081.495183 seconds.
  path: Assets/Scripts/Scene Manager/Guest Mode.cs
  artifactKey: Guid(7636ffaedcdb1481997bad8f32ae72cd) Importer(815301076,1909f56bfc062723c751e8b465ee728b)
Start importing Assets/Scripts/Scene Manager/Guest Mode.cs using Guid(7636ffaedcdb1481997bad8f32ae72cd) Importer(815301076,1909f56bfc062723c751e8b465ee728b) [PhysX] Initialized MultithreadedTaskDispatcher with 8 workers.
 -> (artifact id: '73c77b4e1f927df12f38bc85c773cd98') in 0.001543 seconds
Number of updated asset objects reloaded before import = 0
Number of asset objects unloaded after import = 0
========================================================================
Received Prepare
Caller must complete domain reload
 #0 GetStacktrace(int)
 #1 DebugStringToFile(DebugStringToFileData const&)
 #2 AssertImplementation(int, char const*, int, int, char const*)
 #3 Internal_ADB_WorkerOnly_DomainReload(AssemblyLoadReason)
 #4 WorkerDomainReloadV2()
 #5 AssetImportWorkerClient::ReloadMonoDomain(AssetResolver&)
 #6 invocation function for block in AssetImportWorkerClient::HandleMessage(PrepareMessage const&)::$_4::operator()() const
 #7 _dispatch_client_callout
 #8 _dispatch_async_and_wait_invoke
 #9 _dispatch_client_callout
 #10 _dispatch_main_queue_drain
 #11 _dispatch_main_queue_callback_4CF
 #12 __CFRUNLOOP_IS_SERVICING_THE_MAIN_DISPATCH_QUEUE__
 #13 __CFRunLoopRun
 #14 CFRunLoopRunSpecific
 #15 RunCurrentEventLoopInMode
 #16 ReceiveNextEventCommon
 #17 _BlockUntilNextEventMatchingListInModeWithFilter
 #18 _DPSNextEvent
 #19 -[NSApplication(NSEvent) _nextEventMatchingEventMask:untilDate:inMode:dequeue:]
 #20 -[NSApplication run]
 #21 NSApplicationMain
 #22 EditorMain(int, char const**)
 #23 main
 #24 start

Begin MonoManager ReloadAssembly
- Loaded All Assemblies, in  1.002 seconds
Native extension for WindowsStandalone target not found
Native extension for iOS target not found
Native extension for Android target not found
Native extension for OSXStandalone target not found
Mono: successfully reloaded assembly
[Package Manager] Server::EnsureServerProcessIsRunning -- launch failed, reason: Unity was launched with the -noUpm command-line argument
[Package Manager] UpmClient::Send -- Unable to send message (not connected to UPM process).
[Package Manager] Cannot connect to Unity Package Manager local server
- Finished resetting the current domain, in  2.528 seconds
Domain Reload Profiling: 3527ms
	BeginReloadAssembly (286ms)
		ExecutionOrderSort (0ms)
		DisableScriptedObjects (22ms)
		BackupInstance (0ms)
		ReleaseScriptingObjects (0ms)
		CreateAndSetChildDomain (98ms)
	RebuildCommonClasses (72ms)
	RebuildNativeTypeToScriptingClass (28ms)
	initialDomainReloadingComplete (49ms)
	LoadAllAssembliesAndSetupDomain (564ms)
		LoadAssemblies (621ms)
		RebuildTransferFunctionScriptingTraits (0ms)
		AnalyzeDomain (68ms)
			TypeCache.Refresh (23ms)
				TypeCache.ScanAssembly (4ms)
			ScanForSourceGeneratedMonoScriptInfo (27ms)
			ResolveRequiredComponents (14ms)
	FinalizeReload (2529ms)
		ReleaseScriptCaches (0ms)
		RebuildScriptCaches (0ms)
		SetupLoadedEditorAssemblies (822ms)
			LogAssemblyErrors (0ms)
			InitializePlatformSupportModulesInManaged (66ms)
			SetLoadedEditorAssemblies (10ms)
			RefreshPlugins (0ms)
			BeforeProcessingInitializeOnLoad (135ms)
			ProcessInitializeOnLoadAttributes (544ms)
			ProcessInitializeOnLoadMethodAttributes (64ms)
			AfterProcessingInitializeOnLoad (3ms)
			EditorAssembliesLoaded (0ms)
		ExecutionOrderSort2 (0ms)
		AwakeInstancesAfterBackupRestoration (19ms)
Refreshing native plugins compatible for Editor in 7.06 ms, found 3 plugins.
Preloading 0 native plugins for Editor in 0.00 ms.
Unloading 4324 Unused Serialized files (Serialized files now loaded: 0)
Unloading 19 unused Assets / (31.1 KB). Loaded Objects now: 4872.
Memory consumption went from 215.0 MB to 215.0 MB.
Total: 7.609470 ms (FindLiveObjects: 0.535313 ms CreateObjectMapping: 0.547825 ms MarkObjects: 6.434387 ms  DeleteObjects: 0.090311 ms)

Prepare: number of updated asset objects reloaded= 0
AssetImportParameters requested are different than current active one (requested -> active):
  custom:container-demuxer-ogg: 62fdf1f143b41e24485cea50d1cbac27 -> 
  custom:scripting/monoscript/fileName/Guest Mode.cs: 14bb294407ae9216b25ce15ea82c36c5 -> 
  custom:video-decoder-ogg-theora: a1e56fd34408186e4bbccfd4996cb3dc -> 
  custom:CustomObjectIndexerAttribute: 9a22284fe3817be447336de3de66b15e -> 
  custom:container-demuxer-webm: 4f35f7cbe854078d1ac9338744f61a02 -> 
  custom:container-muxer-webm: aa71ff27fc2769a1b78a27578f13a17b -> 
  custom:video-decoder-webm-vp8: 9c59270c3fd7afecdb556c50c9e8de78 -> 
  custom:SearchIndexIgnoredProperties: e643bd26f0fe6173181afceb89e7c659 -> 
  custom:AudioImporter_EditorPlatform: 3918e3fc78b5a79bad01e8451be0beb8 -> 
  custom:framework-osx-AVFoundation: e770b220cccbd017edd2c1fefb359320 -> 
  custom:video-encoder-webm-vp8: eb34c28f22e8b96e1ab97ce403110664 -> 
  custom:audio-decoder-ogg-vorbis: bf7c407c2cedff20999df2af8eb42d56 -> 
  custom:audio-encoder-webm-vorbis: bf7c407c2cedff20999df2af8eb42d56 -> 
  custom:scripting/precompiled-assembly-types:Assembly-CSharp: 74cfa10d7708b0e5310e90397328ec8d -> 69ea2203ffb79dbff4b01d4dabda315f
========================================================================
Received Prepare
Caller must complete domain reload
 #0 GetStacktrace(int)
 #1 DebugStringToFile(DebugStringToFileData const&)
 #2 AssertImplementation(int, char const*, int, int, char const*)
 #3 Internal_ADB_WorkerOnly_DomainReload(AssemblyLoadReason)
 #4 WorkerDomainReloadV2()
 #5 AssetImportWorkerClient::ReloadMonoDomain(AssetResolver&)
 #6 invocation function for block in AssetImportWorkerClient::HandleMessage(PrepareMessage const&)::$_4::operator()() const
 #7 _dispatch_client_callout
 #8 _dispatch_async_and_wait_invoke
 #9 _dispatch_client_callout
 #10 _dispatch_main_queue_drain
 #11 _dispatch_main_queue_callback_4CF
 #12 __CFRUNLOOP_IS_SERVICING_THE_MAIN_DISPATCH_QUEUE__
 #13 __CFRunLoopRun
 #14 CFRunLoopRunSpecific
 #15 RunCurrentEventLoopInMode
 #16 ReceiveNextEventCommon
 #17 _BlockUntilNextEventMatchingListInModeWithFilter
 #18 _DPSNextEvent
 #19 -[NSApplication(NSEvent) _nextEventMatchingEventMask:untilDate:inMode:dequeue:]
 #20 -[NSApplication run]
 #21 NSApplicationMain
 #22 EditorMain(int, char const**)
 #23 main
 #24 start

Begin MonoManager ReloadAssembly
- Loaded All Assemblies, in  0.854 seconds
Native extension for WindowsStandalone target not found
Native extension for iOS target not found
Native extension for Android target not found
Native extension for OSXStandalone target not found
Mono: successfully reloaded assembly
[Package Manager] Server::EnsureServerProcessIsRunning -- launch failed, reason: Unity was launched with the -noUpm command-line argument
[Package Manager] UpmClient::Send -- Unable to send message (not connected to UPM process).
[Package Manager] Cannot connect to Unity Package Manager local server
- Finished resetting the current domain, in  2.418 seconds
Domain Reload Profiling: 3271ms
	BeginReloadAssembly (255ms)
		ExecutionOrderSort (0ms)
		DisableScriptedObjects (20ms)
		BackupInstance (0ms)
		ReleaseScriptingObjects (0ms)
		CreateAndSetChildDomain (79ms)
	RebuildCommonClasses (64ms)
	RebuildNativeTypeToScriptingClass (21ms)
	initialDomainReloadingComplete (42ms)
	LoadAllAssembliesAndSetupDomain (470ms)
		LoadAssemblies (524ms)
		RebuildTransferFunctionScriptingTraits (0ms)
		AnalyzeDomain (59ms)
			TypeCache.Refresh (18ms)
				TypeCache.ScanAssembly (3ms)
			ScanForSourceGeneratedMonoScriptInfo (23ms)
			ResolveRequiredComponents (15ms)
	FinalizeReload (2419ms)
		ReleaseScriptCaches (0ms)
		RebuildScriptCaches (0ms)
		SetupLoadedEditorAssemblies (916ms)
			LogAssemblyErrors (0ms)
			InitializePlatformSupportModulesInManaged (69ms)
			SetLoadedEditorAssemblies (11ms)
			RefreshPlugins (0ms)
			BeforeProcessingInitializeOnLoad (136ms)
			ProcessInitializeOnLoadAttributes (620ms)
			ProcessInitializeOnLoadMethodAttributes (76ms)
			AfterProcessingInitializeOnLoad (3ms)
			EditorAssembliesLoaded (0ms)
		ExecutionOrderSort2 (0ms)
		AwakeInstancesAfterBackupRestoration (22ms)
Refreshing native plugins compatible for Editor in 7.77 ms, found 3 plugins.
Preloading 0 native plugins for Editor in 0.00 ms.
Unloading 4325 Unused Serialized files (Serialized files now loaded: 0)
Unloading 19 unused Assets / (31.3 KB). Loaded Objects now: 4876.
Memory consumption went from 219.6 MB to 219.6 MB.
Total: 7.053741 ms (FindLiveObjects: 0.445925 ms CreateObjectMapping: 0.496873 ms MarkObjects: 6.037008 ms  DeleteObjects: 0.072564 ms)

Prepare: number of updated asset objects reloaded= 0
AssetImportParameters requested are different than current active one (requested -> active):
  custom:container-demuxer-ogg: 62fdf1f143b41e24485cea50d1cbac27 -> 
  custom:scripting/monoscript/fileName/Guest Mode.cs: 14bb294407ae9216b25ce15ea82c36c5 -> 
  custom:video-decoder-ogg-theora: a1e56fd34408186e4bbccfd4996cb3dc -> 
  custom:CustomObjectIndexerAttribute: 9a22284fe3817be447336de3de66b15e -> 
  custom:container-demuxer-webm: 4f35f7cbe854078d1ac9338744f61a02 -> 
  custom:container-muxer-webm: aa71ff27fc2769a1b78a27578f13a17b -> 
  custom:video-decoder-webm-vp8: 9c59270c3fd7afecdb556c50c9e8de78 -> 
  custom:SearchIndexIgnoredProperties: e643bd26f0fe6173181afceb89e7c659 -> 
  custom:AudioImporter_EditorPlatform: 3918e3fc78b5a79bad01e8451be0beb8 -> 
  custom:framework-osx-AVFoundation: e770b220cccbd017edd2c1fefb359320 -> 
  custom:video-encoder-webm-vp8: eb34c28f22e8b96e1ab97ce403110664 -> 
  custom:audio-decoder-ogg-vorbis: bf7c407c2cedff20999df2af8eb42d56 -> 
  custom:audio-encoder-webm-vorbis: bf7c407c2cedff20999df2af8eb42d56 -> 
  custom:scripting/precompiled-assembly-types:Assembly-CSharp: 74cfa10d7708b0e5310e90397328ec8d -> 69ea2203ffb79dbff4b01d4dabda315f
========================================================================
Received Prepare
Caller must complete domain reload
 #0 GetStacktrace(int)
 #1 DebugStringToFile(DebugStringToFileData const&)
 #2 AssertImplementation(int, char const*, int, int, char const*)
 #3 Internal_ADB_WorkerOnly_DomainReload(AssemblyLoadReason)
 #4 WorkerDomainReloadV2()
 #5 AssetImportWorkerClient::ReloadMonoDomain(AssetResolver&)
 #6 invocation function for block in AssetImportWorkerClient::HandleMessage(PrepareMessage const&)::$_4::operator()() const
 #7 _dispatch_client_callout
 #8 _dispatch_async_and_wait_invoke
 #9 _dispatch_client_callout
 #10 _dispatch_main_queue_drain
 #11 _dispatch_main_queue_callback_4CF
 #12 __CFRUNLOOP_IS_SERVICING_THE_MAIN_DISPATCH_QUEUE__
 #13 __CFRunLoopRun
 #14 CFRunLoopRunSpecific
 #15 RunCurrentEventLoopInMode
 #16 ReceiveNextEventCommon
 #17 _BlockUntilNextEventMatchingListInModeWithFilter
 #18 _DPSNextEvent
 #19 -[NSApplication(NSEvent) _nextEventMatchingEventMask:untilDate:inMode:dequeue:]
 #20 -[NSApplication run]
 #21 NSApplicationMain
 #22 EditorMain(int, char const**)
 #23 main
 #24 start

Begin MonoManager ReloadAssembly
- Loaded All Assemblies, in  0.928 seconds
Native extension for WindowsStandalone target not found
Native extension for iOS target not found
Native extension for Android target not found
Native extension for OSXStandalone target not found
Mono: successfully reloaded assembly
[Package Manager] Server::EnsureServerProcessIsRunning -- launch failed, reason: Unity was launched with the -noUpm command-line argument
[Package Manager] UpmClient::Send -- Unable to send message (not connected to UPM process).
[Package Manager] Cannot connect to Unity Package Manager local server
- Finished resetting the current domain, in  2.383 seconds
Domain Reload Profiling: 3310ms
	BeginReloadAssembly (316ms)
		ExecutionOrderSort (0ms)
		DisableScriptedObjects (20ms)
		BackupInstance (0ms)
		ReleaseScriptingObjects (0ms)
		CreateAndSetChildDomain (78ms)
	RebuildCommonClasses (65ms)
	RebuildNativeTypeToScriptingClass (22ms)
	initialDomainReloadingComplete (42ms)
	LoadAllAssembliesAndSetupDomain (482ms)
		LoadAssemblies (632ms)
		RebuildTransferFunctionScriptingTraits (0ms)
		AnalyzeDomain (27ms)
			TypeCache.Refresh (10ms)
				TypeCache.ScanAssembly (0ms)
			ScanForSourceGeneratedMonoScriptInfo (0ms)
			ResolveRequiredComponents (14ms)
	FinalizeReload (2383ms)
		ReleaseScriptCaches (0ms)
		RebuildScriptCaches (0ms)
		SetupLoadedEditorAssemblies (793ms)
			LogAssemblyErrors (0ms)
			InitializePlatformSupportModulesInManaged (59ms)
			SetLoadedEditorAssemblies (10ms)
			RefreshPlugins (0ms)
			BeforeProcessingInitializeOnLoad (121ms)
			ProcessInitializeOnLoadAttributes (537ms)
			ProcessInitializeOnLoadMethodAttributes (62ms)
			AfterProcessingInitializeOnLoad (2ms)
			EditorAssembliesLoaded (0ms)
		ExecutionOrderSort2 (0ms)
		AwakeInstancesAfterBackupRestoration (17ms)
Refreshing native plugins compatible for Editor in 5.69 ms, found 3 plugins.
Preloading 0 native plugins for Editor in 0.00 ms.
Unloading 4325 Unused Serialized files (Serialized files now loaded: 0)
Unloading 19 unused Assets / (31.2 KB). Loaded Objects now: 4880.
Memory consumption went from 224.0 MB to 224.0 MB.
Total: 6.388090 ms (FindLiveObjects: 0.387457 ms CreateObjectMapping: 0.381150 ms MarkObjects: 5.545688 ms  DeleteObjects: 0.072265 ms)

Prepare: number of updated asset objects reloaded= 0
AssetImportParameters requested are different than current active one (requested -> active):
  custom:container-demuxer-ogg: 62fdf1f143b41e24485cea50d1cbac27 -> 
  custom:scripting/monoscript/fileName/Guest Mode.cs: 14bb294407ae9216b25ce15ea82c36c5 -> 
  custom:video-decoder-ogg-theora: a1e56fd34408186e4bbccfd4996cb3dc -> 
  custom:CustomObjectIndexerAttribute: 9a22284fe3817be447336de3de66b15e -> 
  custom:container-demuxer-webm: 4f35f7cbe854078d1ac9338744f61a02 -> 
  custom:container-muxer-webm: aa71ff27fc2769a1b78a27578f13a17b -> 
  custom:video-decoder-webm-vp8: 9c59270c3fd7afecdb556c50c9e8de78 -> 
  custom:SearchIndexIgnoredProperties: e643bd26f0fe6173181afceb89e7c659 -> 
  custom:AudioImporter_EditorPlatform: 3918e3fc78b5a79bad01e8451be0beb8 -> 
  custom:framework-osx-AVFoundation: e770b220cccbd017edd2c1fefb359320 -> 
  custom:video-encoder-webm-vp8: eb34c28f22e8b96e1ab97ce403110664 -> 
  custom:audio-decoder-ogg-vorbis: bf7c407c2cedff20999df2af8eb42d56 -> 
  custom:audio-encoder-webm-vorbis: bf7c407c2cedff20999df2af8eb42d56 -> 
  custom:scripting/precompiled-assembly-types:Assembly-CSharp: 74cfa10d7708b0e5310e90397328ec8d -> 69ea2203ffb79dbff4b01d4dabda315f
========================================================================
Received Prepare
Caller must complete domain reload
 #0 GetStacktrace(int)
 #1 DebugStringToFile(DebugStringToFileData const&)
 #2 AssertImplementation(int, char const*, int, int, char const*)
 #3 Internal_ADB_WorkerOnly_DomainReload(AssemblyLoadReason)
 #4 WorkerDomainReloadV2()
 #5 AssetImportWorkerClient::ReloadMonoDomain(AssetResolver&)
 #6 invocation function for block in AssetImportWorkerClient::HandleMessage(PrepareMessage const&)::$_4::operator()() const
 #7 _dispatch_client_callout
 #8 _dispatch_async_and_wait_invoke
 #9 _dispatch_client_callout
 #10 _dispatch_main_queue_drain
 #11 _dispatch_main_queue_callback_4CF
 #12 __CFRUNLOOP_IS_SERVICING_THE_MAIN_DISPATCH_QUEUE__
 #13 __CFRunLoopRun
 #14 CFRunLoopRunSpecific
 #15 RunCurrentEventLoopInMode
 #16 ReceiveNextEventCommon
 #17 _BlockUntilNextEventMatchingListInModeWithFilter
 #18 _DPSNextEvent
 #19 -[NSApplication(NSEvent) _nextEventMatchingEventMask:untilDate:inMode:dequeue:]
 #20 -[NSApplication run]
 #21 NSApplicationMain
 #22 EditorMain(int, char const**)
 #23 main
 #24 start

Begin MonoManager ReloadAssembly
- Loaded All Assemblies, in  0.815 seconds
Native extension for WindowsStandalone target not found
Native extension for iOS target not found
Native extension for Android target not found
Native extension for OSXStandalone target not found
Mono: successfully reloaded assembly
[Package Manager] Server::EnsureServerProcessIsRunning -- launch failed, reason: Unity was launched with the -noUpm command-line argument
[Package Manager] UpmClient::Send -- Unable to send message (not connected to UPM process).
[Package Manager] Cannot connect to Unity Package Manager local server
- Finished resetting the current domain, in  2.431 seconds
Domain Reload Profiling: 3246ms
	BeginReloadAssembly (257ms)
		ExecutionOrderSort (0ms)
		DisableScriptedObjects (20ms)
		BackupInstance (0ms)
		ReleaseScriptingObjects (0ms)
		CreateAndSetChildDomain (80ms)
	RebuildCommonClasses (65ms)
	RebuildNativeTypeToScriptingClass (21ms)
	initialDomainReloadingComplete (43ms)
	LoadAllAssembliesAndSetupDomain (427ms)
		LoadAssemblies (511ms)
		RebuildTransferFunctionScriptingTraits (0ms)
		AnalyzeDomain (30ms)
			TypeCache.Refresh (11ms)
				TypeCache.ScanAssembly (0ms)
			ScanForSourceGeneratedMonoScriptInfo (0ms)
			ResolveRequiredComponents (17ms)
	FinalizeReload (2432ms)
		ReleaseScriptCaches (0ms)
		RebuildScriptCaches (0ms)
		SetupLoadedEditorAssemblies (770ms)
			LogAssemblyErrors (0ms)
			InitializePlatformSupportModulesInManaged (58ms)
			SetLoadedEditorAssemblies (9ms)
			RefreshPlugins (0ms)
			BeforeProcessingInitializeOnLoad (117ms)
			ProcessInitializeOnLoadAttributes (520ms)
			ProcessInitializeOnLoadMethodAttributes (62ms)
			AfterProcessingInitializeOnLoad (3ms)
			EditorAssembliesLoaded (1ms)
		ExecutionOrderSort2 (0ms)
		AwakeInstancesAfterBackupRestoration (20ms)
Refreshing native plugins compatible for Editor in 12.27 ms, found 3 plugins.
Preloading 0 native plugins for Editor in 0.00 ms.
Unloading 4325 Unused Serialized files (Serialized files now loaded: 0)
Unloading 19 unused Assets / (31.2 KB). Loaded Objects now: 4884.
Memory consumption went from 228.4 MB to 228.3 MB.
Total: 5.908053 ms (FindLiveObjects: 0.403030 ms CreateObjectMapping: 0.424686 ms MarkObjects: 5.017572 ms  DeleteObjects: 0.061575 ms)

Prepare: number of updated asset objects reloaded= 0
AssetImportParameters requested are different than current active one (requested -> active):
  custom:container-demuxer-ogg: 62fdf1f143b41e24485cea50d1cbac27 -> 
  custom:scripting/monoscript/fileName/Guest Mode.cs: 14bb294407ae9216b25ce15ea82c36c5 -> 
  custom:video-decoder-ogg-theora: a1e56fd34408186e4bbccfd4996cb3dc -> 
  custom:CustomObjectIndexerAttribute: 9a22284fe3817be447336de3de66b15e -> 
  custom:container-demuxer-webm: 4f35f7cbe854078d1ac9338744f61a02 -> 
  custom:container-muxer-webm: aa71ff27fc2769a1b78a27578f13a17b -> 
  custom:video-decoder-webm-vp8: 9c59270c3fd7afecdb556c50c9e8de78 -> 
  custom:SearchIndexIgnoredProperties: e643bd26f0fe6173181afceb89e7c659 -> 
  custom:AudioImporter_EditorPlatform: 3918e3fc78b5a79bad01e8451be0beb8 -> 
  custom:framework-osx-AVFoundation: e770b220cccbd017edd2c1fefb359320 -> 
  custom:video-encoder-webm-vp8: eb34c28f22e8b96e1ab97ce403110664 -> 
  custom:audio-decoder-ogg-vorbis: bf7c407c2cedff20999df2af8eb42d56 -> 
  custom:audio-encoder-webm-vorbis: bf7c407c2cedff20999df2af8eb42d56 -> 
  custom:scripting/precompiled-assembly-types:Assembly-CSharp: 74cfa10d7708b0e5310e90397328ec8d -> 69ea2203ffb79dbff4b01d4dabda315f
========================================================================
Received Prepare
Caller must complete domain reload
 #0 GetStacktrace(int)
 #1 DebugStringToFile(DebugStringToFileData const&)
 #2 AssertImplementation(int, char const*, int, int, char const*)
 #3 Internal_ADB_WorkerOnly_DomainReload(AssemblyLoadReason)
 #4 WorkerDomainReloadV2()
 #5 AssetImportWorkerClient::ReloadMonoDomain(AssetResolver&)
 #6 invocation function for block in AssetImportWorkerClient::HandleMessage(PrepareMessage const&)::$_4::operator()() const
 #7 _dispatch_client_callout
 #8 _dispatch_async_and_wait_invoke
 #9 _dispatch_client_callout
 #10 _dispatch_main_queue_drain
 #11 _dispatch_main_queue_callback_4CF
 #12 __CFRUNLOOP_IS_SERVICING_THE_MAIN_DISPATCH_QUEUE__
 #13 __CFRunLoopRun
 #14 CFRunLoopRunSpecific
 #15 RunCurrentEventLoopInMode
 #16 ReceiveNextEventCommon
 #17 _BlockUntilNextEventMatchingListInModeWithFilter
 #18 _DPSNextEvent
 #19 -[NSApplication(NSEvent) _nextEventMatchingEventMask:untilDate:inMode:dequeue:]
 #20 -[NSApplication run]
 #21 NSApplicationMain
 #22 EditorMain(int, char const**)
 #23 main
 #24 start

Begin MonoManager ReloadAssembly
- Loaded All Assemblies, in  1.007 seconds
Native extension for WindowsStandalone target not found
Native extension for iOS target not found
Native extension for Android target not found
Native extension for OSXStandalone target not found
Mono: successfully reloaded assembly
[Package Manager] Server::EnsureServerProcessIsRunning -- launch failed, reason: Unity was launched with the -noUpm command-line argument
[Package Manager] UpmClient::Send -- Unable to send message (not connected to UPM process).
[Package Manager] Cannot connect to Unity Package Manager local server
- Finished resetting the current domain, in  2.452 seconds
Domain Reload Profiling: 3458ms
	BeginReloadAssembly (308ms)
		ExecutionOrderSort (0ms)
		DisableScriptedObjects (25ms)
		BackupInstance (0ms)
		ReleaseScriptingObjects (0ms)
		CreateAndSetChildDomain (100ms)
	RebuildCommonClasses (85ms)
	RebuildNativeTypeToScriptingClass (25ms)
	initialDomainReloadingComplete (50ms)
	LoadAllAssembliesAndSetupDomain (536ms)
		LoadAssemblies (606ms)
		RebuildTransferFunctionScriptingTraits (0ms)
		AnalyzeDomain (65ms)
			TypeCache.Refresh (24ms)
				TypeCache.ScanAssembly (5ms)
			ScanForSourceGeneratedMonoScriptInfo (23ms)
			ResolveRequiredComponents (14ms)
	FinalizeReload (2452ms)
		ReleaseScriptCaches (0ms)
		RebuildScriptCaches (0ms)
		SetupLoadedEditorAssemblies (888ms)
			LogAssemblyErrors (0ms)
			InitializePlatformSupportModulesInManaged (66ms)
			SetLoadedEditorAssemblies (9ms)
			RefreshPlugins (0ms)
			BeforeProcessingInitializeOnLoad (129ms)
			ProcessInitializeOnLoadAttributes (606ms)
			ProcessInitializeOnLoadMethodAttributes (74ms)
			AfterProcessingInitializeOnLoad (3ms)
			EditorAssembliesLoaded (1ms)
		ExecutionOrderSort2 (0ms)
		AwakeInstancesAfterBackupRestoration (21ms)
Refreshing native plugins compatible for Editor in 4.79 ms, found 3 plugins.
Preloading 0 native plugins for Editor in 0.00 ms.
Unloading 4325 Unused Serialized files (Serialized files now loaded: 0)
Unloading 19 unused Assets / (31.2 KB). Loaded Objects now: 4888.
Memory consumption went from 232.7 MB to 232.7 MB.
Total: 5.715966 ms (FindLiveObjects: 0.412684 ms CreateObjectMapping: 0.407936 ms MarkObjects: 4.826352 ms  DeleteObjects: 0.067786 ms)

Prepare: number of updated asset objects reloaded= 0
AssetImportParameters requested are different than current active one (requested -> active):
  custom:container-demuxer-ogg: 62fdf1f143b41e24485cea50d1cbac27 -> 
  custom:scripting/monoscript/fileName/Guest Mode.cs: 14bb294407ae9216b25ce15ea82c36c5 -> 
  custom:video-decoder-ogg-theora: a1e56fd34408186e4bbccfd4996cb3dc -> 
  custom:CustomObjectIndexerAttribute: 9a22284fe3817be447336de3de66b15e -> 
  custom:container-demuxer-webm: 4f35f7cbe854078d1ac9338744f61a02 -> 
  custom:container-muxer-webm: aa71ff27fc2769a1b78a27578f13a17b -> 
  custom:video-decoder-webm-vp8: 9c59270c3fd7afecdb556c50c9e8de78 -> 
  custom:SearchIndexIgnoredProperties: e643bd26f0fe6173181afceb89e7c659 -> 
  custom:AudioImporter_EditorPlatform: 3918e3fc78b5a79bad01e8451be0beb8 -> 
  custom:framework-osx-AVFoundation: e770b220cccbd017edd2c1fefb359320 -> 
  custom:video-encoder-webm-vp8: eb34c28f22e8b96e1ab97ce403110664 -> 
  custom:audio-decoder-ogg-vorbis: bf7c407c2cedff20999df2af8eb42d56 -> 
  custom:audio-encoder-webm-vorbis: bf7c407c2cedff20999df2af8eb42d56 -> 
  custom:scripting/precompiled-assembly-types:Assembly-CSharp: 74cfa10d7708b0e5310e90397328ec8d -> 69ea2203ffb79dbff4b01d4dabda315f
========================================================================
Received Prepare
Caller must complete domain reload
 #0 GetStacktrace(int)
 #1 DebugStringToFile(DebugStringToFileData const&)
 #2 AssertImplementation(int, char const*, int, int, char const*)
 #3 Internal_ADB_WorkerOnly_DomainReload(AssemblyLoadReason)
 #4 WorkerDomainReloadV2()
 #5 AssetImportWorkerClient::ReloadMonoDomain(AssetResolver&)
 #6 invocation function for block in AssetImportWorkerClient::HandleMessage(PrepareMessage const&)::$_4::operator()() const
 #7 _dispatch_client_callout
 #8 _dispatch_async_and_wait_invoke
 #9 _dispatch_client_callout
 #10 _dispatch_main_queue_drain
 #11 _dispatch_main_queue_callback_4CF
 #12 __CFRUNLOOP_IS_SERVICING_THE_MAIN_DISPATCH_QUEUE__
 #13 __CFRunLoopRun
 #14 CFRunLoopRunSpecific
 #15 RunCurrentEventLoopInMode
 #16 ReceiveNextEventCommon
 #17 _BlockUntilNextEventMatchingListInModeWithFilter
 #18 _DPSNextEvent
 #19 -[NSApplication(NSEvent) _nextEventMatchingEventMask:untilDate:inMode:dequeue:]
 #20 -[NSApplication run]
 #21 NSApplicationMain
 #22 EditorMain(int, char const**)
 #23 main
 #24 start

Begin MonoManager ReloadAssembly
- Loaded All Assemblies, in  0.770 seconds
Native extension for WindowsStandalone target not found
Native extension for iOS target not found
Native extension for Android target not found
Native extension for OSXStandalone target not found
Mono: successfully reloaded assembly
[Package Manager] Server::EnsureServerProcessIsRunning -- launch failed, reason: Unity was launched with the -noUpm command-line argument
[Package Manager] UpmClient::Send -- Unable to send message (not connected to UPM process).
[Package Manager] Cannot connect to Unity Package Manager local server
- Finished resetting the current domain, in  1.502 seconds
Domain Reload Profiling: 2271ms
	BeginReloadAssembly (250ms)
		ExecutionOrderSort (0ms)
		DisableScriptedObjects (19ms)
		BackupInstance (0ms)
		ReleaseScriptingObjects (0ms)
		CreateAndSetChildDomain (79ms)
	RebuildCommonClasses (65ms)
	RebuildNativeTypeToScriptingClass (21ms)
	initialDomainReloadingComplete (42ms)
	LoadAllAssembliesAndSetupDomain (390ms)
		LoadAssemblies (474ms)
		RebuildTransferFunctionScriptingTraits (0ms)
		AnalyzeDomain (27ms)
			TypeCache.Refresh (9ms)
				TypeCache.ScanAssembly (0ms)
			ScanForSourceGeneratedMonoScriptInfo (0ms)
			ResolveRequiredComponents (14ms)
	FinalizeReload (1503ms)
		ReleaseScriptCaches (0ms)
		RebuildScriptCaches (0ms)
		SetupLoadedEditorAssemblies (779ms)
			LogAssemblyErrors (0ms)
			InitializePlatformSupportModulesInManaged (59ms)
			SetLoadedEditorAssemblies (9ms)
			RefreshPlugins (0ms)
			BeforeProcessingInitializeOnLoad (115ms)
			ProcessInitializeOnLoadAttributes (520ms)
			ProcessInitializeOnLoadMethodAttributes (73ms)
			AfterProcessingInitializeOnLoad (3ms)
			EditorAssembliesLoaded (0ms)
		ExecutionOrderSort2 (0ms)
		AwakeInstancesAfterBackupRestoration (19ms)
Refreshing native plugins compatible for Editor in 5.36 ms, found 3 plugins.
Preloading 0 native plugins for Editor in 0.00 ms.
Unloading 4325 Unused Serialized files (Serialized files now loaded: 0)
Unloading 19 unused Assets / (31.3 KB). Loaded Objects now: 4892.
Memory consumption went from 237.1 MB to 237.0 MB.
Total: 5.792922 ms (FindLiveObjects: 0.418213 ms CreateObjectMapping: 0.402720 ms MarkObjects: 4.915297 ms  DeleteObjects: 0.055473 ms)

Prepare: number of updated asset objects reloaded= 0
AssetImportParameters requested are different than current active one (requested -> active):
  custom:container-demuxer-ogg: 62fdf1f143b41e24485cea50d1cbac27 -> 
  custom:scripting/monoscript/fileName/Guest Mode.cs: 14bb294407ae9216b25ce15ea82c36c5 -> 
  custom:video-decoder-ogg-theora: a1e56fd34408186e4bbccfd4996cb3dc -> 
  custom:CustomObjectIndexerAttribute: 9a22284fe3817be447336de3de66b15e -> 
  custom:container-demuxer-webm: 4f35f7cbe854078d1ac9338744f61a02 -> 
  custom:container-muxer-webm: aa71ff27fc2769a1b78a27578f13a17b -> 
  custom:video-decoder-webm-vp8: 9c59270c3fd7afecdb556c50c9e8de78 -> 
  custom:SearchIndexIgnoredProperties: e643bd26f0fe6173181afceb89e7c659 -> 
  custom:AudioImporter_EditorPlatform: 3918e3fc78b5a79bad01e8451be0beb8 -> 
  custom:framework-osx-AVFoundation: e770b220cccbd017edd2c1fefb359320 -> 
  custom:video-encoder-webm-vp8: eb34c28f22e8b96e1ab97ce403110664 -> 
  custom:audio-decoder-ogg-vorbis: bf7c407c2cedff20999df2af8eb42d56 -> 
  custom:audio-encoder-webm-vorbis: bf7c407c2cedff20999df2af8eb42d56 -> 
  custom:scripting/precompiled-assembly-types:Assembly-CSharp: 74cfa10d7708b0e5310e90397328ec8d -> 69ea2203ffb79dbff4b01d4dabda315f
========================================================================
Received Import Request.
  Time since last request: 656.679062 seconds.
  path: Assets/Sprite/Main Menu/logout.png
  artifactKey: Guid(7ac90402a2a984beaa4f0ca5c997964e) Importer(815301076,1909f56bfc062723c751e8b465ee728b)
Start importing Assets/Sprite/Main Menu/logout.png using Guid(7ac90402a2a984beaa4f0ca5c997964e) Importer(815301076,1909f56bfc062723c751e8b465ee728b) [PhysX] Initialized MultithreadedTaskDispatcher with 8 workers.
WARNING: RGBA Compressed ASTC6X6 UNorm format is not supported, decompressing texture
[PhysX] Initialized MultithreadedTaskDispatcher with 8 workers.
 -> (artifact id: 'f5f05127e8107750a846d1b5be39d6a6') in 0.131494 seconds
Number of updated asset objects reloaded before import = 0
Number of asset objects unloaded after import = 3
========================================================================
Received Import Request.
  Time since last request: 7.757947 seconds.
  path: Assets/Scenes/Menu/Main Menu.unity
  artifactKey: Guid(9919c6d3d994f4626b32bf63780ff9ce) Importer(815301076,1909f56bfc062723c751e8b465ee728b)
Start importing Assets/Scenes/Menu/Main Menu.unity using Guid(9919c6d3d994f4626b32bf63780ff9ce) Importer(815301076,1909f56bfc062723c751e8b465ee728b) [PhysX] Initialized MultithreadedTaskDispatcher with 8 workers.
 -> (artifact id: '048f10575f105430e440dd30b155ea5b') in 0.000981 seconds
Number of updated asset objects reloaded before import = 0
Number of asset objects unloaded after import = 0
========================================================================
Received Import Request.
  Time since last request: 29.009287 seconds.
  path: Assets/Sprite/Main Menu/logout.png
  artifactKey: Guid(7ac90402a2a984beaa4f0ca5c997964e) Importer(815301076,1909f56bfc062723c751e8b465ee728b)
Start importing Assets/Sprite/Main Menu/logout.png using Guid(7ac90402a2a984beaa4f0ca5c997964e) Importer(815301076,1909f56bfc062723c751e8b465ee728b) [PhysX] Initialized MultithreadedTaskDispatcher with 8 workers.
[PhysX] Initialized MultithreadedTaskDispatcher with 8 workers.
 -> (artifact id: '41ca60f25d0e87d3c4db03cb00cd2169') in 0.026616 seconds
Number of updated asset objects reloaded before import = 0
Number of asset objects unloaded after import = 2
========================================================================
Received Import Request.
  Time since last request: 28.042414 seconds.
  path: Assets/Sprite/Main Menu/logout.png
  artifactKey: Guid(7ac90402a2a984beaa4f0ca5c997964e) Importer(815301076,1909f56bfc062723c751e8b465ee728b)
Start importing Assets/Sprite/Main Menu/logout.png using Guid(7ac90402a2a984beaa4f0ca5c997964e) Importer(815301076,1909f56bfc062723c751e8b465ee728b) [PhysX] Initialized MultithreadedTaskDispatcher with 8 workers.
[PhysX] Initialized MultithreadedTaskDispatcher with 8 workers.
 -> (artifact id: '135e5501a7dd7b400f0efd73d07455bb') in 0.033411 seconds
Number of updated asset objects reloaded before import = 0
Number of asset objects unloaded after import = 3
========================================================================
Received Prepare
Caller must complete domain reload
 #0 GetStacktrace(int)
 #1 DebugStringToFile(DebugStringToFileData const&)
 #2 AssertImplementation(int, char const*, int, int, char const*)
 #3 Internal_ADB_WorkerOnly_DomainReload(AssemblyLoadReason)
 #4 WorkerDomainReloadV2()
 #5 AssetImportWorkerClient::ReloadMonoDomain(AssetResolver&)
 #6 invocation function for block in AssetImportWorkerClient::HandleMessage(PrepareMessage const&)::$_4::operator()() const
 #7 _dispatch_client_callout
 #8 _dispatch_async_and_wait_invoke
 #9 _dispatch_client_callout
 #10 _dispatch_main_queue_drain
 #11 _dispatch_main_queue_callback_4CF
 #12 __CFRUNLOOP_IS_SERVICING_THE_MAIN_DISPATCH_QUEUE__
 #13 __CFRunLoopRun
 #14 CFRunLoopRunSpecific
 #15 RunCurrentEventLoopInMode
 #16 ReceiveNextEventCommon
 #17 _BlockUntilNextEventMatchingListInModeWithFilter
 #18 _DPSNextEvent
 #19 -[NSApplication(NSEvent) _nextEventMatchingEventMask:untilDate:inMode:dequeue:]
 #20 -[NSApplication run]
 #21 NSApplicationMain
 #22 EditorMain(int, char const**)
 #23 main
 #24 start

Begin MonoManager ReloadAssembly
- Loaded All Assemblies, in  1.277 seconds
Native extension for WindowsStandalone target not found
Native extension for iOS target not found
Native extension for Android target not found
Native extension for OSXStandalone target not found
Mono: successfully reloaded assembly
[Package Manager] Server::EnsureServerProcessIsRunning -- launch failed, reason: Unity was launched with the -noUpm command-line argument
[Package Manager] UpmClient::Send -- Unable to send message (not connected to UPM process).
[Package Manager] Cannot connect to Unity Package Manager local server
- Finished resetting the current domain, in  2.770 seconds
Domain Reload Profiling: 4047ms
	BeginReloadAssembly (382ms)
		ExecutionOrderSort (0ms)
		DisableScriptedObjects (29ms)
		BackupInstance (0ms)
		ReleaseScriptingObjects (0ms)
		CreateAndSetChildDomain (115ms)
	RebuildCommonClasses (110ms)
	RebuildNativeTypeToScriptingClass (37ms)
	initialDomainReloadingComplete (48ms)
	LoadAllAssembliesAndSetupDomain (699ms)
		LoadAssemblies (849ms)
		RebuildTransferFunctionScriptingTraits (0ms)
		AnalyzeDomain (37ms)
			TypeCache.Refresh (13ms)
				TypeCache.ScanAssembly (0ms)
			ScanForSourceGeneratedMonoScriptInfo (0ms)
			ResolveRequiredComponents (19ms)
	FinalizeReload (2771ms)
		ReleaseScriptCaches (0ms)
		RebuildScriptCaches (0ms)
		SetupLoadedEditorAssemblies (1101ms)
			LogAssemblyErrors (0ms)
			InitializePlatformSupportModulesInManaged (118ms)
			SetLoadedEditorAssemblies (10ms)
			RefreshPlugins (0ms)
			BeforeProcessingInitializeOnLoad (131ms)
			ProcessInitializeOnLoadAttributes (746ms)
			ProcessInitializeOnLoadMethodAttributes (91ms)
			AfterProcessingInitializeOnLoad (4ms)
			EditorAssembliesLoaded (1ms)
		ExecutionOrderSort2 (0ms)
		AwakeInstancesAfterBackupRestoration (25ms)
Refreshing native plugins compatible for Editor in 13.11 ms, found 3 plugins.
Preloading 0 native plugins for Editor in 0.00 ms.
Unloading 4324 Unused Serialized files (Serialized files now loaded: 0)
Unloading 19 unused Assets / (31.3 KB). Loaded Objects now: 4898.
Memory consumption went from 241.7 MB to 241.6 MB.
Total: 5.756527 ms (FindLiveObjects: 0.392021 ms CreateObjectMapping: 0.415190 ms MarkObjects: 4.887070 ms  DeleteObjects: 0.060802 ms)

Prepare: number of updated asset objects reloaded= 0
AssetImportParameters requested are different than current active one (requested -> active):
  custom:container-demuxer-ogg: 62fdf1f143b41e24485cea50d1cbac27 -> 
  custom:scripting/monoscript/fileName/Guest Mode.cs: 14bb294407ae9216b25ce15ea82c36c5 -> 
  custom:video-decoder-ogg-theora: a1e56fd34408186e4bbccfd4996cb3dc -> 
  custom:CustomObjectIndexerAttribute: 9a22284fe3817be447336de3de66b15e -> 
  custom:container-demuxer-webm: 4f35f7cbe854078d1ac9338744f61a02 -> 
  custom:container-muxer-webm: aa71ff27fc2769a1b78a27578f13a17b -> 
  custom:video-decoder-webm-vp8: 9c59270c3fd7afecdb556c50c9e8de78 -> 
  custom:SearchIndexIgnoredProperties: e643bd26f0fe6173181afceb89e7c659 -> 
  custom:AudioImporter_EditorPlatform: 3918e3fc78b5a79bad01e8451be0beb8 -> 
  custom:framework-osx-AVFoundation: e770b220cccbd017edd2c1fefb359320 -> 
  custom:video-encoder-webm-vp8: eb34c28f22e8b96e1ab97ce403110664 -> 
  custom:audio-decoder-ogg-vorbis: bf7c407c2cedff20999df2af8eb42d56 -> 
  custom:audio-encoder-webm-vorbis: bf7c407c2cedff20999df2af8eb42d56 -> 
  custom:scripting/precompiled-assembly-types:Assembly-CSharp: 74cfa10d7708b0e5310e90397328ec8d -> 69ea2203ffb79dbff4b01d4dabda315f
========================================================================
Received Prepare
Caller must complete domain reload
 #0 GetStacktrace(int)
 #1 DebugStringToFile(DebugStringToFileData const&)
 #2 AssertImplementation(int, char const*, int, int, char const*)
 #3 Internal_ADB_WorkerOnly_DomainReload(AssemblyLoadReason)
 #4 WorkerDomainReloadV2()
 #5 AssetImportWorkerClient::ReloadMonoDomain(AssetResolver&)
 #6 invocation function for block in AssetImportWorkerClient::HandleMessage(PrepareMessage const&)::$_4::operator()() const
 #7 _dispatch_client_callout
 #8 _dispatch_async_and_wait_invoke
 #9 _dispatch_client_callout
 #10 _dispatch_main_queue_drain
 #11 _dispatch_main_queue_callback_4CF
 #12 __CFRUNLOOP_IS_SERVICING_THE_MAIN_DISPATCH_QUEUE__
 #13 __CFRunLoopRun
 #14 CFRunLoopRunSpecific
 #15 RunCurrentEventLoopInMode
 #16 ReceiveNextEventCommon
 #17 _BlockUntilNextEventMatchingListInModeWithFilter
 #18 _DPSNextEvent
 #19 -[NSApplication(NSEvent) _nextEventMatchingEventMask:untilDate:inMode:dequeue:]
 #20 -[NSApplication run]
 #21 NSApplicationMain
 #22 EditorMain(int, char const**)
 #23 main
 #24 start

Begin MonoManager ReloadAssembly
- Loaded All Assemblies, in  1.109 seconds
Native extension for WindowsStandalone target not found
Native extension for iOS target not found
Native extension for Android target not found
Native extension for OSXStandalone target not found
Mono: successfully reloaded assembly
[Package Manager] Server::EnsureServerProcessIsRunning -- launch failed, reason: Unity was launched with the -noUpm command-line argument
[Package Manager] UpmClient::Send -- Unable to send message (not connected to UPM process).
[Package Manager] Cannot connect to Unity Package Manager local server
- Finished resetting the current domain, in  2.225 seconds
Domain Reload Profiling: 3335ms
	BeginReloadAssembly (376ms)
		ExecutionOrderSort (0ms)
		DisableScriptedObjects (22ms)
		BackupInstance (0ms)
		ReleaseScriptingObjects (0ms)
		CreateAndSetChildDomain (112ms)
	RebuildCommonClasses (70ms)
	RebuildNativeTypeToScriptingClass (25ms)
	initialDomainReloadingComplete (123ms)
	LoadAllAssembliesAndSetupDomain (516ms)
		LoadAssemblies (675ms)
		RebuildTransferFunctionScriptingTraits (0ms)
		AnalyzeDomain (40ms)
			TypeCache.Refresh (15ms)
				TypeCache.ScanAssembly (0ms)
			ScanForSourceGeneratedMonoScriptInfo (0ms)
			ResolveRequiredComponents (20ms)
	FinalizeReload (2225ms)
		ReleaseScriptCaches (0ms)
		RebuildScriptCaches (0ms)
		SetupLoadedEditorAssemblies (766ms)
			LogAssemblyErrors (0ms)
			InitializePlatformSupportModulesInManaged (62ms)
			SetLoadedEditorAssemblies (9ms)
			RefreshPlugins (0ms)
			BeforeProcessingInitializeOnLoad (110ms)
			ProcessInitializeOnLoadAttributes (519ms)
			ProcessInitializeOnLoadMethodAttributes (62ms)
			AfterProcessingInitializeOnLoad (2ms)
			EditorAssembliesLoaded (0ms)
		ExecutionOrderSort2 (0ms)
		AwakeInstancesAfterBackupRestoration (17ms)
Refreshing native plugins compatible for Editor in 4.22 ms, found 3 plugins.
Preloading 0 native plugins for Editor in 0.00 ms.
Unloading 4325 Unused Serialized files (Serialized files now loaded: 0)
Unloading 19 unused Assets / (31.4 KB). Loaded Objects now: 4902.
Memory consumption went from 246.2 MB to 246.1 MB.
Total: 6.597664 ms (FindLiveObjects: 0.468400 ms CreateObjectMapping: 0.492898 ms MarkObjects: 5.533041 ms  DeleteObjects: 0.102140 ms)

Prepare: number of updated asset objects reloaded= 0
AssetImportParameters requested are different than current active one (requested -> active):
  custom:container-demuxer-ogg: 62fdf1f143b41e24485cea50d1cbac27 -> 
  custom:scripting/monoscript/fileName/Guest Mode.cs: 14bb294407ae9216b25ce15ea82c36c5 -> 
  custom:video-decoder-ogg-theora: a1e56fd34408186e4bbccfd4996cb3dc -> 
  custom:CustomObjectIndexerAttribute: 9a22284fe3817be447336de3de66b15e -> 
  custom:container-demuxer-webm: 4f35f7cbe854078d1ac9338744f61a02 -> 
  custom:container-muxer-webm: aa71ff27fc2769a1b78a27578f13a17b -> 
  custom:video-decoder-webm-vp8: 9c59270c3fd7afecdb556c50c9e8de78 -> 
  custom:SearchIndexIgnoredProperties: e643bd26f0fe6173181afceb89e7c659 -> 
  custom:AudioImporter_EditorPlatform: 3918e3fc78b5a79bad01e8451be0beb8 -> 
  custom:framework-osx-AVFoundation: e770b220cccbd017edd2c1fefb359320 -> 
  custom:video-encoder-webm-vp8: eb34c28f22e8b96e1ab97ce403110664 -> 
  custom:audio-decoder-ogg-vorbis: bf7c407c2cedff20999df2af8eb42d56 -> 
  custom:audio-encoder-webm-vorbis: bf7c407c2cedff20999df2af8eb42d56 -> 
  custom:scripting/precompiled-assembly-types:Assembly-CSharp: 74cfa10d7708b0e5310e90397328ec8d -> 69ea2203ffb79dbff4b01d4dabda315f
========================================================================
Received Import Request.
  Time since last request: 1689.258107 seconds.
  path: Assets/Scenes/Levels/LevelThree 1.unity
  artifactKey: Guid(abf92ce5b660d43f081c7c5c981d6da3) Importer(815301076,1909f56bfc062723c751e8b465ee728b)
Start importing Assets/Scenes/Levels/LevelThree 1.unity using Guid(abf92ce5b660d43f081c7c5c981d6da3) Importer(815301076,1909f56bfc062723c751e8b465ee728b) [PhysX] Initialized MultithreadedTaskDispatcher with 8 workers.
 -> (artifact id: '4f0bbbe2017bdaca3678dae8716cedbf') in 0.003051 seconds
Number of updated asset objects reloaded before import = 0
Number of asset objects unloaded after import = 0
========================================================================
Received Import Request.
  Time since last request: 18.458192 seconds.
  path: Assets/Scenes/Levels/LevelThree Part 1.unity
  artifactKey: Guid(abf92ce5b660d43f081c7c5c981d6da3) Importer(815301076,1909f56bfc062723c751e8b465ee728b)
Start importing Assets/Scenes/Levels/LevelThree Part 1.unity using Guid(abf92ce5b660d43f081c7c5c981d6da3) Importer(815301076,1909f56bfc062723c751e8b465ee728b) [PhysX] Initialized MultithreadedTaskDispatcher with 8 workers.
 -> (artifact id: '507bf2dc73c9224e3ea4652a8c5e921e') in 0.000495 seconds
Number of updated asset objects reloaded before import = 0
Number of asset objects unloaded after import = 0
========================================================================
Received Import Request.
  Time since last request: 80.633012 seconds.
  path: Assets/Scenes/Levels/Key Room.unity
  artifactKey: Guid(2fe00830ca0c84db48febc378700990a) Importer(815301076,1909f56bfc062723c751e8b465ee728b)
Start importing Assets/Scenes/Levels/Key Room.unity using Guid(2fe00830ca0c84db48febc378700990a) Importer(815301076,1909f56bfc062723c751e8b465ee728b) [PhysX] Initialized MultithreadedTaskDispatcher with 8 workers.
 -> (artifact id: '30eec3545d047be347242f723a3753cb') in 0.000571 seconds
Number of updated asset objects reloaded before import = 0
Number of asset objects unloaded after import = 0
========================================================================
Received Import Request.
  Time since last request: 9.790875 seconds.
  path: Assets/Scenes/Levels/LevelThree Part 1.unity
  artifactKey: Guid(abf92ce5b660d43f081c7c5c981d6da3) Importer(815301076,1909f56bfc062723c751e8b465ee728b)
Start importing Assets/Scenes/Levels/LevelThree Part 1.unity using Guid(abf92ce5b660d43f081c7c5c981d6da3) Importer(815301076,1909f56bfc062723c751e8b465ee728b) [PhysX] Initialized MultithreadedTaskDispatcher with 8 workers.
 -> (artifact id: '1d803d39202b136dc2a35db847c2457b') in 0.001592 seconds
Number of updated asset objects reloaded before import = 0
Number of asset objects unloaded after import = 0
========================================================================
Received Import Request.
  Time since last request: 6.137156 seconds.
  path: Assets/Scenes/Menu/Level Select.unity
  artifactKey: Guid(fb3d99d5b622c4dbf94430d52436bb6d) Importer(815301076,1909f56bfc062723c751e8b465ee728b)
Start importing Assets/Scenes/Menu/Level Select.unity using Guid(fb3d99d5b622c4dbf94430d52436bb6d) Importer(815301076,1909f56bfc062723c751e8b465ee728b) [PhysX] Initialized MultithreadedTaskDispatcher with 8 workers.
 -> (artifact id: '7791d3730cc6752484a0f5e3c1a00212') in 0.000771 seconds
Number of updated asset objects reloaded before import = 0
Number of asset objects unloaded after import = 0
========================================================================
Received Import Request.
  Time since last request: 30.608836 seconds.
  path: Assets/Scenes/Levels/LevelThree.unity
  artifactKey: Guid(4a5b8e091b300441c8f37648ce30d1fd) Importer(815301076,1909f56bfc062723c751e8b465ee728b)
Start importing Assets/Scenes/Levels/LevelThree.unity using Guid(4a5b8e091b300441c8f37648ce30d1fd) Importer(815301076,1909f56bfc062723c751e8b465ee728b) [PhysX] Initialized MultithreadedTaskDispatcher with 8 workers.
 -> (artifact id: '8f41bd75c88c49b0ff0bcd74bdc33e0c') in 0.001775 seconds
Number of updated asset objects reloaded before import = 0
Number of asset objects unloaded after import = 0
========================================================================
Received Import Request.
  Time since last request: 17.419694 seconds.
  path: Assets/Scenes/Menu/Main Menu.unity
  artifactKey: Guid(9919c6d3d994f4626b32bf63780ff9ce) Importer(815301076,1909f56bfc062723c751e8b465ee728b)
Start importing Assets/Scenes/Menu/Main Menu.unity using Guid(9919c6d3d994f4626b32bf63780ff9ce) Importer(815301076,1909f56bfc062723c751e8b465ee728b) [PhysX] Initialized MultithreadedTaskDispatcher with 8 workers.
 -> (artifact id: '557e328db9673b3c03b902551b518a81') in 0.000601 seconds
Number of updated asset objects reloaded before import = 0
Number of asset objects unloaded after import = 0
========================================================================
Received Prepare
Caller must complete domain reload
 #0 GetStacktrace(int)
 #1 DebugStringToFile(DebugStringToFileData const&)
 #2 AssertImplementation(int, char const*, int, int, char const*)
 #3 Internal_ADB_WorkerOnly_DomainReload(AssemblyLoadReason)
 #4 WorkerDomainReloadV2()
 #5 AssetImportWorkerClient::ReloadMonoDomain(AssetResolver&)
 #6 invocation function for block in AssetImportWorkerClient::HandleMessage(PrepareMessage const&)::$_4::operator()() const
 #7 _dispatch_client_callout
 #8 _dispatch_async_and_wait_invoke
 #9 _dispatch_client_callout
 #10 _dispatch_main_queue_drain
 #11 _dispatch_main_queue_callback_4CF
 #12 __CFRUNLOOP_IS_SERVICING_THE_MAIN_DISPATCH_QUEUE__
 #13 __CFRunLoopRun
 #14 CFRunLoopRunSpecific
 #15 RunCurrentEventLoopInMode
 #16 ReceiveNextEventCommon
 #17 _BlockUntilNextEventMatchingListInModeWithFilter
 #18 _DPSNextEvent
 #19 -[NSApplication(NSEvent) _nextEventMatchingEventMask:untilDate:inMode:dequeue:]
 #20 -[NSApplication run]
 #21 NSApplicationMain
 #22 EditorMain(int, char const**)
 #23 main
 #24 start

Begin MonoManager ReloadAssembly
- Loaded All Assemblies, in  0.662 seconds
Native extension for WindowsStandalone target not found
Native extension for iOS target not found
Native extension for Android target not found
Native extension for OSXStandalone target not found
Mono: successfully reloaded assembly
[Package Manager] Server::EnsureServerProcessIsRunning -- launch failed, reason: Unity was launched with the -noUpm command-line argument
[Package Manager] UpmClient::Send -- Unable to send message (not connected to UPM process).
[Package Manager] Cannot connect to Unity Package Manager local server
- Finished resetting the current domain, in  2.182 seconds
Domain Reload Profiling: 2844ms
	BeginReloadAssembly (206ms)
		ExecutionOrderSort (0ms)
		DisableScriptedObjects (16ms)
		BackupInstance (0ms)
		ReleaseScriptingObjects (0ms)
		CreateAndSetChildDomain (66ms)
	RebuildCommonClasses (50ms)
	RebuildNativeTypeToScriptingClass (17ms)
	initialDomainReloadingComplete (33ms)
	LoadAllAssembliesAndSetupDomain (354ms)
		LoadAssemblies (423ms)
		RebuildTransferFunctionScriptingTraits (0ms)
		AnalyzeDomain (21ms)
			TypeCache.Refresh (7ms)
				TypeCache.ScanAssembly (0ms)
			ScanForSourceGeneratedMonoScriptInfo (0ms)
			ResolveRequiredComponents (11ms)
	FinalizeReload (2183ms)
		ReleaseScriptCaches (0ms)
		RebuildScriptCaches (0ms)
		SetupLoadedEditorAssemblies (722ms)
			LogAssemblyErrors (0ms)
			InitializePlatformSupportModulesInManaged (44ms)
			SetLoadedEditorAssemblies (7ms)
			RefreshPlugins (0ms)
			BeforeProcessingInitializeOnLoad (88ms)
			ProcessInitializeOnLoadAttributes (519ms)
			ProcessInitializeOnLoadMethodAttributes (60ms)
			AfterProcessingInitializeOnLoad (3ms)
			EditorAssembliesLoaded (1ms)
		ExecutionOrderSort2 (0ms)
		AwakeInstancesAfterBackupRestoration (17ms)
Refreshing native plugins compatible for Editor in 4.99 ms, found 3 plugins.
Preloading 0 native plugins for Editor in 0.00 ms.
Unloading 4324 Unused Serialized files (Serialized files now loaded: 0)
Unloading 19 unused Assets / (31.3 KB). Loaded Objects now: 4906.
Memory consumption went from 250.5 MB to 250.5 MB.
Total: 7.525373 ms (FindLiveObjects: 0.525735 ms CreateObjectMapping: 0.541724 ms MarkObjects: 6.354352 ms  DeleteObjects: 0.102022 ms)

Prepare: number of updated asset objects reloaded= 0
AssetImportParameters requested are different than current active one (requested -> active):
  custom:container-demuxer-ogg: 62fdf1f143b41e24485cea50d1cbac27 -> 
  custom:scripting/monoscript/fileName/Guest Mode.cs: 14bb294407ae9216b25ce15ea82c36c5 -> 
  custom:video-decoder-ogg-theora: a1e56fd34408186e4bbccfd4996cb3dc -> 
  custom:CustomObjectIndexerAttribute: 9a22284fe3817be447336de3de66b15e -> 
  custom:container-demuxer-webm: 4f35f7cbe854078d1ac9338744f61a02 -> 
  custom:container-muxer-webm: aa71ff27fc2769a1b78a27578f13a17b -> 
  custom:video-decoder-webm-vp8: 9c59270c3fd7afecdb556c50c9e8de78 -> 
  custom:SearchIndexIgnoredProperties: e643bd26f0fe6173181afceb89e7c659 -> 
  custom:AudioImporter_EditorPlatform: 3918e3fc78b5a79bad01e8451be0beb8 -> 
  custom:framework-osx-AVFoundation: e770b220cccbd017edd2c1fefb359320 -> 
  custom:video-encoder-webm-vp8: eb34c28f22e8b96e1ab97ce403110664 -> 
  custom:audio-decoder-ogg-vorbis: bf7c407c2cedff20999df2af8eb42d56 -> 
  custom:audio-encoder-webm-vorbis: bf7c407c2cedff20999df2af8eb42d56 -> 
  custom:scripting/precompiled-assembly-types:Assembly-CSharp: 74cfa10d7708b0e5310e90397328ec8d -> 69ea2203ffb79dbff4b01d4dabda315f
========================================================================
Received Prepare
Caller must complete domain reload
 #0 GetStacktrace(int)
 #1 DebugStringToFile(DebugStringToFileData const&)
 #2 AssertImplementation(int, char const*, int, int, char const*)
 #3 Internal_ADB_WorkerOnly_DomainReload(AssemblyLoadReason)
 #4 WorkerDomainReloadV2()
 #5 AssetImportWorkerClient::ReloadMonoDomain(AssetResolver&)
 #6 invocation function for block in AssetImportWorkerClient::HandleMessage(PrepareMessage const&)::$_4::operator()() const
 #7 _dispatch_client_callout
 #8 _dispatch_async_and_wait_invoke
 #9 _dispatch_client_callout
 #10 _dispatch_main_queue_drain
 #11 _dispatch_main_queue_callback_4CF
 #12 __CFRUNLOOP_IS_SERVICING_THE_MAIN_DISPATCH_QUEUE__
 #13 __CFRunLoopRun
 #14 CFRunLoopRunSpecific
 #15 RunCurrentEventLoopInMode
 #16 ReceiveNextEventCommon
 #17 _BlockUntilNextEventMatchingListInModeWithFilter
 #18 _DPSNextEvent
 #19 -[NSApplication(NSEvent) _nextEventMatchingEventMask:untilDate:inMode:dequeue:]
 #20 -[NSApplication run]
 #21 NSApplicationMain
 #22 EditorMain(int, char const**)
 #23 main
 #24 start

Begin MonoManager ReloadAssembly
- Loaded All Assemblies, in  0.636 seconds
Native extension for WindowsStandalone target not found
Native extension for iOS target not found
Native extension for Android target not found
Native extension for OSXStandalone target not found
Mono: successfully reloaded assembly
[Package Manager] Server::EnsureServerProcessIsRunning -- launch failed, reason: Unity was launched with the -noUpm command-line argument
[Package Manager] UpmClient::Send -- Unable to send message (not connected to UPM process).
[Package Manager] Cannot connect to Unity Package Manager local server
- Finished resetting the current domain, in  1.879 seconds
Domain Reload Profiling: 2514ms
	BeginReloadAssembly (202ms)
		ExecutionOrderSort (0ms)
		DisableScriptedObjects (15ms)
		BackupInstance (0ms)
		ReleaseScriptingObjects (0ms)
		CreateAndSetChildDomain (67ms)
	RebuildCommonClasses (50ms)
	RebuildNativeTypeToScriptingClass (16ms)
	initialDomainReloadingComplete (31ms)
	LoadAllAssembliesAndSetupDomain (335ms)
		LoadAssemblies (397ms)
		RebuildTransferFunctionScriptingTraits (0ms)
		AnalyzeDomain (21ms)
			TypeCache.Refresh (7ms)
				TypeCache.ScanAssembly (0ms)
			ScanForSourceGeneratedMonoScriptInfo (0ms)
			ResolveRequiredComponents (11ms)
	FinalizeReload (1879ms)
		ReleaseScriptCaches (0ms)
		RebuildScriptCaches (0ms)
		SetupLoadedEditorAssemblies (610ms)
			LogAssemblyErrors (0ms)
			InitializePlatformSupportModulesInManaged (43ms)
			SetLoadedEditorAssemblies (7ms)
			RefreshPlugins (0ms)
			BeforeProcessingInitializeOnLoad (95ms)
			ProcessInitializeOnLoadAttributes (414ms)
			ProcessInitializeOnLoadMethodAttributes (48ms)
			AfterProcessingInitializeOnLoad (2ms)
			EditorAssembliesLoaded (0ms)
		ExecutionOrderSort2 (0ms)
		AwakeInstancesAfterBackupRestoration (18ms)
Refreshing native plugins compatible for Editor in 4.15 ms, found 3 plugins.
Preloading 0 native plugins for Editor in 0.00 ms.
Unloading 4325 Unused Serialized files (Serialized files now loaded: 0)
Unloading 19 unused Assets / (31.3 KB). Loaded Objects now: 4910.
Memory consumption went from 255.1 MB to 255.1 MB.
Total: 5.741484 ms (FindLiveObjects: 0.406454 ms CreateObjectMapping: 0.528475 ms MarkObjects: 4.743724 ms  DeleteObjects: 0.061116 ms)

Prepare: number of updated asset objects reloaded= 0
AssetImportParameters requested are different than current active one (requested -> active):
  custom:container-demuxer-ogg: 62fdf1f143b41e24485cea50d1cbac27 -> 
  custom:scripting/monoscript/fileName/Guest Mode.cs: 14bb294407ae9216b25ce15ea82c36c5 -> 
  custom:video-decoder-ogg-theora: a1e56fd34408186e4bbccfd4996cb3dc -> 
  custom:CustomObjectIndexerAttribute: 9a22284fe3817be447336de3de66b15e -> 
  custom:container-demuxer-webm: 4f35f7cbe854078d1ac9338744f61a02 -> 
  custom:container-muxer-webm: aa71ff27fc2769a1b78a27578f13a17b -> 
  custom:video-decoder-webm-vp8: 9c59270c3fd7afecdb556c50c9e8de78 -> 
  custom:SearchIndexIgnoredProperties: e643bd26f0fe6173181afceb89e7c659 -> 
  custom:AudioImporter_EditorPlatform: 3918e3fc78b5a79bad01e8451be0beb8 -> 
  custom:framework-osx-AVFoundation: e770b220cccbd017edd2c1fefb359320 -> 
  custom:video-encoder-webm-vp8: eb34c28f22e8b96e1ab97ce403110664 -> 
  custom:audio-decoder-ogg-vorbis: bf7c407c2cedff20999df2af8eb42d56 -> 
  custom:audio-encoder-webm-vorbis: bf7c407c2cedff20999df2af8eb42d56 -> 
  custom:scripting/precompiled-assembly-types:Assembly-CSharp: 74cfa10d7708b0e5310e90397328ec8d -> 69ea2203ffb79dbff4b01d4dabda315f
========================================================================
Received Import Request.
  Time since last request: 199.573575 seconds.
  path: Assets/Scenes/Cutscene/Mission Brief #1.unity
  artifactKey: Guid(98288afd8b8284851a9df6283345b2fa) Importer(815301076,1909f56bfc062723c751e8b465ee728b)
Start importing Assets/Scenes/Cutscene/Mission Brief #1.unity using Guid(98288afd8b8284851a9df6283345b2fa) Importer(815301076,1909f56bfc062723c751e8b465ee728b) [PhysX] Initialized MultithreadedTaskDispatcher with 8 workers.
 -> (artifact id: 'd429007a09037bf5447d59beb1e6ca82') in 0.001952 seconds
Number of updated asset objects reloaded before import = 0
Number of asset objects unloaded after import = 0
========================================================================
Received Import Request.
  Time since last request: 20.567131 seconds.
  path: Assets/Scenes/Cutscene/Scene1.cs
  artifactKey: Guid(7d1d8cebb69fb4bae83d3ed06810f409) Importer(815301076,1909f56bfc062723c751e8b465ee728b)
Start importing Assets/Scenes/Cutscene/Scene1.cs using Guid(7d1d8cebb69fb4bae83d3ed06810f409) Importer(815301076,1909f56bfc062723c751e8b465ee728b) [PhysX] Initialized MultithreadedTaskDispatcher with 8 workers.
 -> (artifact id: '4b50c209d5f7d1eaf8f52f6486feb3a0') in 0.000843 seconds
Number of updated asset objects reloaded before import = 0
Number of asset objects unloaded after import = 0
========================================================================
Received Prepare
Caller must complete domain reload
 #0 GetStacktrace(int)
 #1 DebugStringToFile(DebugStringToFileData const&)
 #2 AssertImplementation(int, char const*, int, int, char const*)
 #3 Internal_ADB_WorkerOnly_DomainReload(AssemblyLoadReason)
 #4 WorkerDomainReloadV2()
 #5 AssetImportWorkerClient::ReloadMonoDomain(AssetResolver&)
 #6 invocation function for block in AssetImportWorkerClient::HandleMessage(PrepareMessage const&)::$_4::operator()() const
 #7 _dispatch_client_callout
 #8 _dispatch_async_and_wait_invoke
 #9 _dispatch_client_callout
 #10 _dispatch_main_queue_drain
 #11 _dispatch_main_queue_callback_4CF
 #12 __CFRUNLOOP_IS_SERVICING_THE_MAIN_DISPATCH_QUEUE__
 #13 __CFRunLoopRun
 #14 CFRunLoopRunSpecific
 #15 RunCurrentEventLoopInMode
 #16 ReceiveNextEventCommon
 #17 _BlockUntilNextEventMatchingListInModeWithFilter
 #18 _DPSNextEvent
 #19 -[NSApplication(NSEvent) _nextEventMatchingEventMask:untilDate:inMode:dequeue:]
 #20 -[NSApplication run]
 #21 NSApplicationMain
 #22 EditorMain(int, char const**)
 #23 main
 #24 start

Begin MonoManager ReloadAssembly
- Loaded All Assemblies, in  0.641 seconds
Native extension for WindowsStandalone target not found
Native extension for iOS target not found
Native extension for Android target not found
Native extension for OSXStandalone target not found
Mono: successfully reloaded assembly
[Package Manager] Server::EnsureServerProcessIsRunning -- launch failed, reason: Unity was launched with the -noUpm command-line argument
[Package Manager] UpmClient::Send -- Unable to send message (not connected to UPM process).
[Package Manager] Cannot connect to Unity Package Manager local server
- Finished resetting the current domain, in  1.811 seconds
Domain Reload Profiling: 2452ms
	BeginReloadAssembly (218ms)
		ExecutionOrderSort (0ms)
		DisableScriptedObjects (16ms)
		BackupInstance (0ms)
		ReleaseScriptingObjects (0ms)
		CreateAndSetChildDomain (77ms)
	RebuildCommonClasses (50ms)
	RebuildNativeTypeToScriptingClass (16ms)
	initialDomainReloadingComplete (32ms)
	LoadAllAssembliesAndSetupDomain (324ms)
		LoadAssemblies (394ms)
		RebuildTransferFunctionScriptingTraits (0ms)
		AnalyzeDomain (20ms)
			TypeCache.Refresh (7ms)
				TypeCache.ScanAssembly (0ms)
			ScanForSourceGeneratedMonoScriptInfo (0ms)
			ResolveRequiredComponents (10ms)
	FinalizeReload (1812ms)
		ReleaseScriptCaches (0ms)
		RebuildScriptCaches (0ms)
		SetupLoadedEditorAssemblies (569ms)
			LogAssemblyErrors (0ms)
			InitializePlatformSupportModulesInManaged (45ms)
			SetLoadedEditorAssemblies (7ms)
			RefreshPlugins (0ms)
			BeforeProcessingInitializeOnLoad (85ms)
			ProcessInitializeOnLoadAttributes (383ms)
			ProcessInitializeOnLoadMethodAttributes (46ms)
			AfterProcessingInitializeOnLoad (2ms)
			EditorAssembliesLoaded (0ms)
		ExecutionOrderSort2 (0ms)
		AwakeInstancesAfterBackupRestoration (13ms)
Refreshing native plugins compatible for Editor in 3.85 ms, found 3 plugins.
Preloading 0 native plugins for Editor in 0.00 ms.
Unloading 4324 Unused Serialized files (Serialized files now loaded: 0)
Unloading 19 unused Assets / (31.3 KB). Loaded Objects now: 4914.
Memory consumption went from 259.4 MB to 259.4 MB.
Total: 4.378442 ms (FindLiveObjects: 0.359384 ms CreateObjectMapping: 0.326464 ms MarkObjects: 3.642008 ms  DeleteObjects: 0.049738 ms)

Prepare: number of updated asset objects reloaded= 0
AssetImportParameters requested are different than current active one (requested -> active):
  custom:container-demuxer-ogg: 62fdf1f143b41e24485cea50d1cbac27 -> 
  custom:scripting/monoscript/fileName/Guest Mode.cs: 14bb294407ae9216b25ce15ea82c36c5 -> 
  custom:video-decoder-ogg-theora: a1e56fd34408186e4bbccfd4996cb3dc -> 
  custom:CustomObjectIndexerAttribute: 9a22284fe3817be447336de3de66b15e -> 
  custom:container-demuxer-webm: 4f35f7cbe854078d1ac9338744f61a02 -> 
  custom:container-muxer-webm: aa71ff27fc2769a1b78a27578f13a17b -> 
  custom:video-decoder-webm-vp8: 9c59270c3fd7afecdb556c50c9e8de78 -> 
  custom:SearchIndexIgnoredProperties: e643bd26f0fe6173181afceb89e7c659 -> 
  custom:AudioImporter_EditorPlatform: 3918e3fc78b5a79bad01e8451be0beb8 -> 
  custom:framework-osx-AVFoundation: e770b220cccbd017edd2c1fefb359320 -> 
  custom:video-encoder-webm-vp8: eb34c28f22e8b96e1ab97ce403110664 -> 
  custom:audio-decoder-ogg-vorbis: bf7c407c2cedff20999df2af8eb42d56 -> 
  custom:audio-encoder-webm-vorbis: bf7c407c2cedff20999df2af8eb42d56 -> 
  custom:scripting/precompiled-assembly-types:Assembly-CSharp: 74cfa10d7708b0e5310e90397328ec8d -> 69ea2203ffb79dbff4b01d4dabda315f
========================================================================
Received Import Request.
  Time since last request: 43.313151 seconds.
  path: Assets/Scenes/Cutscene/SceneOne.unity
  artifactKey: Guid(e06e90337e75a43ff9dc32d670c28a81) Importer(815301076,1909f56bfc062723c751e8b465ee728b)
Start importing Assets/Scenes/Cutscene/SceneOne.unity using Guid(e06e90337e75a43ff9dc32d670c28a81) Importer(815301076,1909f56bfc062723c751e8b465ee728b) [PhysX] Initialized MultithreadedTaskDispatcher with 8 workers.
 -> (artifact id: 'c57d07a9dce26d4afe4ec0964807417b') in 0.002536 seconds
Number of updated asset objects reloaded before import = 0
Number of asset objects unloaded after import = 0
========================================================================
Received Import Request.
  Time since last request: 493.618048 seconds.
  path: Assets/Sprite/UI Buttons/arrow.png
  artifactKey: Guid(dbef2e08149d34d0381e6edf81bc5b3e) Importer(815301076,1909f56bfc062723c751e8b465ee728b)
Start importing Assets/Sprite/UI Buttons/arrow.png using Guid(dbef2e08149d34d0381e6edf81bc5b3e) Importer(815301076,1909f56bfc062723c751e8b465ee728b) [PhysX] Initialized MultithreadedTaskDispatcher with 8 workers.
WARNING: RGBA Compressed ASTC6X6 UNorm format is not supported, decompressing texture
[PhysX] Initialized MultithreadedTaskDispatcher with 8 workers.
 -> (artifact id: 'a741afec9b0e29341ef1c0a71ce3670e') in 0.117369 seconds
Number of updated asset objects reloaded before import = 0
Number of asset objects unloaded after import = 3
========================================================================
Received Import Request.
  Time since last request: 407.801003 seconds.
  path: Assets/Sprite/Cutscene/scene1.png
  artifactKey: Guid(900c27f28cd494d56ad9eeb26b771e65) Importer(815301076,1909f56bfc062723c751e8b465ee728b)
Start importing Assets/Sprite/Cutscene/scene1.png using Guid(900c27f28cd494d56ad9eeb26b771e65) Importer(815301076,1909f56bfc062723c751e8b465ee728b) [PhysX] Initialized MultithreadedTaskDispatcher with 8 workers.
WARNING: RGBA Compressed ASTC6X6 UNorm format is not supported, decompressing texture
[PhysX] Initialized MultithreadedTaskDispatcher with 8 workers.
 -> (artifact id: '30eb3553328243ff86ffe59c14b9760a') in 0.048118 seconds
Number of updated asset objects reloaded before import = 0
Number of asset objects unloaded after import = 3
========================================================================
Received Import Request.
  Time since last request: 25.765767 seconds.
  path: Assets/Sprite/Cutscene/final scene.png
  artifactKey: Guid(a21d47237358b4c9b8f3a8021d2f1e03) Importer(815301076,1909f56bfc062723c751e8b465ee728b)
Start importing Assets/Sprite/Cutscene/final scene.png using Guid(a21d47237358b4c9b8f3a8021d2f1e03) Importer(815301076,1909f56bfc062723c751e8b465ee728b) [PhysX] Initialized MultithreadedTaskDispatcher with 8 workers.
WARNING: RGBA Compressed ASTC6X6 UNorm format is not supported, decompressing texture
[PhysX] Initialized MultithreadedTaskDispatcher with 8 workers.
 -> (artifact id: '2c6d7f05344b9c54316945f4a8b7ce40') in 0.046005 seconds
Number of updated asset objects reloaded before import = 0
Number of asset objects unloaded after import = 3
========================================================================
Received Import Request.
  Time since last request: 0.001038 seconds.
  path: Assets/Sprite/Cutscene/scene2.png
  artifactKey: Guid(52fe2db54b20447919c30b7ab429a145) Importer(815301076,1909f56bfc062723c751e8b465ee728b)
Start importing Assets/Sprite/Cutscene/scene2.png using Guid(52fe2db54b20447919c30b7ab429a145) Importer(815301076,1909f56bfc062723c751e8b465ee728b) [PhysX] Initialized MultithreadedTaskDispatcher with 8 workers.
WARNING: RGBA Compressed ASTC6X6 UNorm format is not supported, decompressing texture
[PhysX] Initialized MultithreadedTaskDispatcher with 8 workers.
 -> (artifact id: 'bf868da1ceae74311f9847b858d4c46e') in 0.036827 seconds
Number of updated asset objects reloaded before import = 0
Number of asset objects unloaded after import = 3
========================================================================
Received Import Request.
  Time since last request: 0.000064 seconds.
  path: Assets/Sprite/Cutscene/scene5.png
  artifactKey: Guid(f2dd58ed9faaa4276b189f4ec2407384) Importer(815301076,1909f56bfc062723c751e8b465ee728b)
Start importing Assets/Sprite/Cutscene/scene5.png using Guid(f2dd58ed9faaa4276b189f4ec2407384) Importer(815301076,1909f56bfc062723c751e8b465ee728b) [PhysX] Initialized MultithreadedTaskDispatcher with 8 workers.
WARNING: RGBA Compressed ASTC6X6 UNorm format is not supported, decompressing texture
[PhysX] Initialized MultithreadedTaskDispatcher with 8 workers.
 -> (artifact id: '8da02eb16a670c51a9c198d7579b55b7') in 0.032279 seconds
Number of updated asset objects reloaded before import = 0
Number of asset objects unloaded after import = 3
========================================================================
Received Import Request.
  Time since last request: 0.000082 seconds.
  path: Assets/Sprite/Cutscene/scene4.png
  artifactKey: Guid(a2f897165f6a04e80ab66ce5a465c60d) Importer(815301076,1909f56bfc062723c751e8b465ee728b)
Start importing Assets/Sprite/Cutscene/scene4.png using Guid(a2f897165f6a04e80ab66ce5a465c60d) Importer(815301076,1909f56bfc062723c751e8b465ee728b) [PhysX] Initialized MultithreadedTaskDispatcher with 8 workers.
WARNING: RGBA Compressed ASTC6X6 UNorm format is not supported, decompressing texture
[PhysX] Initialized MultithreadedTaskDispatcher with 8 workers.
 -> (artifact id: '129e4dce5e30f82a66086af91503da08') in 0.031083 seconds
Number of updated asset objects reloaded before import = 0
Number of asset objects unloaded after import = 3
========================================================================
Received Import Request.
  Time since last request: 387.497838 seconds.
  path: Assets/Sprite/UI Buttons/arrowright.png
  artifactKey: Guid(381298f70406d411fa8b2aa93f71a3d0) Importer(815301076,1909f56bfc062723c751e8b465ee728b)
Start importing Assets/Sprite/UI Buttons/arrowright.png using Guid(381298f70406d411fa8b2aa93f71a3d0) Importer(815301076,1909f56bfc062723c751e8b465ee728b) [PhysX] Initialized MultithreadedTaskDispatcher with 8 workers.
WARNING: RGBA Compressed ASTC6X6 UNorm format is not supported, decompressing texture
[PhysX] Initialized MultithreadedTaskDispatcher with 8 workers.
 -> (artifact id: '301165a5c0aa8c7a6af2a666570ec5c9') in 0.033618 seconds
Number of updated asset objects reloaded before import = 0
Number of asset objects unloaded after import = 3
========================================================================
Received Import Request.
  Time since last request: 12.088473 seconds.
  path: Assets/Sprite/UI Buttons/arrowright.png
  artifactKey: Guid(381298f70406d411fa8b2aa93f71a3d0) Importer(815301076,1909f56bfc062723c751e8b465ee728b)
Start importing Assets/Sprite/UI Buttons/arrowright.png using Guid(381298f70406d411fa8b2aa93f71a3d0) Importer(815301076,1909f56bfc062723c751e8b465ee728b) [PhysX] Initialized MultithreadedTaskDispatcher with 8 workers.
[PhysX] Initialized MultithreadedTaskDispatcher with 8 workers.
 -> (artifact id: '5c2997252768e7cf799c62fc55b32a1e') in 0.022799 seconds
Number of updated asset objects reloaded before import = 0
Number of asset objects unloaded after import = 2
========================================================================
Received Import Request.
  Time since last request: 18.030846 seconds.
  path: Assets/Sprite/UI Buttons/arrowright.png
  artifactKey: Guid(381298f70406d411fa8b2aa93f71a3d0) Importer(815301076,1909f56bfc062723c751e8b465ee728b)
Start importing Assets/Sprite/UI Buttons/arrowright.png using Guid(381298f70406d411fa8b2aa93f71a3d0) Importer(815301076,1909f56bfc062723c751e8b465ee728b) [PhysX] Initialized MultithreadedTaskDispatcher with 8 workers.
[PhysX] Initialized MultithreadedTaskDispatcher with 8 workers.
 -> (artifact id: '22a09536de0626c3233d956eadfac9cf') in 0.030423 seconds
Number of updated asset objects reloaded before import = 0
Number of asset objects unloaded after import = 3
========================================================================
Received Import Request.
  Time since last request: 66.251049 seconds.
  path: Assets/Prefabs/Enemy.prefab
  artifactKey: Guid(e32c7187df252413e87490bdd2e72c9f) Importer(815301076,1909f56bfc062723c751e8b465ee728b)
Start importing Assets/Prefabs/Enemy.prefab using Guid(e32c7187df252413e87490bdd2e72c9f) Importer(815301076,1909f56bfc062723c751e8b465ee728b) [PhysX] Initialized MultithreadedTaskDispatcher with 8 workers.
WARNING: RGBA Compressed ASTC6X6 UNorm format is not supported, decompressing texture
[PhysX] Initialized MultithreadedTaskDispatcher with 8 workers.
 -> (artifact id: 'fab9429d8fed6475d6a5e4d57075fdf5') in 0.107232 seconds
Number of updated asset objects reloaded before import = 0
Number of asset objects unloaded after import = 67
========================================================================
Received Import Request.
  Time since last request: 624.850841 seconds.
  path: Assets/Soundtrack/Cutscenes
  artifactKey: Guid(dd6d19098a15c456e9d7291955e7a711) Importer(815301076,1909f56bfc062723c751e8b465ee728b)
Start importing Assets/Soundtrack/Cutscenes using Guid(dd6d19098a15c456e9d7291955e7a711) Importer(815301076,1909f56bfc062723c751e8b465ee728b) [PhysX] Initialized MultithreadedTaskDispatcher with 8 workers.
 -> (artifact id: '3a52ce96d5fef930490bb3b31f5a476f') in 0.002152 seconds
Number of updated asset objects reloaded before import = 0
Number of asset objects unloaded after import = 0
========================================================================
Received Import Request.
  Time since last request: 9.836081 seconds.
  path: Assets/Soundtrack/Cutscenes/comicTheme.mp3
  artifactKey: Guid(2ca6f28888a4042bdaa0711c8806cf44) Importer(815301076,1909f56bfc062723c751e8b465ee728b)
Start importing Assets/Soundtrack/Cutscenes/comicTheme.mp3 using Guid(2ca6f28888a4042bdaa0711c8806cf44) Importer(815301076,1909f56bfc062723c751e8b465ee728b) [PhysX] Initialized MultithreadedTaskDispatcher with 8 workers.
[PhysX] Initialized MultithreadedTaskDispatcher with 8 workers.
 -> (artifact id: 'e5d82974d3904f68387e42fd672db2be') in 0.111620 seconds
Number of updated asset objects reloaded before import = 0
Number of asset objects unloaded after import = 2
========================================================================
Received Prepare
Caller must complete domain reload
 #0 GetStacktrace(int)
 #1 DebugStringToFile(DebugStringToFileData const&)
 #2 AssertImplementation(int, char const*, int, int, char const*)
 #3 Internal_ADB_WorkerOnly_DomainReload(AssemblyLoadReason)
 #4 WorkerDomainReloadV2()
 #5 AssetImportWorkerClient::ReloadMonoDomain(AssetResolver&)
 #6 invocation function for block in AssetImportWorkerClient::HandleMessage(PrepareMessage const&)::$_4::operator()() const
 #7 _dispatch_client_callout
 #8 _dispatch_async_and_wait_invoke
 #9 _dispatch_client_callout
 #10 _dispatch_main_queue_drain
 #11 _dispatch_main_queue_callback_4CF
 #12 __CFRUNLOOP_IS_SERVICING_THE_MAIN_DISPATCH_QUEUE__
 #13 __CFRunLoopRun
 #14 CFRunLoopRunSpecific
 #15 RunCurrentEventLoopInMode
 #16 ReceiveNextEventCommon
 #17 _BlockUntilNextEventMatchingListInModeWithFilter
 #18 _DPSNextEvent
 #19 -[NSApplication(NSEvent) _nextEventMatchingEventMask:untilDate:inMode:dequeue:]
 #20 -[NSApplication run]
 #21 NSApplicationMain
 #22 EditorMain(int, char const**)
 #23 main
 #24 start

Begin MonoManager ReloadAssembly
- Loaded All Assemblies, in  0.748 seconds
Native extension for WindowsStandalone target not found
Native extension for iOS target not found
Native extension for Android target not found
Native extension for OSXStandalone target not found
Mono: successfully reloaded assembly
[Package Manager] Server::EnsureServerProcessIsRunning -- launch failed, reason: Unity was launched with the -noUpm command-line argument
[Package Manager] UpmClient::Send -- Unable to send message (not connected to UPM process).
[Package Manager] Cannot connect to Unity Package Manager local server
- Finished resetting the current domain, in  2.122 seconds
Domain Reload Profiling: 2870ms
	BeginReloadAssembly (262ms)
		ExecutionOrderSort (0ms)
		DisableScriptedObjects (18ms)
		BackupInstance (0ms)
		ReleaseScriptingObjects (0ms)
		CreateAndSetChildDomain (98ms)
	RebuildCommonClasses (51ms)
	RebuildNativeTypeToScriptingClass (16ms)
	initialDomainReloadingComplete (38ms)
	LoadAllAssembliesAndSetupDomain (381ms)
		LoadAssemblies (464ms)
		RebuildTransferFunctionScriptingTraits (0ms)
		AnalyzeDomain (24ms)
			TypeCache.Refresh (9ms)
				TypeCache.ScanAssembly (0ms)
			ScanForSourceGeneratedMonoScriptInfo (0ms)
			ResolveRequiredComponents (12ms)
	FinalizeReload (2122ms)
		ReleaseScriptCaches (0ms)
		RebuildScriptCaches (0ms)
		SetupLoadedEditorAssemblies (612ms)
			LogAssemblyErrors (0ms)
			InitializePlatformSupportModulesInManaged (42ms)
			SetLoadedEditorAssemblies (8ms)
			RefreshPlugins (0ms)
			BeforeProcessingInitializeOnLoad (92ms)
			ProcessInitializeOnLoadAttributes (407ms)
			ProcessInitializeOnLoadMethodAttributes (60ms)
			AfterProcessingInitializeOnLoad (2ms)
			EditorAssembliesLoaded (1ms)
		ExecutionOrderSort2 (0ms)
		AwakeInstancesAfterBackupRestoration (16ms)
Refreshing native plugins compatible for Editor in 4.20 ms, found 3 plugins.
Preloading 0 native plugins for Editor in 0.00 ms.
Unloading 4324 Unused Serialized files (Serialized files now loaded: 0)
Unloading 19 unused Assets / (31.3 KB). Loaded Objects now: 4928.
Memory consumption went from 265.1 MB to 265.1 MB.
Total: 6.099384 ms (FindLiveObjects: 0.396440 ms CreateObjectMapping: 0.509166 ms MarkObjects: 5.088503 ms  DeleteObjects: 0.103518 ms)

Prepare: number of updated asset objects reloaded= 0
AssetImportParameters requested are different than current active one (requested -> active):
  custom:container-demuxer-ogg: 62fdf1f143b41e24485cea50d1cbac27 -> 
  custom:scripting/monoscript/fileName/Guest Mode.cs: 14bb294407ae9216b25ce15ea82c36c5 -> 
  custom:video-decoder-ogg-theora: a1e56fd34408186e4bbccfd4996cb3dc -> 
  custom:CustomObjectIndexerAttribute: 9a22284fe3817be447336de3de66b15e -> 
  custom:container-demuxer-webm: 4f35f7cbe854078d1ac9338744f61a02 -> 
  custom:container-muxer-webm: aa71ff27fc2769a1b78a27578f13a17b -> 
  custom:video-decoder-webm-vp8: 9c59270c3fd7afecdb556c50c9e8de78 -> 
  custom:SearchIndexIgnoredProperties: e643bd26f0fe6173181afceb89e7c659 -> 
  custom:AudioImporter_EditorPlatform: 3918e3fc78b5a79bad01e8451be0beb8 -> 
  custom:framework-osx-AVFoundation: e770b220cccbd017edd2c1fefb359320 -> 
  custom:video-encoder-webm-vp8: eb34c28f22e8b96e1ab97ce403110664 -> 
  custom:audio-decoder-ogg-vorbis: bf7c407c2cedff20999df2af8eb42d56 -> 
  custom:audio-encoder-webm-vorbis: bf7c407c2cedff20999df2af8eb42d56 -> 
  custom:scripting/precompiled-assembly-types:Assembly-CSharp: 74cfa10d7708b0e5310e90397328ec8d -> 69ea2203ffb79dbff4b01d4dabda315f
========================================================================
Received Import Request.
  Time since last request: 328.993532 seconds.
  path: Assets/Scenes/Cutscene/SceneOne 1.unity
  artifactKey: Guid(481856081a909499bbd7609476183f92) Importer(815301076,1909f56bfc062723c751e8b465ee728b)
Start importing Assets/Scenes/Cutscene/SceneOne 1.unity using Guid(481856081a909499bbd7609476183f92) Importer(815301076,1909f56bfc062723c751e8b465ee728b) [PhysX] Initialized MultithreadedTaskDispatcher with 8 workers.
 -> (artifact id: 'f371d9f647204db0912b40e3332bdbe2') in 0.002461 seconds
Number of updated asset objects reloaded before import = 0
Number of asset objects unloaded after import = 0
========================================================================
Received Import Request.
  Time since last request: 11.639809 seconds.
  path: Assets/Scenes/Cutscene/SceneOne.unity
  artifactKey: Guid(e06e90337e75a43ff9dc32d670c28a81) Importer(815301076,1909f56bfc062723c751e8b465ee728b)
Start importing Assets/Scenes/Cutscene/SceneOne.unity using Guid(e06e90337e75a43ff9dc32d670c28a81) Importer(815301076,1909f56bfc062723c751e8b465ee728b) [PhysX] Initialized MultithreadedTaskDispatcher with 8 workers.
 -> (artifact id: '5a60b74175e9abab161830244412f4b6') in 0.000534 seconds
Number of updated asset objects reloaded before import = 0
Number of asset objects unloaded after import = 0
========================================================================
Received Import Request.
  Time since last request: 149.779324 seconds.
  path: Assets/Scenes/Cutscene/SceneTwo.unity
  artifactKey: Guid(9f29e17e7f5ac4fbbb42828cc1fa565b) Importer(815301076,1909f56bfc062723c751e8b465ee728b)
Start importing Assets/Scenes/Cutscene/SceneTwo.unity using Guid(9f29e17e7f5ac4fbbb42828cc1fa565b) Importer(815301076,1909f56bfc062723c751e8b465ee728b) [PhysX] Initialized MultithreadedTaskDispatcher with 8 workers.
 -> (artifact id: '358f24fc8f73f14d914cc9b53f49ca13') in 0.000700 seconds
Number of updated asset objects reloaded before import = 0
Number of asset objects unloaded after import = 0
========================================================================
Received Prepare
Caller must complete domain reload
 #0 GetStacktrace(int)
 #1 DebugStringToFile(DebugStringToFileData const&)
 #2 AssertImplementation(int, char const*, int, int, char const*)
 #3 Internal_ADB_WorkerOnly_DomainReload(AssemblyLoadReason)
 #4 WorkerDomainReloadV2()
 #5 AssetImportWorkerClient::ReloadMonoDomain(AssetResolver&)
 #6 invocation function for block in AssetImportWorkerClient::HandleMessage(PrepareMessage const&)::$_4::operator()() const
 #7 _dispatch_client_callout
 #8 _dispatch_async_and_wait_invoke
 #9 _dispatch_client_callout
 #10 _dispatch_main_queue_drain
 #11 _dispatch_main_queue_callback_4CF
 #12 __CFRUNLOOP_IS_SERVICING_THE_MAIN_DISPATCH_QUEUE__
 #13 __CFRunLoopRun
 #14 CFRunLoopRunSpecific
 #15 RunCurrentEventLoopInMode
 #16 ReceiveNextEventCommon
 #17 _BlockUntilNextEventMatchingListInModeWithFilter
 #18 _DPSNextEvent
 #19 -[NSApplication(NSEvent) _nextEventMatchingEventMask:untilDate:inMode:dequeue:]
 #20 -[NSApplication run]
 #21 NSApplicationMain
 #22 EditorMain(int, char const**)
 #23 main
 #24 start

Begin MonoManager ReloadAssembly
- Loaded All Assemblies, in  0.671 seconds
Native extension for WindowsStandalone target not found
Native extension for iOS target not found
Native extension for Android target not found
Native extension for OSXStandalone target not found
Mono: successfully reloaded assembly
[Package Manager] Server::EnsureServerProcessIsRunning -- launch failed, reason: Unity was launched with the -noUpm command-line argument
[Package Manager] UpmClient::Send -- Unable to send message (not connected to UPM process).
[Package Manager] Cannot connect to Unity Package Manager local server
- Finished resetting the current domain, in  1.890 seconds
Domain Reload Profiling: 2560ms
	BeginReloadAssembly (233ms)
		ExecutionOrderSort (0ms)
		DisableScriptedObjects (19ms)
		BackupInstance (0ms)
		ReleaseScriptingObjects (0ms)
		CreateAndSetChildDomain (79ms)
	RebuildCommonClasses (51ms)
	RebuildNativeTypeToScriptingClass (18ms)
	initialDomainReloadingComplete (34ms)
	LoadAllAssembliesAndSetupDomain (334ms)
		LoadAssemblies (412ms)
		RebuildTransferFunctionScriptingTraits (0ms)
		AnalyzeDomain (23ms)
			TypeCache.Refresh (8ms)
				TypeCache.ScanAssembly (0ms)
			ScanForSourceGeneratedMonoScriptInfo (0ms)
			ResolveRequiredComponents (11ms)
	FinalizeReload (1890ms)
		ReleaseScriptCaches (0ms)
		RebuildScriptCaches (0ms)
		SetupLoadedEditorAssemblies (600ms)
			LogAssemblyErrors (0ms)
			InitializePlatformSupportModulesInManaged (44ms)
			SetLoadedEditorAssemblies (8ms)
			RefreshPlugins (0ms)
			BeforeProcessingInitializeOnLoad (92ms)
			ProcessInitializeOnLoadAttributes (393ms)
			ProcessInitializeOnLoadMethodAttributes (59ms)
			AfterProcessingInitializeOnLoad (3ms)
			EditorAssembliesLoaded (0ms)
		ExecutionOrderSort2 (0ms)
		AwakeInstancesAfterBackupRestoration (15ms)
Refreshing native plugins compatible for Editor in 3.92 ms, found 3 plugins.
Preloading 0 native plugins for Editor in 0.00 ms.
Unloading 4324 Unused Serialized files (Serialized files now loaded: 0)
Unloading 19 unused Assets / (31.3 KB). Loaded Objects now: 4932.
Memory consumption went from 269.7 MB to 269.6 MB.
Total: 5.114420 ms (FindLiveObjects: 0.453845 ms CreateObjectMapping: 0.460479 ms MarkObjects: 4.088587 ms  DeleteObjects: 0.110246 ms)

Prepare: number of updated asset objects reloaded= 0
AssetImportParameters requested are different than current active one (requested -> active):
  custom:container-demuxer-ogg: 62fdf1f143b41e24485cea50d1cbac27 -> 
  custom:scripting/monoscript/fileName/Guest Mode.cs: 14bb294407ae9216b25ce15ea82c36c5 -> 
  custom:video-decoder-ogg-theora: a1e56fd34408186e4bbccfd4996cb3dc -> 
  custom:CustomObjectIndexerAttribute: 9a22284fe3817be447336de3de66b15e -> 
  custom:container-demuxer-webm: 4f35f7cbe854078d1ac9338744f61a02 -> 
  custom:container-muxer-webm: aa71ff27fc2769a1b78a27578f13a17b -> 
  custom:video-decoder-webm-vp8: 9c59270c3fd7afecdb556c50c9e8de78 -> 
  custom:SearchIndexIgnoredProperties: e643bd26f0fe6173181afceb89e7c659 -> 
  custom:AudioImporter_EditorPlatform: 3918e3fc78b5a79bad01e8451be0beb8 -> 
  custom:framework-osx-AVFoundation: e770b220cccbd017edd2c1fefb359320 -> 
  custom:video-encoder-webm-vp8: eb34c28f22e8b96e1ab97ce403110664 -> 
  custom:audio-decoder-ogg-vorbis: bf7c407c2cedff20999df2af8eb42d56 -> 
  custom:audio-encoder-webm-vorbis: bf7c407c2cedff20999df2af8eb42d56 -> 
  custom:scripting/precompiled-assembly-types:Assembly-CSharp: 74cfa10d7708b0e5310e90397328ec8d -> 69ea2203ffb79dbff4b01d4dabda315f
========================================================================
Received Prepare
Caller must complete domain reload
 #0 GetStacktrace(int)
 #1 DebugStringToFile(DebugStringToFileData const&)
 #2 AssertImplementation(int, char const*, int, int, char const*)
 #3 Internal_ADB_WorkerOnly_DomainReload(AssemblyLoadReason)
 #4 WorkerDomainReloadV2()
 #5 AssetImportWorkerClient::ReloadMonoDomain(AssetResolver&)
 #6 invocation function for block in AssetImportWorkerClient::HandleMessage(PrepareMessage const&)::$_4::operator()() const
 #7 _dispatch_client_callout
 #8 _dispatch_async_and_wait_invoke
 #9 _dispatch_client_callout
 #10 _dispatch_main_queue_drain
 #11 _dispatch_main_queue_callback_4CF
 #12 __CFRUNLOOP_IS_SERVICING_THE_MAIN_DISPATCH_QUEUE__
 #13 __CFRunLoopRun
 #14 CFRunLoopRunSpecific
 #15 RunCurrentEventLoopInMode
 #16 ReceiveNextEventCommon
 #17 _BlockUntilNextEventMatchingListInModeWithFilter
 #18 _DPSNextEvent
 #19 -[NSApplication(NSEvent) _nextEventMatchingEventMask:untilDate:inMode:dequeue:]
 #20 -[NSApplication run]
 #21 NSApplicationMain
 #22 EditorMain(int, char const**)
 #23 main
 #24 start

Begin MonoManager ReloadAssembly
- Loaded All Assemblies, in  0.622 seconds
Native extension for WindowsStandalone target not found
Native extension for iOS target not found
Native extension for Android target not found
Native extension for OSXStandalone target not found
Mono: successfully reloaded assembly
[Package Manager] Server::EnsureServerProcessIsRunning -- launch failed, reason: Unity was launched with the -noUpm command-line argument
[Package Manager] UpmClient::Send -- Unable to send message (not connected to UPM process).
[Package Manager] Cannot connect to Unity Package Manager local server
- Finished resetting the current domain, in  1.170 seconds
Domain Reload Profiling: 1791ms
	BeginReloadAssembly (200ms)
		ExecutionOrderSort (0ms)
		DisableScriptedObjects (15ms)
		BackupInstance (0ms)
		ReleaseScriptingObjects (0ms)
		CreateAndSetChildDomain (69ms)
	RebuildCommonClasses (49ms)
	RebuildNativeTypeToScriptingClass (17ms)
	initialDomainReloadingComplete (33ms)
	LoadAllAssembliesAndSetupDomain (322ms)
		LoadAssemblies (384ms)
		RebuildTransferFunctionScriptingTraits (0ms)
		AnalyzeDomain (22ms)
			TypeCache.Refresh (8ms)
				TypeCache.ScanAssembly (0ms)
			ScanForSourceGeneratedMonoScriptInfo (0ms)
			ResolveRequiredComponents (11ms)
	FinalizeReload (1171ms)
		ReleaseScriptCaches (0ms)
		RebuildScriptCaches (0ms)
		SetupLoadedEditorAssemblies (553ms)
			LogAssemblyErrors (0ms)
			InitializePlatformSupportModulesInManaged (41ms)
			SetLoadedEditorAssemblies (6ms)
			RefreshPlugins (0ms)
			BeforeProcessingInitializeOnLoad (79ms)
			ProcessInitializeOnLoadAttributes (379ms)
			ProcessInitializeOnLoadMethodAttributes (46ms)
			AfterProcessingInitializeOnLoad (2ms)
			EditorAssembliesLoaded (0ms)
		ExecutionOrderSort2 (0ms)
		AwakeInstancesAfterBackupRestoration (12ms)
Refreshing native plugins compatible for Editor in 3.69 ms, found 3 plugins.
Preloading 0 native plugins for Editor in 0.00 ms.
Unloading 4325 Unused Serialized files (Serialized files now loaded: 0)
Unloading 19 unused Assets / (31.3 KB). Loaded Objects now: 4936.
Memory consumption went from 274.3 MB to 274.2 MB.
Total: 5.139797 ms (FindLiveObjects: 0.585464 ms CreateObjectMapping: 0.420699 ms MarkObjects: 4.065009 ms  DeleteObjects: 0.067444 ms)

Prepare: number of updated asset objects reloaded= 0
AssetImportParameters requested are different than current active one (requested -> active):
  custom:container-demuxer-ogg: 62fdf1f143b41e24485cea50d1cbac27 -> 
  custom:scripting/monoscript/fileName/Guest Mode.cs: 14bb294407ae9216b25ce15ea82c36c5 -> 
  custom:video-decoder-ogg-theora: a1e56fd34408186e4bbccfd4996cb3dc -> 
  custom:CustomObjectIndexerAttribute: 9a22284fe3817be447336de3de66b15e -> 
  custom:container-demuxer-webm: 4f35f7cbe854078d1ac9338744f61a02 -> 
  custom:container-muxer-webm: aa71ff27fc2769a1b78a27578f13a17b -> 
  custom:video-decoder-webm-vp8: 9c59270c3fd7afecdb556c50c9e8de78 -> 
  custom:SearchIndexIgnoredProperties: e643bd26f0fe6173181afceb89e7c659 -> 
  custom:AudioImporter_EditorPlatform: 3918e3fc78b5a79bad01e8451be0beb8 -> 
  custom:framework-osx-AVFoundation: e770b220cccbd017edd2c1fefb359320 -> 
  custom:video-encoder-webm-vp8: eb34c28f22e8b96e1ab97ce403110664 -> 
  custom:audio-decoder-ogg-vorbis: bf7c407c2cedff20999df2af8eb42d56 -> 
  custom:audio-encoder-webm-vorbis: bf7c407c2cedff20999df2af8eb42d56 -> 
  custom:scripting/precompiled-assembly-types:Assembly-CSharp: 74cfa10d7708b0e5310e90397328ec8d -> 69ea2203ffb79dbff4b01d4dabda315f
========================================================================
Received Import Request.
  Time since last request: 2981.168402 seconds.
  path: Assets/Scenes/Cutscene/SceneThree.unity
  artifactKey: Guid(801e1eeda27664db7a8eba4b8c446407) Importer(815301076,1909f56bfc062723c751e8b465ee728b)
Start importing Assets/Scenes/Cutscene/SceneThree.unity using Guid(801e1eeda27664db7a8eba4b8c446407) Importer(815301076,1909f56bfc062723c751e8b465ee728b) [PhysX] Initialized MultithreadedTaskDispatcher with 8 workers.
 -> (artifact id: 'eb0ca2314338d7f24993bb50cecec64c') in 0.004076 seconds
Number of updated asset objects reloaded before import = 0
Number of asset objects unloaded after import = 0
========================================================================
Received Import Request.
  Time since last request: 11.776803 seconds.
  path: Assets/Scenes/Cutscene/FInalScene.unity
  artifactKey: Guid(801e1eeda27664db7a8eba4b8c446407) Importer(815301076,1909f56bfc062723c751e8b465ee728b)
Start importing Assets/Scenes/Cutscene/FInalScene.unity using Guid(801e1eeda27664db7a8eba4b8c446407) Importer(815301076,1909f56bfc062723c751e8b465ee728b) [PhysX] Initialized MultithreadedTaskDispatcher with 8 workers.
 -> (artifact id: '4f1e3b027e6039008a6e320710102b35') in 0.000652 seconds
Number of updated asset objects reloaded before import = 0
Number of asset objects unloaded after import = 0
========================================================================
Received Import Request.
  Time since last request: 19.920962 seconds.
  path: Assets/Scenes/Cutscene/FinalScene.unity
  artifactKey: Guid(801e1eeda27664db7a8eba4b8c446407) Importer(815301076,1909f56bfc062723c751e8b465ee728b)
Start importing Assets/Scenes/Cutscene/FinalScene.unity using Guid(801e1eeda27664db7a8eba4b8c446407) Importer(815301076,1909f56bfc062723c751e8b465ee728b) [PhysX] Initialized MultithreadedTaskDispatcher with 8 workers.
 -> (artifact id: '8d820b2e68e702f17fef9b7df58cf9e9') in 0.000636 seconds
Number of updated asset objects reloaded before import = 0
Number of asset objects unloaded after import = 0
========================================================================
Received Import Request.
  Time since last request: 758.559277 seconds.
  path: Assets/Scenes/Cutscene/SceneTwo.unity
  artifactKey: Guid(9f29e17e7f5ac4fbbb42828cc1fa565b) Importer(815301076,1909f56bfc062723c751e8b465ee728b)
Start importing Assets/Scenes/Cutscene/SceneTwo.unity using Guid(9f29e17e7f5ac4fbbb42828cc1fa565b) Importer(815301076,1909f56bfc062723c751e8b465ee728b) [PhysX] Initialized MultithreadedTaskDispatcher with 8 workers.
 -> (artifact id: 'aa0840c8fc35b14879b2246e76e8c490') in 0.000695 seconds
Number of updated asset objects reloaded before import = 0
Number of asset objects unloaded after import = 0
========================================================================
Received Import Request.
  Time since last request: 31.625961 seconds.
  path: Assets/Scenes/Cutscene/SceneThree.unity
  artifactKey: Guid(a0337253141f04175b6b506b9d64993e) Importer(815301076,1909f56bfc062723c751e8b465ee728b)
Start importing Assets/Scenes/Cutscene/SceneThree.unity using Guid(a0337253141f04175b6b506b9d64993e) Importer(815301076,1909f56bfc062723c751e8b465ee728b) [PhysX] Initialized MultithreadedTaskDispatcher with 8 workers.
 -> (artifact id: '049492382ed43082383e5060d92893e2') in 0.001142 seconds
Number of updated asset objects reloaded before import = 0
Number of asset objects unloaded after import = 0
========================================================================
Received Import Request.
  Time since last request: 268.517653 seconds.
  path: Assets/Sprite/Cutscene/scene4.png
  artifactKey: Guid(a2f897165f6a04e80ab66ce5a465c60d) Importer(815301076,1909f56bfc062723c751e8b465ee728b)
Start importing Assets/Sprite/Cutscene/scene4.png using Guid(a2f897165f6a04e80ab66ce5a465c60d) Importer(815301076,1909f56bfc062723c751e8b465ee728b) [PhysX] Initialized MultithreadedTaskDispatcher with 8 workers.
WARNING: RGBA Compressed ASTC6X6 UNorm format is not supported, decompressing texture
[PhysX] Initialized MultithreadedTaskDispatcher with 8 workers.
 -> (artifact id: 'a3600bc13e32401bee98b10effd0445c') in 0.170825 seconds
Number of updated asset objects reloaded before import = 0
Number of asset objects unloaded after import = 3
========================================================================
Received Import Request.
  Time since last request: 14.181534 seconds.
  path: Assets/Sprite/Cutscene/scene4.png
  artifactKey: Guid(a2f897165f6a04e80ab66ce5a465c60d) Importer(815301076,1909f56bfc062723c751e8b465ee728b)
Start importing Assets/Sprite/Cutscene/scene4.png using Guid(a2f897165f6a04e80ab66ce5a465c60d) Importer(815301076,1909f56bfc062723c751e8b465ee728b) [PhysX] Initialized MultithreadedTaskDispatcher with 8 workers.
[PhysX] Initialized MultithreadedTaskDispatcher with 8 workers.
 -> (artifact id: 'eca3fa1439f8c452575548b22f32510e') in 0.047370 seconds
Number of updated asset objects reloaded before import = 0
Number of asset objects unloaded after import = 2
========================================================================
Received Import Request.
  Time since last request: 17.953098 seconds.
  path: Assets/Sprite/Cutscene/scene4.png
  artifactKey: Guid(a2f897165f6a04e80ab66ce5a465c60d) Importer(815301076,1909f56bfc062723c751e8b465ee728b)
Start importing Assets/Sprite/Cutscene/scene4.png using Guid(a2f897165f6a04e80ab66ce5a465c60d) Importer(815301076,1909f56bfc062723c751e8b465ee728b) [PhysX] Initialized MultithreadedTaskDispatcher with 8 workers.
[PhysX] Initialized MultithreadedTaskDispatcher with 8 workers.
 -> (artifact id: 'c31c8aaf7b7b3703ab4bc756c8fbad51') in 0.030793 seconds
Number of updated asset objects reloaded before import = 0
Number of asset objects unloaded after import = 3
========================================================================
Received Prepare
Caller must complete domain reload
 #0 GetStacktrace(int)
 #1 DebugStringToFile(DebugStringToFileData const&)
 #2 AssertImplementation(int, char const*, int, int, char const*)
 #3 Internal_ADB_WorkerOnly_DomainReload(AssemblyLoadReason)
 #4 WorkerDomainReloadV2()
 #5 AssetImportWorkerClient::ReloadMonoDomain(AssetResolver&)
 #6 invocation function for block in AssetImportWorkerClient::HandleMessage(PrepareMessage const&)::$_4::operator()() const
 #7 _dispatch_client_callout
 #8 _dispatch_async_and_wait_invoke
 #9 _dispatch_client_callout
 #10 _dispatch_main_queue_drain
 #11 _dispatch_main_queue_callback_4CF
 #12 __CFRUNLOOP_IS_SERVICING_THE_MAIN_DISPATCH_QUEUE__
 #13 __CFRunLoopRun
 #14 CFRunLoopRunSpecific
 #15 RunCurrentEventLoopInMode
 #16 ReceiveNextEventCommon
 #17 _BlockUntilNextEventMatchingListInModeWithFilter
 #18 _DPSNextEvent
 #19 -[NSApplication(NSEvent) _nextEventMatchingEventMask:untilDate:inMode:dequeue:]
 #20 -[NSApplication run]
 #21 NSApplicationMain
 #22 EditorMain(int, char const**)
 #23 main
 #24 start

Begin MonoManager ReloadAssembly
- Loaded All Assemblies, in  0.818 seconds
Native extension for WindowsStandalone target not found
Native extension for iOS target not found
Native extension for Android target not found
Native extension for OSXStandalone target not found
Mono: successfully reloaded assembly
[Package Manager] Server::EnsureServerProcessIsRunning -- launch failed, reason: Unity was launched with the -noUpm command-line argument
[Package Manager] UpmClient::Send -- Unable to send message (not connected to UPM process).
[Package Manager] Cannot connect to Unity Package Manager local server
- Finished resetting the current domain, in  2.343 seconds
Domain Reload Profiling: 3161ms
	BeginReloadAssembly (281ms)
		ExecutionOrderSort (0ms)
		DisableScriptedObjects (22ms)
		BackupInstance (0ms)
		ReleaseScriptingObjects (0ms)
		CreateAndSetChildDomain (101ms)
	RebuildCommonClasses (64ms)
	RebuildNativeTypeToScriptingClass (22ms)
	initialDomainReloadingComplete (42ms)
	LoadAllAssembliesAndSetupDomain (406ms)
		LoadAssemblies (495ms)
		RebuildTransferFunctionScriptingTraits (0ms)
		AnalyzeDomain (28ms)
			TypeCache.Refresh (10ms)
				TypeCache.ScanAssembly (0ms)
			ScanForSourceGeneratedMonoScriptInfo (0ms)
			ResolveRequiredComponents (15ms)
	FinalizeReload (2344ms)
		ReleaseScriptCaches (0ms)
		RebuildScriptCaches (0ms)
		SetupLoadedEditorAssemblies (835ms)
			LogAssemblyErrors (0ms)
			InitializePlatformSupportModulesInManaged (66ms)
			SetLoadedEditorAssemblies (12ms)
			RefreshPlugins (0ms)
			BeforeProcessingInitializeOnLoad (155ms)
			ProcessInitializeOnLoadAttributes (536ms)
			ProcessInitializeOnLoadMethodAttributes (62ms)
			AfterProcessingInitializeOnLoad (2ms)
			EditorAssembliesLoaded (0ms)
		ExecutionOrderSort2 (0ms)
		AwakeInstancesAfterBackupRestoration (17ms)
Refreshing native plugins compatible for Editor in 12.06 ms, found 3 plugins.
Preloading 0 native plugins for Editor in 0.00 ms.
Unloading 4324 Unused Serialized files (Serialized files now loaded: 0)
Unloading 19 unused Assets / (31.2 KB). Loaded Objects now: 4942.
Memory consumption went from 278.9 MB to 278.9 MB.
Total: 6.832273 ms (FindLiveObjects: 0.447974 ms CreateObjectMapping: 0.422125 ms MarkObjects: 5.890268 ms  DeleteObjects: 0.069077 ms)

Prepare: number of updated asset objects reloaded= 0
AssetImportParameters requested are different than current active one (requested -> active):
  custom:container-demuxer-ogg: 62fdf1f143b41e24485cea50d1cbac27 -> 
  custom:scripting/monoscript/fileName/Guest Mode.cs: 14bb294407ae9216b25ce15ea82c36c5 -> 
  custom:video-decoder-ogg-theora: a1e56fd34408186e4bbccfd4996cb3dc -> 
  custom:CustomObjectIndexerAttribute: 9a22284fe3817be447336de3de66b15e -> 
  custom:container-demuxer-webm: 4f35f7cbe854078d1ac9338744f61a02 -> 
  custom:container-muxer-webm: aa71ff27fc2769a1b78a27578f13a17b -> 
  custom:video-decoder-webm-vp8: 9c59270c3fd7afecdb556c50c9e8de78 -> 
  custom:SearchIndexIgnoredProperties: e643bd26f0fe6173181afceb89e7c659 -> 
  custom:AudioImporter_EditorPlatform: 3918e3fc78b5a79bad01e8451be0beb8 -> 
  custom:framework-osx-AVFoundation: e770b220cccbd017edd2c1fefb359320 -> 
  custom:video-encoder-webm-vp8: eb34c28f22e8b96e1ab97ce403110664 -> 
  custom:audio-decoder-ogg-vorbis: bf7c407c2cedff20999df2af8eb42d56 -> 
  custom:audio-encoder-webm-vorbis: bf7c407c2cedff20999df2af8eb42d56 -> 
  custom:scripting/precompiled-assembly-types:Assembly-CSharp: 74cfa10d7708b0e5310e90397328ec8d -> 69ea2203ffb79dbff4b01d4dabda315f
========================================================================
Received Import Request.
  Time since last request: 225.722824 seconds.
  path: Assets/Scenes/Menu/Level Select.unity
  artifactKey: Guid(fb3d99d5b622c4dbf94430d52436bb6d) Importer(815301076,1909f56bfc062723c751e8b465ee728b)
Start importing Assets/Scenes/Menu/Level Select.unity using Guid(fb3d99d5b622c4dbf94430d52436bb6d) Importer(815301076,1909f56bfc062723c751e8b465ee728b) [PhysX] Initialized MultithreadedTaskDispatcher with 8 workers.
 -> (artifact id: 'e1566fbb8dece63fadaae464120e266c') in 0.008838 seconds
Number of updated asset objects reloaded before import = 0
Number of asset objects unloaded after import = 0
========================================================================
Received Prepare
Caller must complete domain reload
 #0 GetStacktrace(int)
 #1 DebugStringToFile(DebugStringToFileData const&)
 #2 AssertImplementation(int, char const*, int, int, char const*)
 #3 Internal_ADB_WorkerOnly_DomainReload(AssemblyLoadReason)
 #4 WorkerDomainReloadV2()
 #5 AssetImportWorkerClient::ReloadMonoDomain(AssetResolver&)
 #6 invocation function for block in AssetImportWorkerClient::HandleMessage(PrepareMessage const&)::$_4::operator()() const
 #7 _dispatch_client_callout
 #8 _dispatch_async_and_wait_invoke
 #9 _dispatch_client_callout
 #10 _dispatch_main_queue_drain
 #11 _dispatch_main_queue_callback_4CF
 #12 __CFRUNLOOP_IS_SERVICING_THE_MAIN_DISPATCH_QUEUE__
 #13 __CFRunLoopRun
 #14 CFRunLoopRunSpecific
 #15 RunCurrentEventLoopInMode
 #16 ReceiveNextEventCommon
 #17 _BlockUntilNextEventMatchingListInModeWithFilter
 #18 _DPSNextEvent
 #19 -[NSApplication(NSEvent) _nextEventMatchingEventMask:untilDate:inMode:dequeue:]
 #20 -[NSApplication run]
 #21 NSApplicationMain
 #22 EditorMain(int, char const**)
 #23 main
 #24 start

Begin MonoManager ReloadAssembly
- Loaded All Assemblies, in  0.800 seconds
Native extension for WindowsStandalone target not found
Native extension for iOS target not found
Native extension for Android target not found
Native extension for OSXStandalone target not found
Mono: successfully reloaded assembly
[Package Manager] Server::EnsureServerProcessIsRunning -- launch failed, reason: Unity was launched with the -noUpm command-line argument
[Package Manager] UpmClient::Send -- Unable to send message (not connected to UPM process).
[Package Manager] Cannot connect to Unity Package Manager local server
- Finished resetting the current domain, in  1.489 seconds
Domain Reload Profiling: 2288ms
	BeginReloadAssembly (248ms)
		ExecutionOrderSort (0ms)
		DisableScriptedObjects (20ms)
		BackupInstance (0ms)
		ReleaseScriptingObjects (0ms)
		CreateAndSetChildDomain (82ms)
	RebuildCommonClasses (63ms)
	RebuildNativeTypeToScriptingClass (22ms)
	initialDomainReloadingComplete (40ms)
	LoadAllAssembliesAndSetupDomain (425ms)
		LoadAssemblies (492ms)
		RebuildTransferFunctionScriptingTraits (0ms)
		AnalyzeDomain (38ms)
			TypeCache.Refresh (13ms)
				TypeCache.ScanAssembly (0ms)
			ScanForSourceGeneratedMonoScriptInfo (1ms)
			ResolveRequiredComponents (20ms)
	FinalizeReload (1489ms)
		ReleaseScriptCaches (0ms)
		RebuildScriptCaches (0ms)
		SetupLoadedEditorAssemblies (786ms)
			LogAssemblyErrors (0ms)
			InitializePlatformSupportModulesInManaged (51ms)
			SetLoadedEditorAssemblies (9ms)
			RefreshPlugins (0ms)
			BeforeProcessingInitializeOnLoad (137ms)
			ProcessInitializeOnLoadAttributes (523ms)
			ProcessInitializeOnLoadMethodAttributes (64ms)
			AfterProcessingInitializeOnLoad (2ms)
			EditorAssembliesLoaded (0ms)
		ExecutionOrderSort2 (0ms)
		AwakeInstancesAfterBackupRestoration (18ms)
Refreshing native plugins compatible for Editor in 5.29 ms, found 3 plugins.
Preloading 0 native plugins for Editor in 0.00 ms.
Unloading 4324 Unused Serialized files (Serialized files now loaded: 0)
Unloading 19 unused Assets / (31.3 KB). Loaded Objects now: 4946.
Memory consumption went from 283.5 MB to 283.5 MB.
Total: 5.815653 ms (FindLiveObjects: 0.410732 ms CreateObjectMapping: 0.438427 ms MarkObjects: 4.896071 ms  DeleteObjects: 0.069282 ms)

Prepare: number of updated asset objects reloaded= 0
AssetImportParameters requested are different than current active one (requested -> active):
  custom:container-demuxer-ogg: 62fdf1f143b41e24485cea50d1cbac27 -> 
  custom:scripting/monoscript/fileName/Guest Mode.cs: 14bb294407ae9216b25ce15ea82c36c5 -> 
  custom:video-decoder-ogg-theora: a1e56fd34408186e4bbccfd4996cb3dc -> 
  custom:CustomObjectIndexerAttribute: 9a22284fe3817be447336de3de66b15e -> 
  custom:container-demuxer-webm: 4f35f7cbe854078d1ac9338744f61a02 -> 
  custom:container-muxer-webm: aa71ff27fc2769a1b78a27578f13a17b -> 
  custom:video-decoder-webm-vp8: 9c59270c3fd7afecdb556c50c9e8de78 -> 
  custom:SearchIndexIgnoredProperties: e643bd26f0fe6173181afceb89e7c659 -> 
  custom:AudioImporter_EditorPlatform: 3918e3fc78b5a79bad01e8451be0beb8 -> 
  custom:framework-osx-AVFoundation: e770b220cccbd017edd2c1fefb359320 -> 
  custom:video-encoder-webm-vp8: eb34c28f22e8b96e1ab97ce403110664 -> 
  custom:audio-decoder-ogg-vorbis: bf7c407c2cedff20999df2af8eb42d56 -> 
  custom:audio-encoder-webm-vorbis: bf7c407c2cedff20999df2af8eb42d56 -> 
  custom:scripting/precompiled-assembly-types:Assembly-CSharp: 74cfa10d7708b0e5310e90397328ec8d -> 69ea2203ffb79dbff4b01d4dabda315f
========================================================================
Received Import Request.
  Time since last request: 184.124949 seconds.
  path: Assets/Scenes/Cutscene/SceneThree.unity
  artifactKey: Guid(a0337253141f04175b6b506b9d64993e) Importer(815301076,1909f56bfc062723c751e8b465ee728b)
Start importing Assets/Scenes/Cutscene/SceneThree.unity using Guid(a0337253141f04175b6b506b9d64993e) Importer(815301076,1909f56bfc062723c751e8b465ee728b) [PhysX] Initialized MultithreadedTaskDispatcher with 8 workers.
 -> (artifact id: '1ebe834d54483494a4b0f9c2ae062770') in 0.002544 seconds
Number of updated asset objects reloaded before import = 0
Number of asset objects unloaded after import = 0
========================================================================
Received Import Request.
  Time since last request: 12.382547 seconds.
  path: Assets/Scenes/Cutscene/FinalScene.unity
  artifactKey: Guid(801e1eeda27664db7a8eba4b8c446407) Importer(815301076,1909f56bfc062723c751e8b465ee728b)
Start importing Assets/Scenes/Cutscene/FinalScene.unity using Guid(801e1eeda27664db7a8eba4b8c446407) Importer(815301076,1909f56bfc062723c751e8b465ee728b) [PhysX] Initialized MultithreadedTaskDispatcher with 8 workers.
 -> (artifact id: '0a3c4eef7b45ee68be7908fdb2de7e15') in 0.000665 seconds
Number of updated asset objects reloaded before import = 0
Number of asset objects unloaded after import = 0
========================================================================
Received Import Request.
  Time since last request: 10.705065 seconds.
  path: Assets/Scenes/Menu/Level Select.unity
  artifactKey: Guid(fb3d99d5b622c4dbf94430d52436bb6d) Importer(815301076,1909f56bfc062723c751e8b465ee728b)
Start importing Assets/Scenes/Menu/Level Select.unity using Guid(fb3d99d5b622c4dbf94430d52436bb6d) Importer(815301076,1909f56bfc062723c751e8b465ee728b) [PhysX] Initialized MultithreadedTaskDispatcher with 8 workers.
 -> (artifact id: 'bbcb7b472e8a39c5d6ba4c8373a10d44') in 0.000860 seconds
Number of updated asset objects reloaded before import = 0
Number of asset objects unloaded after import = 0
========================================================================
Received Prepare
Caller must complete domain reload
 #0 GetStacktrace(int)
 #1 DebugStringToFile(DebugStringToFileData const&)
 #2 AssertImplementation(int, char const*, int, int, char const*)
 #3 Internal_ADB_WorkerOnly_DomainReload(AssemblyLoadReason)
 #4 WorkerDomainReloadV2()
 #5 AssetImportWorkerClient::ReloadMonoDomain(AssetResolver&)
 #6 invocation function for block in AssetImportWorkerClient::HandleMessage(PrepareMessage const&)::$_4::operator()() const
 #7 _dispatch_client_callout
 #8 _dispatch_async_and_wait_invoke
 #9 _dispatch_client_callout
 #10 _dispatch_main_queue_drain
 #11 _dispatch_main_queue_callback_4CF
 #12 __CFRUNLOOP_IS_SERVICING_THE_MAIN_DISPATCH_QUEUE__
 #13 __CFRunLoopRun
 #14 CFRunLoopRunSpecific
 #15 RunCurrentEventLoopInMode
 #16 ReceiveNextEventCommon
 #17 _BlockUntilNextEventMatchingListInModeWithFilter
 #18 _DPSNextEvent
 #19 -[NSApplication(NSEvent) _nextEventMatchingEventMask:untilDate:inMode:dequeue:]
 #20 -[NSApplication run]
 #21 NSApplicationMain
 #22 EditorMain(int, char const**)
 #23 main
 #24 start

Begin MonoManager ReloadAssembly
- Loaded All Assemblies, in  0.796 seconds
Native extension for WindowsStandalone target not found
Native extension for iOS target not found
Native extension for Android target not found
Native extension for OSXStandalone target not found
Mono: successfully reloaded assembly
[Package Manager] Server::EnsureServerProcessIsRunning -- launch failed, reason: Unity was launched with the -noUpm command-line argument
[Package Manager] UpmClient::Send -- Unable to send message (not connected to UPM process).
[Package Manager] Cannot connect to Unity Package Manager local server
- Finished resetting the current domain, in  2.141 seconds
Domain Reload Profiling: 2937ms
	BeginReloadAssembly (253ms)
		ExecutionOrderSort (0ms)
		DisableScriptedObjects (20ms)
		BackupInstance (0ms)
		ReleaseScriptingObjects (0ms)
		CreateAndSetChildDomain (81ms)
	RebuildCommonClasses (64ms)
	RebuildNativeTypeToScriptingClass (21ms)
	initialDomainReloadingComplete (41ms)
	LoadAllAssembliesAndSetupDomain (415ms)
		LoadAssemblies (501ms)
		RebuildTransferFunctionScriptingTraits (0ms)
		AnalyzeDomain (27ms)
			TypeCache.Refresh (10ms)
				TypeCache.ScanAssembly (0ms)
			ScanForSourceGeneratedMonoScriptInfo (0ms)
			ResolveRequiredComponents (14ms)
	FinalizeReload (2142ms)
		ReleaseScriptCaches (0ms)
		RebuildScriptCaches (0ms)
		SetupLoadedEditorAssemblies (754ms)
			LogAssemblyErrors (0ms)
			InitializePlatformSupportModulesInManaged (50ms)
			SetLoadedEditorAssemblies (9ms)
			RefreshPlugins (0ms)
			BeforeProcessingInitializeOnLoad (113ms)
			ProcessInitializeOnLoadAttributes (517ms)
			ProcessInitializeOnLoadMethodAttributes (62ms)
			AfterProcessingInitializeOnLoad (2ms)
			EditorAssembliesLoaded (0ms)
		ExecutionOrderSort2 (0ms)
		AwakeInstancesAfterBackupRestoration (17ms)
Refreshing native plugins compatible for Editor in 6.95 ms, found 3 plugins.
Preloading 0 native plugins for Editor in 0.00 ms.
Unloading 4324 Unused Serialized files (Serialized files now loaded: 0)
Unloading 19 unused Assets / (31.3 KB). Loaded Objects now: 4950.
Memory consumption went from 288.1 MB to 288.0 MB.
Total: 8.191757 ms (FindLiveObjects: 0.673060 ms CreateObjectMapping: 0.559427 ms MarkObjects: 6.842509 ms  DeleteObjects: 0.115227 ms)

Prepare: number of updated asset objects reloaded= 0
AssetImportParameters requested are different than current active one (requested -> active):
  custom:container-demuxer-ogg: 62fdf1f143b41e24485cea50d1cbac27 -> 
  custom:scripting/monoscript/fileName/Guest Mode.cs: 14bb294407ae9216b25ce15ea82c36c5 -> 
  custom:video-decoder-ogg-theora: a1e56fd34408186e4bbccfd4996cb3dc -> 
  custom:CustomObjectIndexerAttribute: 9a22284fe3817be447336de3de66b15e -> 
  custom:container-demuxer-webm: 4f35f7cbe854078d1ac9338744f61a02 -> 
  custom:container-muxer-webm: aa71ff27fc2769a1b78a27578f13a17b -> 
  custom:video-decoder-webm-vp8: 9c59270c3fd7afecdb556c50c9e8de78 -> 
  custom:SearchIndexIgnoredProperties: e643bd26f0fe6173181afceb89e7c659 -> 
  custom:AudioImporter_EditorPlatform: 3918e3fc78b5a79bad01e8451be0beb8 -> 
  custom:framework-osx-AVFoundation: e770b220cccbd017edd2c1fefb359320 -> 
  custom:video-encoder-webm-vp8: eb34c28f22e8b96e1ab97ce403110664 -> 
  custom:audio-decoder-ogg-vorbis: bf7c407c2cedff20999df2af8eb42d56 -> 
  custom:audio-encoder-webm-vorbis: bf7c407c2cedff20999df2af8eb42d56 -> 
  custom:scripting/precompiled-assembly-types:Assembly-CSharp: 74cfa10d7708b0e5310e90397328ec8d -> 69ea2203ffb79dbff4b01d4dabda315f
========================================================================
Received Import Request.
  Time since last request: 159.208700 seconds.
  path: Assets/Scenes/Levels/Final.unity
  artifactKey: Guid(6b01fa3c6fffa4e7d868c125bcd40227) Importer(815301076,1909f56bfc062723c751e8b465ee728b)
Start importing Assets/Scenes/Levels/Final.unity using Guid(6b01fa3c6fffa4e7d868c125bcd40227) Importer(815301076,1909f56bfc062723c751e8b465ee728b) [PhysX] Initialized MultithreadedTaskDispatcher with 8 workers.
 -> (artifact id: '3496382a0ea89082e83800ca4b7bd48e') in 0.003612 seconds
Number of updated asset objects reloaded before import = 0
Number of asset objects unloaded after import = 0
========================================================================
Received Import Request.
  Time since last request: 30.090120 seconds.
  path: Assets/Scenes/Levels/Level Summary.unity
  artifactKey: Guid(4ea957282d0744152b33964b608f7722) Importer(815301076,1909f56bfc062723c751e8b465ee728b)
Start importing Assets/Scenes/Levels/Level Summary.unity using Guid(4ea957282d0744152b33964b608f7722) Importer(815301076,1909f56bfc062723c751e8b465ee728b) [PhysX] Initialized MultithreadedTaskDispatcher with 8 workers.
 -> (artifact id: '0829fbeab83d853e27ee7bb79a83d02c') in 0.000592 seconds
Number of updated asset objects reloaded before import = 0
Number of asset objects unloaded after import = 0
========================================================================
Received Import Request.
  Time since last request: 175.023266 seconds.
  path: Assets/Scenes/Levels/Final.unity
  artifactKey: Guid(6b01fa3c6fffa4e7d868c125bcd40227) Importer(815301076,1909f56bfc062723c751e8b465ee728b)
Start importing Assets/Scenes/Levels/Final.unity using Guid(6b01fa3c6fffa4e7d868c125bcd40227) Importer(815301076,1909f56bfc062723c751e8b465ee728b) [PhysX] Initialized MultithreadedTaskDispatcher with 8 workers.
 -> (artifact id: 'b81d15e1e80e6867260c4ba97fc7121c') in 0.000727 seconds
Number of updated asset objects reloaded before import = 0
Number of asset objects unloaded after import = 0
========================================================================
Received Prepare
Caller must complete domain reload
 #0 GetStacktrace(int)
 #1 DebugStringToFile(DebugStringToFileData const&)
 #2 AssertImplementation(int, char const*, int, int, char const*)
 #3 Internal_ADB_WorkerOnly_DomainReload(AssemblyLoadReason)
 #4 WorkerDomainReloadV2()
 #5 AssetImportWorkerClient::ReloadMonoDomain(AssetResolver&)
 #6 invocation function for block in AssetImportWorkerClient::HandleMessage(PrepareMessage const&)::$_4::operator()() const
 #7 _dispatch_client_callout
 #8 _dispatch_async_and_wait_invoke
 #9 _dispatch_client_callout
 #10 _dispatch_main_queue_drain
 #11 _dispatch_main_queue_callback_4CF
 #12 __CFRUNLOOP_IS_SERVICING_THE_MAIN_DISPATCH_QUEUE__
 #13 __CFRunLoopRun
 #14 CFRunLoopRunSpecific
 #15 RunCurrentEventLoopInMode
 #16 ReceiveNextEventCommon
 #17 _BlockUntilNextEventMatchingListInModeWithFilter
 #18 _DPSNextEvent
 #19 -[NSApplication(NSEvent) _nextEventMatchingEventMask:untilDate:inMode:dequeue:]
 #20 -[NSApplication run]
 #21 NSApplicationMain
 #22 EditorMain(int, char const**)
 #23 main
 #24 start

Begin MonoManager ReloadAssembly
- Loaded All Assemblies, in  0.824 seconds
Native extension for WindowsStandalone target not found
Native extension for iOS target not found
Native extension for Android target not found
Native extension for OSXStandalone target not found
Mono: successfully reloaded assembly
[Package Manager] Server::EnsureServerProcessIsRunning -- launch failed, reason: Unity was launched with the -noUpm command-line argument
[Package Manager] UpmClient::Send -- Unable to send message (not connected to UPM process).
[Package Manager] Cannot connect to Unity Package Manager local server
- Finished resetting the current domain, in  2.294 seconds
Domain Reload Profiling: 3118ms
	BeginReloadAssembly (274ms)
		ExecutionOrderSort (0ms)
		DisableScriptedObjects (22ms)
		BackupInstance (0ms)
		ReleaseScriptingObjects (0ms)
		CreateAndSetChildDomain (90ms)
	RebuildCommonClasses (67ms)
	RebuildNativeTypeToScriptingClass (21ms)
	initialDomainReloadingComplete (42ms)
	LoadAllAssembliesAndSetupDomain (419ms)
		LoadAssemblies (512ms)
		RebuildTransferFunctionScriptingTraits (0ms)
		AnalyzeDomain (26ms)
			TypeCache.Refresh (9ms)
				TypeCache.ScanAssembly (0ms)
			ScanForSourceGeneratedMonoScriptInfo (0ms)
			ResolveRequiredComponents (14ms)
	FinalizeReload (2295ms)
		ReleaseScriptCaches (0ms)
		RebuildScriptCaches (0ms)
		SetupLoadedEditorAssemblies (753ms)
			LogAssemblyErrors (0ms)
			InitializePlatformSupportModulesInManaged (52ms)
			SetLoadedEditorAssemblies (9ms)
			RefreshPlugins (0ms)
			BeforeProcessingInitializeOnLoad (115ms)
			ProcessInitializeOnLoadAttributes (507ms)
			ProcessInitializeOnLoadMethodAttributes (67ms)
			AfterProcessingInitializeOnLoad (3ms)
			EditorAssembliesLoaded (0ms)
		ExecutionOrderSort2 (0ms)
		AwakeInstancesAfterBackupRestoration (18ms)
Refreshing native plugins compatible for Editor in 6.13 ms, found 3 plugins.
Preloading 0 native plugins for Editor in 0.00 ms.
Unloading 4324 Unused Serialized files (Serialized files now loaded: 0)
Unloading 19 unused Assets / (31.3 KB). Loaded Objects now: 4954.
Memory consumption went from 292.6 MB to 292.6 MB.
Total: 6.955673 ms (FindLiveObjects: 0.435498 ms CreateObjectMapping: 0.511661 ms MarkObjects: 5.929005 ms  DeleteObjects: 0.078060 ms)

Prepare: number of updated asset objects reloaded= 0
AssetImportParameters requested are different than current active one (requested -> active):
  custom:container-demuxer-ogg: 62fdf1f143b41e24485cea50d1cbac27 -> 
  custom:scripting/monoscript/fileName/Guest Mode.cs: 14bb294407ae9216b25ce15ea82c36c5 -> 
  custom:video-decoder-ogg-theora: a1e56fd34408186e4bbccfd4996cb3dc -> 
  custom:CustomObjectIndexerAttribute: 9a22284fe3817be447336de3de66b15e -> 
  custom:container-demuxer-webm: 4f35f7cbe854078d1ac9338744f61a02 -> 
  custom:container-muxer-webm: aa71ff27fc2769a1b78a27578f13a17b -> 
  custom:video-decoder-webm-vp8: 9c59270c3fd7afecdb556c50c9e8de78 -> 
  custom:SearchIndexIgnoredProperties: e643bd26f0fe6173181afceb89e7c659 -> 
  custom:AudioImporter_EditorPlatform: 3918e3fc78b5a79bad01e8451be0beb8 -> 
  custom:framework-osx-AVFoundation: e770b220cccbd017edd2c1fefb359320 -> 
  custom:video-encoder-webm-vp8: eb34c28f22e8b96e1ab97ce403110664 -> 
  custom:audio-decoder-ogg-vorbis: bf7c407c2cedff20999df2af8eb42d56 -> 
  custom:audio-encoder-webm-vorbis: bf7c407c2cedff20999df2af8eb42d56 -> 
  custom:scripting/precompiled-assembly-types:Assembly-CSharp: 74cfa10d7708b0e5310e90397328ec8d -> 69ea2203ffb79dbff4b01d4dabda315f
========================================================================
Received Import Request.
  Time since last request: 85.499724 seconds.
  path: Assets/Scenes/Cutscene/FinalScene.unity
  artifactKey: Guid(801e1eeda27664db7a8eba4b8c446407) Importer(815301076,1909f56bfc062723c751e8b465ee728b)
Start importing Assets/Scenes/Cutscene/FinalScene.unity using Guid(801e1eeda27664db7a8eba4b8c446407) Importer(815301076,1909f56bfc062723c751e8b465ee728b) [PhysX] Initialized MultithreadedTaskDispatcher with 8 workers.
 -> (artifact id: '2cf1c664d0ac707c6c0d69c296929799') in 0.002623 seconds
Number of updated asset objects reloaded before import = 0
Number of asset objects unloaded after import = 0
========================================================================
Received Prepare
Caller must complete domain reload
 #0 GetStacktrace(int)
 #1 DebugStringToFile(DebugStringToFileData const&)
 #2 AssertImplementation(int, char const*, int, int, char const*)
 #3 Internal_ADB_WorkerOnly_DomainReload(AssemblyLoadReason)
 #4 WorkerDomainReloadV2()
 #5 AssetImportWorkerClient::ReloadMonoDomain(AssetResolver&)
 #6 invocation function for block in AssetImportWorkerClient::HandleMessage(PrepareMessage const&)::$_4::operator()() const
 #7 _dispatch_client_callout
 #8 _dispatch_async_and_wait_invoke
 #9 _dispatch_client_callout
 #10 _dispatch_main_queue_drain
 #11 _dispatch_main_queue_callback_4CF
 #12 __CFRUNLOOP_IS_SERVICING_THE_MAIN_DISPATCH_QUEUE__
 #13 __CFRunLoopRun
 #14 CFRunLoopRunSpecific
 #15 RunCurrentEventLoopInMode
 #16 ReceiveNextEventCommon
 #17 _BlockUntilNextEventMatchingListInModeWithFilter
 #18 _DPSNextEvent
 #19 -[NSApplication(NSEvent) _nextEventMatchingEventMask:untilDate:inMode:dequeue:]
 #20 -[NSApplication run]
 #21 NSApplicationMain
 #22 EditorMain(int, char const**)
 #23 main
 #24 start

Begin MonoManager ReloadAssembly
- Loaded All Assemblies, in  1.044 seconds
Native extension for WindowsStandalone target not found
Native extension for iOS target not found
Native extension for Android target not found
Native extension for OSXStandalone target not found
Mono: successfully reloaded assembly
[Package Manager] Server::EnsureServerProcessIsRunning -- launch failed, reason: Unity was launched with the -noUpm command-line argument
[Package Manager] UpmClient::Send -- Unable to send message (not connected to UPM process).
[Package Manager] Cannot connect to Unity Package Manager local server
- Finished resetting the current domain, in  1.556 seconds
Domain Reload Profiling: 2600ms
	BeginReloadAssembly (480ms)
		ExecutionOrderSort (0ms)
		DisableScriptedObjects (176ms)
		BackupInstance (0ms)
		ReleaseScriptingObjects (0ms)
		CreateAndSetChildDomain (104ms)
	RebuildCommonClasses (77ms)
	RebuildNativeTypeToScriptingClass (22ms)
	initialDomainReloadingComplete (43ms)
	LoadAllAssembliesAndSetupDomain (421ms)
		LoadAssemblies (528ms)
		RebuildTransferFunctionScriptingTraits (0ms)
		AnalyzeDomain (29ms)
			TypeCache.Refresh (11ms)
				TypeCache.ScanAssembly (0ms)
			ScanForSourceGeneratedMonoScriptInfo (0ms)
			ResolveRequiredComponents (14ms)
	FinalizeReload (1557ms)
		ReleaseScriptCaches (0ms)
		RebuildScriptCaches (0ms)
		SetupLoadedEditorAssemblies (744ms)
			LogAssemblyErrors (0ms)
			InitializePlatformSupportModulesInManaged (54ms)
			SetLoadedEditorAssemblies (9ms)
			RefreshPlugins (0ms)
			BeforeProcessingInitializeOnLoad (116ms)
			ProcessInitializeOnLoadAttributes (501ms)
			ProcessInitializeOnLoadMethodAttributes (61ms)
			AfterProcessingInitializeOnLoad (2ms)
			EditorAssembliesLoaded (0ms)
		ExecutionOrderSort2 (0ms)
		AwakeInstancesAfterBackupRestoration (17ms)
Refreshing native plugins compatible for Editor in 4.24 ms, found 3 plugins.
Preloading 0 native plugins for Editor in 0.00 ms.
Unloading 4324 Unused Serialized files (Serialized files now loaded: 0)
Unloading 19 unused Assets / (31.3 KB). Loaded Objects now: 4958.
Memory consumption went from 297.2 MB to 297.1 MB.
Total: 5.826233 ms (FindLiveObjects: 0.410161 ms CreateObjectMapping: 0.388820 ms MarkObjects: 4.958104 ms  DeleteObjects: 0.067987 ms)

Prepare: number of updated asset objects reloaded= 0
AssetImportParameters requested are different than current active one (requested -> active):
  custom:container-demuxer-ogg: 62fdf1f143b41e24485cea50d1cbac27 -> 
  custom:scripting/monoscript/fileName/Guest Mode.cs: 14bb294407ae9216b25ce15ea82c36c5 -> 
  custom:video-decoder-ogg-theora: a1e56fd34408186e4bbccfd4996cb3dc -> 
  custom:CustomObjectIndexerAttribute: 9a22284fe3817be447336de3de66b15e -> 
  custom:container-demuxer-webm: 4f35f7cbe854078d1ac9338744f61a02 -> 
  custom:container-muxer-webm: aa71ff27fc2769a1b78a27578f13a17b -> 
  custom:video-decoder-webm-vp8: 9c59270c3fd7afecdb556c50c9e8de78 -> 
  custom:SearchIndexIgnoredProperties: e643bd26f0fe6173181afceb89e7c659 -> 
  custom:AudioImporter_EditorPlatform: 3918e3fc78b5a79bad01e8451be0beb8 -> 
  custom:framework-osx-AVFoundation: e770b220cccbd017edd2c1fefb359320 -> 
  custom:video-encoder-webm-vp8: eb34c28f22e8b96e1ab97ce403110664 -> 
  custom:audio-decoder-ogg-vorbis: bf7c407c2cedff20999df2af8eb42d56 -> 
  custom:audio-encoder-webm-vorbis: bf7c407c2cedff20999df2af8eb42d56 -> 
  custom:scripting/precompiled-assembly-types:Assembly-CSharp: 74cfa10d7708b0e5310e90397328ec8d -> 69ea2203ffb79dbff4b01d4dabda315f
