Unity Editor version:    2022.3.60f1 (5f63fdee6d95)
Branch:                  2022.3/staging
Build type:              Release
Batch mode:              YES
macOS version:           Version 13.7.1 (Build 22H221)
Darwin version:          22.6.0
Architecture:            x86_64
Running under Rosetta:   NO
Available memory:        16384 MB
Using pre-set license
Pro License: YES

COMMAND LINE ARGUMENTS:
/Applications/Unity/Hub/Editor/2022.3.60f1/Unity.app/Contents/MacOS/Unity
-adb2
-batchMode
-noUpm
-name
AssetImportWorker3
-projectPath
/Users/yousefnaiem/Tarnung
-logFile
Logs/AssetImportWorker3.log
-srvPort
59095
Successfully changed project path to: /Users/yousefnaiem/Tarnung
/Users/yousefnaiem/Tarnung
[UnityMemory] Configuration Parameters - Can be set up in boot.config
    "memorysetup-bucket-allocator-granularity=16"
    "memorysetup-bucket-allocator-bucket-count=8"
    "memorysetup-bucket-allocator-block-size=33554432"
    "memorysetup-bucket-allocator-block-count=8"
    "memorysetup-main-allocator-block-size=16777216"
    "memorysetup-thread-allocator-block-size=16777216"
    "memorysetup-gfx-main-allocator-block-size=16777216"
    "memorysetup-gfx-thread-allocator-block-size=16777216"
    "memorysetup-cache-allocator-block-size=4194304"
    "memorysetup-typetree-allocator-block-size=2097152"
    "memorysetup-profiler-bucket-allocator-granularity=16"
    "memorysetup-profiler-bucket-allocator-bucket-count=8"
    "memorysetup-profiler-bucket-allocator-block-size=33554432"
    "memorysetup-profiler-bucket-allocator-block-count=8"
    "memorysetup-profiler-allocator-block-size=16777216"
    "memorysetup-profiler-editor-allocator-block-size=1048576"
    "memorysetup-temp-allocator-size-main=16777216"
    "memorysetup-job-temp-allocator-block-size=2097152"
    "memorysetup-job-temp-allocator-block-size-background=1048576"
    "memorysetup-job-temp-allocator-reduction-small-platforms=262144"
    "memorysetup-allocator-temp-initial-block-size-main=262144"
    "memorysetup-allocator-temp-initial-block-size-worker=262144"
    "memorysetup-temp-allocator-size-background-worker=32768"
    "memorysetup-temp-allocator-size-job-worker=262144"
    "memorysetup-temp-allocator-size-preload-manager=33554432"
    "memorysetup-temp-allocator-size-nav-mesh-worker=65536"
    "memorysetup-temp-allocator-size-audio-worker=65536"
    "memorysetup-temp-allocator-size-cloud-worker=32768"
    "memorysetup-temp-allocator-size-gi-baking-worker=262144"
    "memorysetup-temp-allocator-size-gfx=262144"
Player connection [140704735373632]  Target information:

Player connection [140704735373632]  * "[IP] 192.168.0.224 [Port] 0 [Flags] 2 [Guid] 3404693269 [EditorId] 3404693269 [Version] 1048832 [Id] OSXEditor(0,Yousefs-MacBook-Pro.local) [Debug] 1 [PackageName] OSXEditor [ProjectName] Editor" 

Player connection [140704735373632] Host joined multi-casting on [225.0.0.222:54997]...
Player connection [140704735373632] Host joined alternative multi-casting on [225.0.0.222:34997]...
Input System module state changed to: Initialized.
[PhysX] Initialized MultithreadedTaskDispatcher with 8 workers.
Refreshing native plugins compatible for Editor in 35.55 ms, found 3 plugins.
Preloading 0 native plugins for Editor in 0.00 ms.
Initialize engine version: 2022.3.60f1 (5f63fdee6d95)
[Subsystems] Discovering subsystems at path /Applications/Unity/Hub/Editor/2022.3.60f1/Unity.app/Contents/Resources/UnitySubsystems
[Subsystems] Discovering subsystems at path /Users/yousefnaiem/Tarnung/Assets
GfxDevice: creating device client; threaded=0; jobified=0
Color LCD preferred device: AMD Radeon Pro 560 (high power)
Metal devices available: 2
0: AMD Radeon Pro 560 (high power)
1: Intel(R) HD Graphics 630 (low power)
Using device AMD Radeon Pro 560 (high power)
Initializing Metal device caps: AMD Radeon Pro 560
Initialize mono
Mono path[0] = '/Applications/Unity/Hub/Editor/2022.3.60f1/Unity.app/Contents/Managed'
Mono path[1] = '/Applications/Unity/Hub/Editor/2022.3.60f1/Unity.app/Contents/MonoBleedingEdge/lib/mono/unityjit-macos'
Mono config path = '/Applications/Unity/Hub/Editor/2022.3.60f1/Unity.app/Contents/MonoBleedingEdge/etc'
Using monoOptions --debugger-agent=transport=dt_socket,embedding=1,server=y,suspend=n,address=127.0.0.1:56883
Begin MonoManager ReloadAssembly
Registering precompiled unity dll's ...
Register platform support module: /Applications/Unity/Hub/Editor/2022.3.60f1/Unity.app/Contents/PlaybackEngines/MacStandaloneSupport/UnityEditor.OSXStandalone.Extensions.dll
Register platform support module: /Applications/Unity/Hub/Editor/2022.3.60f1/PlaybackEngines/AndroidPlayer/UnityEditor.Android.Extensions.dll
Register platform support module: /Applications/Unity/Hub/Editor/2022.3.60f1/PlaybackEngines/iOSSupport/UnityEditor.iOS.Extensions.dll
Register platform support module: /Applications/Unity/Hub/Editor/2022.3.60f1/PlaybackEngines/WindowsStandaloneSupport/UnityEditor.WindowsStandalone.Extensions.dll
Registered in 0.019693 seconds.
- Loaded All Assemblies, in  1.010 seconds
Native extension for WindowsStandalone target not found
[usbmuxd] Start listen thread
[usbmuxd] Listen thread started
[usbmuxd] Send listen message
Native extension for iOS target not found
2025-04-18 22:28:52.085 Unity[12883:4983237] [XcodeApplications] Failed to read NSDictionary from path /Contents/Info.plist
Native extension for Android target not found
Android Extension - Scanning For ADB Devices 317 ms
Native extension for OSXStandalone target not found
Mono: successfully reloaded assembly
- Finished resetting the current domain, in  1.129 seconds
Domain Reload Profiling: 2138ms
	BeginReloadAssembly (335ms)
		ExecutionOrderSort (0ms)
		DisableScriptedObjects (0ms)
		BackupInstance (0ms)
		ReleaseScriptingObjects (0ms)
		CreateAndSetChildDomain (1ms)
	RebuildCommonClasses (115ms)
	RebuildNativeTypeToScriptingClass (30ms)
	initialDomainReloadingComplete (131ms)
	LoadAllAssembliesAndSetupDomain (397ms)
		LoadAssemblies (342ms)
		RebuildTransferFunctionScriptingTraits (0ms)
		AnalyzeDomain (386ms)
			TypeCache.Refresh (382ms)
				TypeCache.ScanAssembly (347ms)
			ScanForSourceGeneratedMonoScriptInfo (1ms)
			ResolveRequiredComponents (1ms)
	FinalizeReload (1129ms)
		ReleaseScriptCaches (0ms)
		RebuildScriptCaches (0ms)
		SetupLoadedEditorAssemblies (1024ms)
			LogAssemblyErrors (0ms)
			InitializePlatformSupportModulesInManaged (648ms)
			SetLoadedEditorAssemblies (10ms)
			RefreshPlugins (0ms)
			BeforeProcessingInitializeOnLoad (5ms)
			ProcessInitializeOnLoadAttributes (267ms)
			ProcessInitializeOnLoadMethodAttributes (94ms)
			AfterProcessingInitializeOnLoad (0ms)
			EditorAssembliesLoaded (0ms)
		ExecutionOrderSort2 (0ms)
		AwakeInstancesAfterBackupRestoration (0ms)
========================================================================
Worker process is ready to serve import requests
Caller must complete domain reload
 #0 GetStacktrace(int)
 #1 DebugStringToFile(DebugStringToFileData const&)
 #2 AssertImplementation(int, char const*, int, int, char const*)
 #3 Internal_ADB_WorkerOnly_DomainReload(AssemblyLoadReason)
 #4 WorkerDomainReloadV2()
 #5 invocation function for block in AssetImportWorkerClient::HandleMessage(InitializeMessage const&)::$_3::operator()() const
 #6 _dispatch_client_callout
 #7 _dispatch_async_and_wait_invoke
 #8 _dispatch_client_callout
 #9 _dispatch_main_queue_drain
 #10 _dispatch_main_queue_callback_4CF
 #11 __CFRUNLOOP_IS_SERVICING_THE_MAIN_DISPATCH_QUEUE__
 #12 __CFRunLoopRun
 #13 CFRunLoopRunSpecific
 #14 RunCurrentEventLoopInMode
 #15 ReceiveNextEventCommon
 #16 _BlockUntilNextEventMatchingListInModeWithFilter
 #17 _DPSNextEvent
 #18 -[NSApplication(NSEvent) _nextEventMatchingEventMask:untilDate:inMode:dequeue:]
 #19 -[NSApplication run]
 #20 NSApplicationMain
 #21 EditorMain(int, char const**)
 #22 main
 #23 start

Begin MonoManager ReloadAssembly
- Loaded All Assemblies, in  1.661 seconds
Native extension for WindowsStandalone target not found
Native extension for iOS target not found
2025-04-18 22:28:57.658 Unity[12883:4983237] [XcodeApplications] Failed to read NSDictionary from path /Contents/Info.plist
Native extension for Android target not found
Native extension for OSXStandalone target not found
Mono: successfully reloaded assembly
Package Manager log level set to [2]
[Package Manager] Server::EnsureServerProcessIsRunning -- launch failed, reason: Unity was launched with the -noUpm command-line argument
[Package Manager] UpmClient::Send -- Unable to send message (not connected to UPM process).
[Package Manager] Cannot connect to Unity Package Manager local server
[Package Manager] Server::EnsureServerProcessIsRunning -- launch failed, reason: Unity was launched with the -noUpm command-line argument
[Package Manager] UpmClient::Send -- Unable to send message (not connected to UPM process).
[Package Manager] Cannot connect to Unity Package Manager local server
- Finished resetting the current domain, in  1.447 seconds
Domain Reload Profiling: 3108ms
	BeginReloadAssembly (303ms)
		ExecutionOrderSort (0ms)
		DisableScriptedObjects (14ms)
		BackupInstance (0ms)
		ReleaseScriptingObjects (0ms)
		CreateAndSetChildDomain (63ms)
	RebuildCommonClasses (80ms)
	RebuildNativeTypeToScriptingClass (24ms)
	initialDomainReloadingComplete (89ms)
	LoadAllAssembliesAndSetupDomain (1165ms)
		LoadAssemblies (821ms)
		RebuildTransferFunctionScriptingTraits (0ms)
		AnalyzeDomain (497ms)
			TypeCache.Refresh (416ms)
				TypeCache.ScanAssembly (374ms)
			ScanForSourceGeneratedMonoScriptInfo (58ms)
			ResolveRequiredComponents (17ms)
	FinalizeReload (1448ms)
		ReleaseScriptCaches (0ms)
		RebuildScriptCaches (0ms)
		SetupLoadedEditorAssemblies (1007ms)
			LogAssemblyErrors (0ms)
			InitializePlatformSupportModulesInManaged (60ms)
			SetLoadedEditorAssemblies (10ms)
			RefreshPlugins (0ms)
			BeforeProcessingInitializeOnLoad (146ms)
			ProcessInitializeOnLoadAttributes (704ms)
			ProcessInitializeOnLoadMethodAttributes (83ms)
			AfterProcessingInitializeOnLoad (3ms)
			EditorAssembliesLoaded (0ms)
		ExecutionOrderSort2 (0ms)
		AwakeInstancesAfterBackupRestoration (8ms)
Launching external process: /Applications/Unity/Hub/Editor/2022.3.60f1/Unity.app/Contents/Tools/UnityShaderCompiler
Launched and connected shader compiler UnityShaderCompiler after 0.15 seconds
Refreshing native plugins compatible for Editor in 5.53 ms, found 3 plugins.
Preloading 0 native plugins for Editor in 0.00 ms.
Unloading 4348 Unused Serialized files (Serialized files now loaded: 0)
Unloading 32 unused Assets / (52.0 KB). Loaded Objects now: 4826.
Memory consumption went from 157.1 MB to 157.0 MB.
Total: 7.602286 ms (FindLiveObjects: 0.550548 ms CreateObjectMapping: 0.525158 ms MarkObjects: 6.352921 ms  DeleteObjects: 0.172207 ms)

AssetImportParameters requested are different than current active one (requested -> active):
  custom:container-demuxer-ogg: 62fdf1f143b41e24485cea50d1cbac27 -> 
  custom:video-decoder-ogg-theora: a1e56fd34408186e4bbccfd4996cb3dc -> 
  custom:CustomObjectIndexerAttribute: 9a22284fe3817be447336de3de66b15e -> 
  custom:container-demuxer-webm: 4f35f7cbe854078d1ac9338744f61a02 -> 
  custom:container-muxer-webm: aa71ff27fc2769a1b78a27578f13a17b -> 
  custom:video-decoder-webm-vp8: 9c59270c3fd7afecdb556c50c9e8de78 -> 
  custom:SearchIndexIgnoredProperties: e643bd26f0fe6173181afceb89e7c659 -> 
  custom:AudioImporter_EditorPlatform: 3918e3fc78b5a79bad01e8451be0beb8 -> 
  custom:framework-osx-AVFoundation: e770b220cccbd017edd2c1fefb359320 -> 
  custom:video-encoder-webm-vp8: eb34c28f22e8b96e1ab97ce403110664 -> 
  custom:audio-decoder-ogg-vorbis: bf7c407c2cedff20999df2af8eb42d56 -> 
  custom:audio-encoder-webm-vorbis: bf7c407c2cedff20999df2af8eb42d56 -> 
========================================================================
Received Prepare
Caller must complete domain reload
 #0 GetStacktrace(int)
 #1 DebugStringToFile(DebugStringToFileData const&)
 #2 AssertImplementation(int, char const*, int, int, char const*)
 #3 Internal_ADB_WorkerOnly_DomainReload(AssemblyLoadReason)
 #4 WorkerDomainReloadV2()
 #5 AssetImportWorkerClient::ReloadMonoDomain(AssetResolver&)
 #6 invocation function for block in AssetImportWorkerClient::HandleMessage(PrepareMessage const&)::$_4::operator()() const
 #7 _dispatch_client_callout
 #8 _dispatch_async_and_wait_invoke
 #9 _dispatch_client_callout
 #10 _dispatch_main_queue_drain
 #11 _dispatch_main_queue_callback_4CF
 #12 __CFRUNLOOP_IS_SERVICING_THE_MAIN_DISPATCH_QUEUE__
 #13 __CFRunLoopRun
 #14 CFRunLoopRunSpecific
 #15 RunCurrentEventLoopInMode
 #16 ReceiveNextEventCommon
 #17 _BlockUntilNextEventMatchingListInModeWithFilter
 #18 _DPSNextEvent
 #19 -[NSApplication(NSEvent) _nextEventMatchingEventMask:untilDate:inMode:dequeue:]
 #20 -[NSApplication run]
 #21 NSApplicationMain
 #22 EditorMain(int, char const**)
 #23 main
 #24 start

Begin MonoManager ReloadAssembly
- Loaded All Assemblies, in  2.106 seconds
Native extension for WindowsStandalone target not found
Native extension for iOS target not found
2025-04-18 22:32:06.157 Unity[12883:4983237] [XcodeApplications] Failed to read NSDictionary from path /Contents/Info.plist
Native extension for Android target not found
Native extension for OSXStandalone target not found
Mono: successfully reloaded assembly
[Package Manager] Server::EnsureServerProcessIsRunning -- launch failed, reason: Unity was launched with the -noUpm command-line argument
[Package Manager] UpmClient::Send -- Unable to send message (not connected to UPM process).
[Package Manager] Cannot connect to Unity Package Manager local server
- Finished resetting the current domain, in  1.358 seconds
Domain Reload Profiling: 3465ms
	BeginReloadAssembly (1449ms)
		ExecutionOrderSort (0ms)
		DisableScriptedObjects (1181ms)
		BackupInstance (0ms)
		ReleaseScriptingObjects (0ms)
		CreateAndSetChildDomain (106ms)
	RebuildCommonClasses (82ms)
	RebuildNativeTypeToScriptingClass (26ms)
	initialDomainReloadingComplete (53ms)
	LoadAllAssembliesAndSetupDomain (496ms)
		LoadAssemblies (587ms)
		RebuildTransferFunctionScriptingTraits (0ms)
		AnalyzeDomain (29ms)
			TypeCache.Refresh (10ms)
				TypeCache.ScanAssembly (0ms)
			ScanForSourceGeneratedMonoScriptInfo (0ms)
			ResolveRequiredComponents (15ms)
	FinalizeReload (1359ms)
		ReleaseScriptCaches (0ms)
		RebuildScriptCaches (0ms)
		SetupLoadedEditorAssemblies (906ms)
			LogAssemblyErrors (0ms)
			InitializePlatformSupportModulesInManaged (58ms)
			SetLoadedEditorAssemblies (9ms)
			RefreshPlugins (0ms)
			BeforeProcessingInitializeOnLoad (115ms)
			ProcessInitializeOnLoadAttributes (631ms)
			ProcessInitializeOnLoadMethodAttributes (88ms)
			AfterProcessingInitializeOnLoad (4ms)
			EditorAssembliesLoaded (1ms)
		ExecutionOrderSort2 (0ms)
		AwakeInstancesAfterBackupRestoration (24ms)
Refreshing native plugins compatible for Editor in 11.74 ms, found 3 plugins.
Preloading 0 native plugins for Editor in 0.00 ms.
Unloading 4324 Unused Serialized files (Serialized files now loaded: 0)
Unloading 19 unused Assets / (31.2 KB). Loaded Objects now: 4831.
Memory consumption went from 156.0 MB to 156.0 MB.
Total: 6.016478 ms (FindLiveObjects: 0.438244 ms CreateObjectMapping: 0.440314 ms MarkObjects: 5.079125 ms  DeleteObjects: 0.057528 ms)

Prepare: number of updated asset objects reloaded= 0
AssetImportParameters requested are different than current active one (requested -> active):
  custom:container-demuxer-ogg: 62fdf1f143b41e24485cea50d1cbac27 -> 
  custom:video-decoder-ogg-theora: a1e56fd34408186e4bbccfd4996cb3dc -> 
  custom:CustomObjectIndexerAttribute: 9a22284fe3817be447336de3de66b15e -> 
  custom:container-demuxer-webm: 4f35f7cbe854078d1ac9338744f61a02 -> 
  custom:container-muxer-webm: aa71ff27fc2769a1b78a27578f13a17b -> 
  custom:video-decoder-webm-vp8: 9c59270c3fd7afecdb556c50c9e8de78 -> 
  custom:SearchIndexIgnoredProperties: e643bd26f0fe6173181afceb89e7c659 -> 
  custom:AudioImporter_EditorPlatform: 3918e3fc78b5a79bad01e8451be0beb8 -> 
  custom:framework-osx-AVFoundation: e770b220cccbd017edd2c1fefb359320 -> 
  custom:video-encoder-webm-vp8: eb34c28f22e8b96e1ab97ce403110664 -> 
  custom:audio-decoder-ogg-vorbis: bf7c407c2cedff20999df2af8eb42d56 -> 
  custom:audio-encoder-webm-vorbis: bf7c407c2cedff20999df2af8eb42d56 -> 
========================================================================
Received Prepare
Caller must complete domain reload
 #0 GetStacktrace(int)
 #1 DebugStringToFile(DebugStringToFileData const&)
 #2 AssertImplementation(int, char const*, int, int, char const*)
 #3 Internal_ADB_WorkerOnly_DomainReload(AssemblyLoadReason)
 #4 WorkerDomainReloadV2()
 #5 AssetImportWorkerClient::ReloadMonoDomain(AssetResolver&)
 #6 invocation function for block in AssetImportWorkerClient::HandleMessage(PrepareMessage const&)::$_4::operator()() const
 #7 _dispatch_client_callout
 #8 _dispatch_async_and_wait_invoke
 #9 _dispatch_client_callout
 #10 _dispatch_main_queue_drain
 #11 _dispatch_main_queue_callback_4CF
 #12 __CFRUNLOOP_IS_SERVICING_THE_MAIN_DISPATCH_QUEUE__
 #13 __CFRunLoopRun
 #14 CFRunLoopRunSpecific
 #15 RunCurrentEventLoopInMode
 #16 ReceiveNextEventCommon
 #17 _BlockUntilNextEventMatchingListInModeWithFilter
 #18 _DPSNextEvent
 #19 -[NSApplication(NSEvent) _nextEventMatchingEventMask:untilDate:inMode:dequeue:]
 #20 -[NSApplication run]
 #21 NSApplicationMain
 #22 EditorMain(int, char const**)
 #23 main
 #24 start

Begin MonoManager ReloadAssembly
- Loaded All Assemblies, in  0.874 seconds
Native extension for WindowsStandalone target not found
Native extension for iOS target not found
2025-04-18 22:53:51.704 Unity[12883:4983237] [XcodeApplications] Failed to read NSDictionary from path /Contents/Info.plist
Native extension for Android target not found
Native extension for OSXStandalone target not found
Mono: successfully reloaded assembly
[Package Manager] Server::EnsureServerProcessIsRunning -- launch failed, reason: Unity was launched with the -noUpm command-line argument
[Package Manager] UpmClient::Send -- Unable to send message (not connected to UPM process).
[Package Manager] Cannot connect to Unity Package Manager local server
- Finished resetting the current domain, in  2.511 seconds
Domain Reload Profiling: 3385ms
	BeginReloadAssembly (272ms)
		ExecutionOrderSort (0ms)
		DisableScriptedObjects (22ms)
		BackupInstance (0ms)
		ReleaseScriptingObjects (0ms)
		CreateAndSetChildDomain (92ms)
	RebuildCommonClasses (67ms)
	RebuildNativeTypeToScriptingClass (22ms)
	initialDomainReloadingComplete (42ms)
	LoadAllAssembliesAndSetupDomain (471ms)
		LoadAssemblies (561ms)
		RebuildTransferFunctionScriptingTraits (0ms)
		AnalyzeDomain (26ms)
			TypeCache.Refresh (9ms)
				TypeCache.ScanAssembly (0ms)
			ScanForSourceGeneratedMonoScriptInfo (0ms)
			ResolveRequiredComponents (14ms)
	FinalizeReload (2512ms)
		ReleaseScriptCaches (0ms)
		RebuildScriptCaches (0ms)
		SetupLoadedEditorAssemblies (953ms)
			LogAssemblyErrors (0ms)
			InitializePlatformSupportModulesInManaged (56ms)
			SetLoadedEditorAssemblies (9ms)
			RefreshPlugins (0ms)
			BeforeProcessingInitializeOnLoad (123ms)
			ProcessInitializeOnLoadAttributes (650ms)
			ProcessInitializeOnLoadMethodAttributes (109ms)
			AfterProcessingInitializeOnLoad (5ms)
			EditorAssembliesLoaded (1ms)
		ExecutionOrderSort2 (0ms)
		AwakeInstancesAfterBackupRestoration (32ms)
Refreshing native plugins compatible for Editor in 11.53 ms, found 3 plugins.
Preloading 0 native plugins for Editor in 0.00 ms.
Unloading 4324 Unused Serialized files (Serialized files now loaded: 0)
Unloading 19 unused Assets / (31.1 KB). Loaded Objects now: 4835.
Memory consumption went from 160.4 MB to 160.3 MB.
Total: 6.643012 ms (FindLiveObjects: 0.542563 ms CreateObjectMapping: 0.538490 ms MarkObjects: 5.499495 ms  DeleteObjects: 0.061150 ms)

Prepare: number of updated asset objects reloaded= 0
AssetImportParameters requested are different than current active one (requested -> active):
  custom:container-demuxer-ogg: 62fdf1f143b41e24485cea50d1cbac27 -> 
  custom:video-decoder-ogg-theora: a1e56fd34408186e4bbccfd4996cb3dc -> 
  custom:CustomObjectIndexerAttribute: 9a22284fe3817be447336de3de66b15e -> 
  custom:container-demuxer-webm: 4f35f7cbe854078d1ac9338744f61a02 -> 
  custom:container-muxer-webm: aa71ff27fc2769a1b78a27578f13a17b -> 
  custom:video-decoder-webm-vp8: 9c59270c3fd7afecdb556c50c9e8de78 -> 
  custom:SearchIndexIgnoredProperties: e643bd26f0fe6173181afceb89e7c659 -> 
  custom:AudioImporter_EditorPlatform: 3918e3fc78b5a79bad01e8451be0beb8 -> 
  custom:framework-osx-AVFoundation: e770b220cccbd017edd2c1fefb359320 -> 
  custom:video-encoder-webm-vp8: eb34c28f22e8b96e1ab97ce403110664 -> 
  custom:audio-decoder-ogg-vorbis: bf7c407c2cedff20999df2af8eb42d56 -> 
  custom:audio-encoder-webm-vorbis: bf7c407c2cedff20999df2af8eb42d56 -> 
========================================================================
Received Prepare
Caller must complete domain reload
 #0 GetStacktrace(int)
 #1 DebugStringToFile(DebugStringToFileData const&)
 #2 AssertImplementation(int, char const*, int, int, char const*)
 #3 Internal_ADB_WorkerOnly_DomainReload(AssemblyLoadReason)
 #4 WorkerDomainReloadV2()
 #5 AssetImportWorkerClient::ReloadMonoDomain(AssetResolver&)
 #6 invocation function for block in AssetImportWorkerClient::HandleMessage(PrepareMessage const&)::$_4::operator()() const
 #7 _dispatch_client_callout
 #8 _dispatch_async_and_wait_invoke
 #9 _dispatch_client_callout
 #10 _dispatch_main_queue_drain
 #11 _dispatch_main_queue_callback_4CF
 #12 __CFRUNLOOP_IS_SERVICING_THE_MAIN_DISPATCH_QUEUE__
 #13 __CFRunLoopRun
 #14 CFRunLoopRunSpecific
 #15 RunCurrentEventLoopInMode
 #16 ReceiveNextEventCommon
 #17 _BlockUntilNextEventMatchingListInModeWithFilter
 #18 _DPSNextEvent
 #19 -[NSApplication(NSEvent) _nextEventMatchingEventMask:untilDate:inMode:dequeue:]
 #20 -[NSApplication run]
 #21 NSApplicationMain
 #22 EditorMain(int, char const**)
 #23 main
 #24 start

Begin MonoManager ReloadAssembly
- Loaded All Assemblies, in  0.809 seconds
Native extension for WindowsStandalone target not found
Native extension for iOS target not found
2025-04-18 22:55:55.674 Unity[12883:4983237] [XcodeApplications] Failed to read NSDictionary from path /Contents/Info.plist
Native extension for Android target not found
Native extension for OSXStandalone target not found
Mono: successfully reloaded assembly
[Package Manager] Server::EnsureServerProcessIsRunning -- launch failed, reason: Unity was launched with the -noUpm command-line argument
[Package Manager] UpmClient::Send -- Unable to send message (not connected to UPM process).
[Package Manager] Cannot connect to Unity Package Manager local server
- Finished resetting the current domain, in  2.271 seconds
Domain Reload Profiling: 3079ms
	BeginReloadAssembly (260ms)
		ExecutionOrderSort (0ms)
		DisableScriptedObjects (20ms)
		BackupInstance (0ms)
		ReleaseScriptingObjects (0ms)
		CreateAndSetChildDomain (80ms)
	RebuildCommonClasses (68ms)
	RebuildNativeTypeToScriptingClass (22ms)
	initialDomainReloadingComplete (43ms)
	LoadAllAssembliesAndSetupDomain (416ms)
		LoadAssemblies (508ms)
		RebuildTransferFunctionScriptingTraits (0ms)
		AnalyzeDomain (27ms)
			TypeCache.Refresh (10ms)
				TypeCache.ScanAssembly (0ms)
			ScanForSourceGeneratedMonoScriptInfo (0ms)
			ResolveRequiredComponents (13ms)
	FinalizeReload (2271ms)
		ReleaseScriptCaches (0ms)
		RebuildScriptCaches (0ms)
		SetupLoadedEditorAssemblies (770ms)
			LogAssemblyErrors (0ms)
			InitializePlatformSupportModulesInManaged (57ms)
			SetLoadedEditorAssemblies (11ms)
			RefreshPlugins (0ms)
			BeforeProcessingInitializeOnLoad (115ms)
			ProcessInitializeOnLoadAttributes (508ms)
			ProcessInitializeOnLoadMethodAttributes (76ms)
			AfterProcessingInitializeOnLoad (3ms)
			EditorAssembliesLoaded (1ms)
		ExecutionOrderSort2 (0ms)
		AwakeInstancesAfterBackupRestoration (19ms)
Refreshing native plugins compatible for Editor in 6.81 ms, found 3 plugins.
Preloading 0 native plugins for Editor in 0.00 ms.
Unloading 4324 Unused Serialized files (Serialized files now loaded: 0)
Unloading 19 unused Assets / (31.2 KB). Loaded Objects now: 4839.
Memory consumption went from 164.7 MB to 164.7 MB.
Total: 7.723656 ms (FindLiveObjects: 0.472178 ms CreateObjectMapping: 0.430910 ms MarkObjects: 6.719681 ms  DeleteObjects: 0.099239 ms)

Prepare: number of updated asset objects reloaded= 0
AssetImportParameters requested are different than current active one (requested -> active):
  custom:container-demuxer-ogg: 62fdf1f143b41e24485cea50d1cbac27 -> 
  custom:video-decoder-ogg-theora: a1e56fd34408186e4bbccfd4996cb3dc -> 
  custom:CustomObjectIndexerAttribute: 9a22284fe3817be447336de3de66b15e -> 
  custom:container-demuxer-webm: 4f35f7cbe854078d1ac9338744f61a02 -> 
  custom:container-muxer-webm: aa71ff27fc2769a1b78a27578f13a17b -> 
  custom:video-decoder-webm-vp8: 9c59270c3fd7afecdb556c50c9e8de78 -> 
  custom:SearchIndexIgnoredProperties: e643bd26f0fe6173181afceb89e7c659 -> 
  custom:AudioImporter_EditorPlatform: 3918e3fc78b5a79bad01e8451be0beb8 -> 
  custom:framework-osx-AVFoundation: e770b220cccbd017edd2c1fefb359320 -> 
  custom:video-encoder-webm-vp8: eb34c28f22e8b96e1ab97ce403110664 -> 
  custom:audio-decoder-ogg-vorbis: bf7c407c2cedff20999df2af8eb42d56 -> 
  custom:audio-encoder-webm-vorbis: bf7c407c2cedff20999df2af8eb42d56 -> 
========================================================================
Received Prepare
Caller must complete domain reload
 #0 GetStacktrace(int)
 #1 DebugStringToFile(DebugStringToFileData const&)
 #2 AssertImplementation(int, char const*, int, int, char const*)
 #3 Internal_ADB_WorkerOnly_DomainReload(AssemblyLoadReason)
 #4 WorkerDomainReloadV2()
 #5 AssetImportWorkerClient::ReloadMonoDomain(AssetResolver&)
 #6 invocation function for block in AssetImportWorkerClient::HandleMessage(PrepareMessage const&)::$_4::operator()() const
 #7 _dispatch_client_callout
 #8 _dispatch_async_and_wait_invoke
 #9 _dispatch_client_callout
 #10 _dispatch_main_queue_drain
 #11 _dispatch_main_queue_callback_4CF
 #12 __CFRUNLOOP_IS_SERVICING_THE_MAIN_DISPATCH_QUEUE__
 #13 __CFRunLoopRun
 #14 CFRunLoopRunSpecific
 #15 RunCurrentEventLoopInMode
 #16 ReceiveNextEventCommon
 #17 _BlockUntilNextEventMatchingListInModeWithFilter
 #18 _DPSNextEvent
 #19 -[NSApplication(NSEvent) _nextEventMatchingEventMask:untilDate:inMode:dequeue:]
 #20 -[NSApplication run]
 #21 NSApplicationMain
 #22 EditorMain(int, char const**)
 #23 main
 #24 start

Begin MonoManager ReloadAssembly
- Loaded All Assemblies, in  0.820 seconds
Native extension for WindowsStandalone target not found
Native extension for iOS target not found
2025-04-18 22:59:12.396 Unity[12883:4983237] [XcodeApplications] Failed to read NSDictionary from path /Contents/Info.plist
Native extension for Android target not found
Native extension for OSXStandalone target not found
Mono: successfully reloaded assembly
[Package Manager] Server::EnsureServerProcessIsRunning -- launch failed, reason: Unity was launched with the -noUpm command-line argument
[Package Manager] UpmClient::Send -- Unable to send message (not connected to UPM process).
[Package Manager] Cannot connect to Unity Package Manager local server
- Finished resetting the current domain, in  2.414 seconds
Domain Reload Profiling: 3234ms
	BeginReloadAssembly (261ms)
		ExecutionOrderSort (0ms)
		DisableScriptedObjects (20ms)
		BackupInstance (0ms)
		ReleaseScriptingObjects (0ms)
		CreateAndSetChildDomain (87ms)
	RebuildCommonClasses (67ms)
	RebuildNativeTypeToScriptingClass (22ms)
	initialDomainReloadingComplete (42ms)
	LoadAllAssembliesAndSetupDomain (427ms)
		LoadAssemblies (515ms)
		RebuildTransferFunctionScriptingTraits (0ms)
		AnalyzeDomain (27ms)
			TypeCache.Refresh (10ms)
				TypeCache.ScanAssembly (0ms)
			ScanForSourceGeneratedMonoScriptInfo (0ms)
			ResolveRequiredComponents (14ms)
	FinalizeReload (2415ms)
		ReleaseScriptCaches (0ms)
		RebuildScriptCaches (0ms)
		SetupLoadedEditorAssemblies (863ms)
			LogAssemblyErrors (0ms)
			InitializePlatformSupportModulesInManaged (52ms)
			SetLoadedEditorAssemblies (9ms)
			RefreshPlugins (0ms)
			BeforeProcessingInitializeOnLoad (118ms)
			ProcessInitializeOnLoadAttributes (590ms)
			ProcessInitializeOnLoadMethodAttributes (90ms)
			AfterProcessingInitializeOnLoad (4ms)
			EditorAssembliesLoaded (0ms)
		ExecutionOrderSort2 (0ms)
		AwakeInstancesAfterBackupRestoration (23ms)
Refreshing native plugins compatible for Editor in 7.36 ms, found 3 plugins.
Preloading 0 native plugins for Editor in 0.00 ms.
Unloading 4324 Unused Serialized files (Serialized files now loaded: 0)
Unloading 19 unused Assets / (31.2 KB). Loaded Objects now: 4843.
Memory consumption went from 169.1 MB to 169.0 MB.
Total: 7.380571 ms (FindLiveObjects: 0.471017 ms CreateObjectMapping: 0.503076 ms MarkObjects: 6.342060 ms  DeleteObjects: 0.062899 ms)

Prepare: number of updated asset objects reloaded= 0
AssetImportParameters requested are different than current active one (requested -> active):
  custom:container-demuxer-ogg: 62fdf1f143b41e24485cea50d1cbac27 -> 
  custom:video-decoder-ogg-theora: a1e56fd34408186e4bbccfd4996cb3dc -> 
  custom:CustomObjectIndexerAttribute: 9a22284fe3817be447336de3de66b15e -> 
  custom:container-demuxer-webm: 4f35f7cbe854078d1ac9338744f61a02 -> 
  custom:container-muxer-webm: aa71ff27fc2769a1b78a27578f13a17b -> 
  custom:video-decoder-webm-vp8: 9c59270c3fd7afecdb556c50c9e8de78 -> 
  custom:SearchIndexIgnoredProperties: e643bd26f0fe6173181afceb89e7c659 -> 
  custom:AudioImporter_EditorPlatform: 3918e3fc78b5a79bad01e8451be0beb8 -> 
  custom:framework-osx-AVFoundation: e770b220cccbd017edd2c1fefb359320 -> 
  custom:video-encoder-webm-vp8: eb34c28f22e8b96e1ab97ce403110664 -> 
  custom:audio-decoder-ogg-vorbis: bf7c407c2cedff20999df2af8eb42d56 -> 
  custom:audio-encoder-webm-vorbis: bf7c407c2cedff20999df2af8eb42d56 -> 
========================================================================
Received Prepare
Caller must complete domain reload
 #0 GetStacktrace(int)
 #1 DebugStringToFile(DebugStringToFileData const&)
 #2 AssertImplementation(int, char const*, int, int, char const*)
 #3 Internal_ADB_WorkerOnly_DomainReload(AssemblyLoadReason)
 #4 WorkerDomainReloadV2()
 #5 AssetImportWorkerClient::ReloadMonoDomain(AssetResolver&)
 #6 invocation function for block in AssetImportWorkerClient::HandleMessage(PrepareMessage const&)::$_4::operator()() const
 #7 _dispatch_client_callout
 #8 _dispatch_async_and_wait_invoke
 #9 _dispatch_client_callout
 #10 _dispatch_main_queue_drain
 #11 _dispatch_main_queue_callback_4CF
 #12 __CFRUNLOOP_IS_SERVICING_THE_MAIN_DISPATCH_QUEUE__
 #13 __CFRunLoopRun
 #14 CFRunLoopRunSpecific
 #15 RunCurrentEventLoopInMode
 #16 ReceiveNextEventCommon
 #17 _BlockUntilNextEventMatchingListInModeWithFilter
 #18 _DPSNextEvent
 #19 -[NSApplication(NSEvent) _nextEventMatchingEventMask:untilDate:inMode:dequeue:]
 #20 -[NSApplication run]
 #21 NSApplicationMain
 #22 EditorMain(int, char const**)
 #23 main
 #24 start

Begin MonoManager ReloadAssembly
- Loaded All Assemblies, in  0.937 seconds
Native extension for WindowsStandalone target not found
Native extension for iOS target not found
2025-04-18 23:00:01.265 Unity[12883:4983237] [XcodeApplications] Failed to read NSDictionary from path /Contents/Info.plist
Native extension for Android target not found
Native extension for OSXStandalone target not found
Mono: successfully reloaded assembly
[Package Manager] Server::EnsureServerProcessIsRunning -- launch failed, reason: Unity was launched with the -noUpm command-line argument
[Package Manager] UpmClient::Send -- Unable to send message (not connected to UPM process).
[Package Manager] Cannot connect to Unity Package Manager local server
- Finished resetting the current domain, in  2.453 seconds
Domain Reload Profiling: 3389ms
	BeginReloadAssembly (317ms)
		ExecutionOrderSort (0ms)
		DisableScriptedObjects (20ms)
		BackupInstance (0ms)
		ReleaseScriptingObjects (0ms)
		CreateAndSetChildDomain (78ms)
	RebuildCommonClasses (65ms)
	RebuildNativeTypeToScriptingClass (21ms)
	initialDomainReloadingComplete (44ms)
	LoadAllAssembliesAndSetupDomain (488ms)
		LoadAssemblies (642ms)
		RebuildTransferFunctionScriptingTraits (0ms)
		AnalyzeDomain (25ms)
			TypeCache.Refresh (9ms)
				TypeCache.ScanAssembly (0ms)
			ScanForSourceGeneratedMonoScriptInfo (0ms)
			ResolveRequiredComponents (13ms)
	FinalizeReload (2454ms)
		ReleaseScriptCaches (0ms)
		RebuildScriptCaches (0ms)
		SetupLoadedEditorAssemblies (883ms)
			LogAssemblyErrors (0ms)
			InitializePlatformSupportModulesInManaged (53ms)
			SetLoadedEditorAssemblies (9ms)
			RefreshPlugins (0ms)
			BeforeProcessingInitializeOnLoad (112ms)
			ProcessInitializeOnLoadAttributes (617ms)
			ProcessInitializeOnLoadMethodAttributes (88ms)
			AfterProcessingInitializeOnLoad (3ms)
			EditorAssembliesLoaded (0ms)
		ExecutionOrderSort2 (0ms)
		AwakeInstancesAfterBackupRestoration (22ms)
Refreshing native plugins compatible for Editor in 7.32 ms, found 3 plugins.
Preloading 0 native plugins for Editor in 0.00 ms.
Unloading 4324 Unused Serialized files (Serialized files now loaded: 0)
Unloading 19 unused Assets / (31.1 KB). Loaded Objects now: 4847.
Memory consumption went from 173.4 MB to 173.4 MB.
Total: 7.522109 ms (FindLiveObjects: 0.519658 ms CreateObjectMapping: 0.544947 ms MarkObjects: 6.392945 ms  DeleteObjects: 0.063238 ms)

Prepare: number of updated asset objects reloaded= 0
AssetImportParameters requested are different than current active one (requested -> active):
  custom:container-demuxer-ogg: 62fdf1f143b41e24485cea50d1cbac27 -> 
  custom:video-decoder-ogg-theora: a1e56fd34408186e4bbccfd4996cb3dc -> 
  custom:CustomObjectIndexerAttribute: 9a22284fe3817be447336de3de66b15e -> 
  custom:container-demuxer-webm: 4f35f7cbe854078d1ac9338744f61a02 -> 
  custom:container-muxer-webm: aa71ff27fc2769a1b78a27578f13a17b -> 
  custom:video-decoder-webm-vp8: 9c59270c3fd7afecdb556c50c9e8de78 -> 
  custom:SearchIndexIgnoredProperties: e643bd26f0fe6173181afceb89e7c659 -> 
  custom:AudioImporter_EditorPlatform: 3918e3fc78b5a79bad01e8451be0beb8 -> 
  custom:framework-osx-AVFoundation: e770b220cccbd017edd2c1fefb359320 -> 
  custom:video-encoder-webm-vp8: eb34c28f22e8b96e1ab97ce403110664 -> 
  custom:audio-decoder-ogg-vorbis: bf7c407c2cedff20999df2af8eb42d56 -> 
  custom:audio-encoder-webm-vorbis: bf7c407c2cedff20999df2af8eb42d56 -> 
========================================================================
Received Prepare
Caller must complete domain reload
 #0 GetStacktrace(int)
 #1 DebugStringToFile(DebugStringToFileData const&)
 #2 AssertImplementation(int, char const*, int, int, char const*)
 #3 Internal_ADB_WorkerOnly_DomainReload(AssemblyLoadReason)
 #4 WorkerDomainReloadV2()
 #5 AssetImportWorkerClient::ReloadMonoDomain(AssetResolver&)
 #6 invocation function for block in AssetImportWorkerClient::HandleMessage(PrepareMessage const&)::$_4::operator()() const
 #7 _dispatch_client_callout
 #8 _dispatch_async_and_wait_invoke
 #9 _dispatch_client_callout
 #10 _dispatch_main_queue_drain
 #11 _dispatch_main_queue_callback_4CF
 #12 __CFRUNLOOP_IS_SERVICING_THE_MAIN_DISPATCH_QUEUE__
 #13 __CFRunLoopRun
 #14 CFRunLoopRunSpecific
 #15 RunCurrentEventLoopInMode
 #16 ReceiveNextEventCommon
 #17 _BlockUntilNextEventMatchingListInModeWithFilter
 #18 _DPSNextEvent
 #19 -[NSApplication(NSEvent) _nextEventMatchingEventMask:untilDate:inMode:dequeue:]
 #20 -[NSApplication run]
 #21 NSApplicationMain
 #22 EditorMain(int, char const**)
 #23 main
 #24 start

Begin MonoManager ReloadAssembly
- Loaded All Assemblies, in  0.807 seconds
Native extension for WindowsStandalone target not found
Native extension for iOS target not found
2025-04-18 23:02:24.489 Unity[12883:4983237] [XcodeApplications] Failed to read NSDictionary from path /Contents/Info.plist
Native extension for Android target not found
Native extension for OSXStandalone target not found
Mono: successfully reloaded assembly
[Package Manager] Server::EnsureServerProcessIsRunning -- launch failed, reason: Unity was launched with the -noUpm command-line argument
[Package Manager] UpmClient::Send -- Unable to send message (not connected to UPM process).
[Package Manager] Cannot connect to Unity Package Manager local server
- Finished resetting the current domain, in  2.503 seconds
Domain Reload Profiling: 3309ms
	BeginReloadAssembly (248ms)
		ExecutionOrderSort (0ms)
		DisableScriptedObjects (20ms)
		BackupInstance (0ms)
		ReleaseScriptingObjects (0ms)
		CreateAndSetChildDomain (78ms)
	RebuildCommonClasses (66ms)
	RebuildNativeTypeToScriptingClass (22ms)
	initialDomainReloadingComplete (41ms)
	LoadAllAssembliesAndSetupDomain (429ms)
		LoadAssemblies (510ms)
		RebuildTransferFunctionScriptingTraits (0ms)
		AnalyzeDomain (28ms)
			TypeCache.Refresh (10ms)
				TypeCache.ScanAssembly (0ms)
			ScanForSourceGeneratedMonoScriptInfo (0ms)
			ResolveRequiredComponents (14ms)
	FinalizeReload (2504ms)
		ReleaseScriptCaches (0ms)
		RebuildScriptCaches (0ms)
		SetupLoadedEditorAssemblies (970ms)
			LogAssemblyErrors (0ms)
			InitializePlatformSupportModulesInManaged (54ms)
			SetLoadedEditorAssemblies (9ms)
			RefreshPlugins (0ms)
			BeforeProcessingInitializeOnLoad (125ms)
			ProcessInitializeOnLoadAttributes (696ms)
			ProcessInitializeOnLoadMethodAttributes (82ms)
			AfterProcessingInitializeOnLoad (4ms)
			EditorAssembliesLoaded (0ms)
		ExecutionOrderSort2 (0ms)
		AwakeInstancesAfterBackupRestoration (21ms)
Refreshing native plugins compatible for Editor in 11.96 ms, found 3 plugins.
Preloading 0 native plugins for Editor in 0.00 ms.
Unloading 4324 Unused Serialized files (Serialized files now loaded: 0)
Unloading 19 unused Assets / (31.3 KB). Loaded Objects now: 4851.
Memory consumption went from 177.7 MB to 177.7 MB.
Total: 6.150656 ms (FindLiveObjects: 0.417461 ms CreateObjectMapping: 0.439602 ms MarkObjects: 5.167109 ms  DeleteObjects: 0.124716 ms)

Prepare: number of updated asset objects reloaded= 0
AssetImportParameters requested are different than current active one (requested -> active):
  custom:container-demuxer-ogg: 62fdf1f143b41e24485cea50d1cbac27 -> 
  custom:video-decoder-ogg-theora: a1e56fd34408186e4bbccfd4996cb3dc -> 
  custom:CustomObjectIndexerAttribute: 9a22284fe3817be447336de3de66b15e -> 
  custom:container-demuxer-webm: 4f35f7cbe854078d1ac9338744f61a02 -> 
  custom:container-muxer-webm: aa71ff27fc2769a1b78a27578f13a17b -> 
  custom:video-decoder-webm-vp8: 9c59270c3fd7afecdb556c50c9e8de78 -> 
  custom:SearchIndexIgnoredProperties: e643bd26f0fe6173181afceb89e7c659 -> 
  custom:AudioImporter_EditorPlatform: 3918e3fc78b5a79bad01e8451be0beb8 -> 
  custom:framework-osx-AVFoundation: e770b220cccbd017edd2c1fefb359320 -> 
  custom:video-encoder-webm-vp8: eb34c28f22e8b96e1ab97ce403110664 -> 
  custom:audio-decoder-ogg-vorbis: bf7c407c2cedff20999df2af8eb42d56 -> 
  custom:audio-encoder-webm-vorbis: bf7c407c2cedff20999df2af8eb42d56 -> 
========================================================================
Received Prepare
Caller must complete domain reload
 #0 GetStacktrace(int)
 #1 DebugStringToFile(DebugStringToFileData const&)
 #2 AssertImplementation(int, char const*, int, int, char const*)
 #3 Internal_ADB_WorkerOnly_DomainReload(AssemblyLoadReason)
 #4 WorkerDomainReloadV2()
 #5 AssetImportWorkerClient::ReloadMonoDomain(AssetResolver&)
 #6 invocation function for block in AssetImportWorkerClient::HandleMessage(PrepareMessage const&)::$_4::operator()() const
 #7 _dispatch_client_callout
 #8 _dispatch_async_and_wait_invoke
 #9 _dispatch_client_callout
 #10 _dispatch_main_queue_drain
 #11 _dispatch_main_queue_callback_4CF
 #12 __CFRUNLOOP_IS_SERVICING_THE_MAIN_DISPATCH_QUEUE__
 #13 __CFRunLoopRun
 #14 CFRunLoopRunSpecific
 #15 RunCurrentEventLoopInMode
 #16 ReceiveNextEventCommon
 #17 _BlockUntilNextEventMatchingListInModeWithFilter
 #18 _DPSNextEvent
 #19 -[NSApplication(NSEvent) _nextEventMatchingEventMask:untilDate:inMode:dequeue:]
 #20 -[NSApplication run]
 #21 NSApplicationMain
 #22 EditorMain(int, char const**)
 #23 main
 #24 start

Begin MonoManager ReloadAssembly
- Loaded All Assemblies, in  1.006 seconds
Native extension for WindowsStandalone target not found
Native extension for iOS target not found
2025-04-18 23:22:23.359 Unity[12883:4983237] [XcodeApplications] Failed to read NSDictionary from path /Contents/Info.plist
Native extension for Android target not found
Native extension for OSXStandalone target not found
Mono: successfully reloaded assembly
[Package Manager] Server::EnsureServerProcessIsRunning -- launch failed, reason: Unity was launched with the -noUpm command-line argument
[Package Manager] UpmClient::Send -- Unable to send message (not connected to UPM process).
[Package Manager] Cannot connect to Unity Package Manager local server
- Finished resetting the current domain, in  2.503 seconds
Domain Reload Profiling: 3509ms
	BeginReloadAssembly (285ms)
		ExecutionOrderSort (0ms)
		DisableScriptedObjects (23ms)
		BackupInstance (0ms)
		ReleaseScriptingObjects (0ms)
		CreateAndSetChildDomain (96ms)
	RebuildCommonClasses (74ms)
	RebuildNativeTypeToScriptingClass (30ms)
	initialDomainReloadingComplete (47ms)
	LoadAllAssembliesAndSetupDomain (568ms)
		LoadAssemblies (626ms)
		RebuildTransferFunctionScriptingTraits (0ms)
		AnalyzeDomain (69ms)
			TypeCache.Refresh (24ms)
				TypeCache.ScanAssembly (4ms)
			ScanForSourceGeneratedMonoScriptInfo (28ms)
			ResolveRequiredComponents (14ms)
	FinalizeReload (2504ms)
		ReleaseScriptCaches (0ms)
		RebuildScriptCaches (0ms)
		SetupLoadedEditorAssemblies (804ms)
			LogAssemblyErrors (0ms)
			InitializePlatformSupportModulesInManaged (68ms)
			SetLoadedEditorAssemblies (8ms)
			RefreshPlugins (0ms)
			BeforeProcessingInitializeOnLoad (127ms)
			ProcessInitializeOnLoadAttributes (535ms)
			ProcessInitializeOnLoadMethodAttributes (63ms)
			AfterProcessingInitializeOnLoad (2ms)
			EditorAssembliesLoaded (0ms)
		ExecutionOrderSort2 (0ms)
		AwakeInstancesAfterBackupRestoration (19ms)
Refreshing native plugins compatible for Editor in 6.87 ms, found 3 plugins.
Preloading 0 native plugins for Editor in 0.00 ms.
Unloading 4325 Unused Serialized files (Serialized files now loaded: 0)
Unloading 19 unused Assets / (31.2 KB). Loaded Objects now: 4856.
Memory consumption went from 182.1 MB to 182.1 MB.
Total: 8.426901 ms (FindLiveObjects: 0.718677 ms CreateObjectMapping: 0.579629 ms MarkObjects: 7.050170 ms  DeleteObjects: 0.076311 ms)

Prepare: number of updated asset objects reloaded= 0
AssetImportParameters requested are different than current active one (requested -> active):
  custom:container-demuxer-ogg: 62fdf1f143b41e24485cea50d1cbac27 -> 
  custom:scripting/monoscript/fileName/Guest Mode.cs: 14bb294407ae9216b25ce15ea82c36c5 -> 
  custom:video-decoder-ogg-theora: a1e56fd34408186e4bbccfd4996cb3dc -> 
  custom:CustomObjectIndexerAttribute: 9a22284fe3817be447336de3de66b15e -> 
  custom:container-demuxer-webm: 4f35f7cbe854078d1ac9338744f61a02 -> 
  custom:container-muxer-webm: aa71ff27fc2769a1b78a27578f13a17b -> 
  custom:video-decoder-webm-vp8: 9c59270c3fd7afecdb556c50c9e8de78 -> 
  custom:SearchIndexIgnoredProperties: e643bd26f0fe6173181afceb89e7c659 -> 
  custom:AudioImporter_EditorPlatform: 3918e3fc78b5a79bad01e8451be0beb8 -> 
  custom:framework-osx-AVFoundation: e770b220cccbd017edd2c1fefb359320 -> 
  custom:video-encoder-webm-vp8: eb34c28f22e8b96e1ab97ce403110664 -> 
  custom:audio-decoder-ogg-vorbis: bf7c407c2cedff20999df2af8eb42d56 -> 
  custom:audio-encoder-webm-vorbis: bf7c407c2cedff20999df2af8eb42d56 -> 
  custom:scripting/precompiled-assembly-types:Assembly-CSharp: 74cfa10d7708b0e5310e90397328ec8d -> 69ea2203ffb79dbff4b01d4dabda315f
========================================================================
Received Import Request.
  Time since last request: 487704.710641 seconds.
  path: Assets/Scripts/Scene Manager/Guest Mode.cs
  artifactKey: Guid(7636ffaedcdb1481997bad8f32ae72cd) Importer(815301076,1909f56bfc062723c751e8b465ee728b)
Start importing Assets/Scripts/Scene Manager/Guest Mode.cs using Guid(7636ffaedcdb1481997bad8f32ae72cd) Importer(815301076,1909f56bfc062723c751e8b465ee728b) [PhysX] Initialized MultithreadedTaskDispatcher with 8 workers.
 -> (artifact id: 'dd0e188e1fa9856f1fe9782d70542090') in 0.005210 seconds
Number of updated asset objects reloaded before import = 0
Number of asset objects unloaded after import = 0
========================================================================
Received Prepare
Caller must complete domain reload
 #0 GetStacktrace(int)
 #1 DebugStringToFile(DebugStringToFileData const&)
 #2 AssertImplementation(int, char const*, int, int, char const*)
 #3 Internal_ADB_WorkerOnly_DomainReload(AssemblyLoadReason)
 #4 WorkerDomainReloadV2()
 #5 AssetImportWorkerClient::ReloadMonoDomain(AssetResolver&)
 #6 invocation function for block in AssetImportWorkerClient::HandleMessage(PrepareMessage const&)::$_4::operator()() const
 #7 _dispatch_client_callout
 #8 _dispatch_async_and_wait_invoke
 #9 _dispatch_client_callout
 #10 _dispatch_main_queue_drain
 #11 _dispatch_main_queue_callback_4CF
 #12 __CFRUNLOOP_IS_SERVICING_THE_MAIN_DISPATCH_QUEUE__
 #13 __CFRunLoopRun
 #14 CFRunLoopRunSpecific
 #15 RunCurrentEventLoopInMode
 #16 ReceiveNextEventCommon
 #17 _BlockUntilNextEventMatchingListInModeWithFilter
 #18 _DPSNextEvent
 #19 -[NSApplication(NSEvent) _nextEventMatchingEventMask:untilDate:inMode:dequeue:]
 #20 -[NSApplication run]
 #21 NSApplicationMain
 #22 EditorMain(int, char const**)
 #23 main
 #24 start

Begin MonoManager ReloadAssembly
- Loaded All Assemblies, in  0.851 seconds
Native extension for WindowsStandalone target not found
Native extension for iOS target not found
2025-04-18 23:23:36.765 Unity[12883:4983237] [XcodeApplications] Failed to read NSDictionary from path /Contents/Info.plist
Native extension for Android target not found
Native extension for OSXStandalone target not found
Mono: successfully reloaded assembly
[Package Manager] Server::EnsureServerProcessIsRunning -- launch failed, reason: Unity was launched with the -noUpm command-line argument
[Package Manager] UpmClient::Send -- Unable to send message (not connected to UPM process).
[Package Manager] Cannot connect to Unity Package Manager local server
- Finished resetting the current domain, in  2.415 seconds
Domain Reload Profiling: 3265ms
	BeginReloadAssembly (251ms)
		ExecutionOrderSort (0ms)
		DisableScriptedObjects (21ms)
		BackupInstance (0ms)
		ReleaseScriptingObjects (0ms)
		CreateAndSetChildDomain (80ms)
	RebuildCommonClasses (65ms)
	RebuildNativeTypeToScriptingClass (21ms)
	initialDomainReloadingComplete (42ms)
	LoadAllAssembliesAndSetupDomain (470ms)
		LoadAssemblies (520ms)
		RebuildTransferFunctionScriptingTraits (0ms)
		AnalyzeDomain (59ms)
			TypeCache.Refresh (18ms)
				TypeCache.ScanAssembly (3ms)
			ScanForSourceGeneratedMonoScriptInfo (24ms)
			ResolveRequiredComponents (14ms)
	FinalizeReload (2416ms)
		ReleaseScriptCaches (0ms)
		RebuildScriptCaches (0ms)
		SetupLoadedEditorAssemblies (913ms)
			LogAssemblyErrors (0ms)
			InitializePlatformSupportModulesInManaged (70ms)
			SetLoadedEditorAssemblies (12ms)
			RefreshPlugins (0ms)
			BeforeProcessingInitializeOnLoad (135ms)
			ProcessInitializeOnLoadAttributes (617ms)
			ProcessInitializeOnLoadMethodAttributes (76ms)
			AfterProcessingInitializeOnLoad (3ms)
			EditorAssembliesLoaded (0ms)
		ExecutionOrderSort2 (0ms)
		AwakeInstancesAfterBackupRestoration (22ms)
Refreshing native plugins compatible for Editor in 7.93 ms, found 3 plugins.
Preloading 0 native plugins for Editor in 0.00 ms.
Unloading 4324 Unused Serialized files (Serialized files now loaded: 0)
Unloading 19 unused Assets / (31.3 KB). Loaded Objects now: 4860.
Memory consumption went from 186.5 MB to 186.5 MB.
Total: 6.980018 ms (FindLiveObjects: 0.491180 ms CreateObjectMapping: 0.640632 ms MarkObjects: 5.782169 ms  DeleteObjects: 0.064525 ms)

Prepare: number of updated asset objects reloaded= 0
AssetImportParameters requested are different than current active one (requested -> active):
  custom:container-demuxer-ogg: 62fdf1f143b41e24485cea50d1cbac27 -> 
  custom:scripting/monoscript/fileName/Guest Mode.cs: 14bb294407ae9216b25ce15ea82c36c5 -> 
  custom:video-decoder-ogg-theora: a1e56fd34408186e4bbccfd4996cb3dc -> 
  custom:CustomObjectIndexerAttribute: 9a22284fe3817be447336de3de66b15e -> 
  custom:container-demuxer-webm: 4f35f7cbe854078d1ac9338744f61a02 -> 
  custom:container-muxer-webm: aa71ff27fc2769a1b78a27578f13a17b -> 
  custom:video-decoder-webm-vp8: 9c59270c3fd7afecdb556c50c9e8de78 -> 
  custom:SearchIndexIgnoredProperties: e643bd26f0fe6173181afceb89e7c659 -> 
  custom:AudioImporter_EditorPlatform: 3918e3fc78b5a79bad01e8451be0beb8 -> 
  custom:framework-osx-AVFoundation: e770b220cccbd017edd2c1fefb359320 -> 
  custom:video-encoder-webm-vp8: eb34c28f22e8b96e1ab97ce403110664 -> 
  custom:audio-decoder-ogg-vorbis: bf7c407c2cedff20999df2af8eb42d56 -> 
  custom:audio-encoder-webm-vorbis: bf7c407c2cedff20999df2af8eb42d56 -> 
  custom:scripting/precompiled-assembly-types:Assembly-CSharp: 74cfa10d7708b0e5310e90397328ec8d -> 69ea2203ffb79dbff4b01d4dabda315f
========================================================================
Received Import Request.
  Time since last request: 73.486690 seconds.
  path: Assets/Scripts/Scene Manager/Guest Mode.cs
  artifactKey: Guid(7636ffaedcdb1481997bad8f32ae72cd) Importer(815301076,1909f56bfc062723c751e8b465ee728b)
Start importing Assets/Scripts/Scene Manager/Guest Mode.cs using Guid(7636ffaedcdb1481997bad8f32ae72cd) Importer(815301076,1909f56bfc062723c751e8b465ee728b) [PhysX] Initialized MultithreadedTaskDispatcher with 8 workers.
 -> (artifact id: 'a750a4805f25d582d42e954aaaab5155') in 0.002788 seconds
Number of updated asset objects reloaded before import = 0
Number of asset objects unloaded after import = 0
========================================================================
Received Prepare
Caller must complete domain reload
 #0 GetStacktrace(int)
 #1 DebugStringToFile(DebugStringToFileData const&)
 #2 AssertImplementation(int, char const*, int, int, char const*)
 #3 Internal_ADB_WorkerOnly_DomainReload(AssemblyLoadReason)
 #4 WorkerDomainReloadV2()
 #5 AssetImportWorkerClient::ReloadMonoDomain(AssetResolver&)
 #6 invocation function for block in AssetImportWorkerClient::HandleMessage(PrepareMessage const&)::$_4::operator()() const
 #7 _dispatch_client_callout
 #8 _dispatch_async_and_wait_invoke
 #9 _dispatch_client_callout
 #10 _dispatch_main_queue_drain
 #11 _dispatch_main_queue_callback_4CF
 #12 __CFRUNLOOP_IS_SERVICING_THE_MAIN_DISPATCH_QUEUE__
 #13 __CFRunLoopRun
 #14 CFRunLoopRunSpecific
 #15 RunCurrentEventLoopInMode
 #16 ReceiveNextEventCommon
 #17 _BlockUntilNextEventMatchingListInModeWithFilter
 #18 _DPSNextEvent
 #19 -[NSApplication(NSEvent) _nextEventMatchingEventMask:untilDate:inMode:dequeue:]
 #20 -[NSApplication run]
 #21 NSApplicationMain
 #22 EditorMain(int, char const**)
 #23 main
 #24 start

Begin MonoManager ReloadAssembly
- Loaded All Assemblies, in  0.924 seconds
Native extension for WindowsStandalone target not found
Native extension for iOS target not found
2025-04-18 23:25:58.424 Unity[12883:4983237] [XcodeApplications] Failed to read NSDictionary from path /Contents/Info.plist
Native extension for Android target not found
Native extension for OSXStandalone target not found
Mono: successfully reloaded assembly
[Package Manager] Server::EnsureServerProcessIsRunning -- launch failed, reason: Unity was launched with the -noUpm command-line argument
[Package Manager] UpmClient::Send -- Unable to send message (not connected to UPM process).
[Package Manager] Cannot connect to Unity Package Manager local server
- Finished resetting the current domain, in  2.382 seconds
Domain Reload Profiling: 3305ms
	BeginReloadAssembly (313ms)
		ExecutionOrderSort (0ms)
		DisableScriptedObjects (20ms)
		BackupInstance (0ms)
		ReleaseScriptingObjects (0ms)
		CreateAndSetChildDomain (77ms)
	RebuildCommonClasses (64ms)
	RebuildNativeTypeToScriptingClass (22ms)
	initialDomainReloadingComplete (42ms)
	LoadAllAssembliesAndSetupDomain (482ms)
		LoadAssemblies (629ms)
		RebuildTransferFunctionScriptingTraits (0ms)
		AnalyzeDomain (27ms)
			TypeCache.Refresh (10ms)
				TypeCache.ScanAssembly (0ms)
			ScanForSourceGeneratedMonoScriptInfo (0ms)
			ResolveRequiredComponents (14ms)
	FinalizeReload (2383ms)
		ReleaseScriptCaches (0ms)
		RebuildScriptCaches (0ms)
		SetupLoadedEditorAssemblies (793ms)
			LogAssemblyErrors (0ms)
			InitializePlatformSupportModulesInManaged (60ms)
			SetLoadedEditorAssemblies (10ms)
			RefreshPlugins (0ms)
			BeforeProcessingInitializeOnLoad (122ms)
			ProcessInitializeOnLoadAttributes (535ms)
			ProcessInitializeOnLoadMethodAttributes (62ms)
			AfterProcessingInitializeOnLoad (2ms)
			EditorAssembliesLoaded (0ms)
		ExecutionOrderSort2 (0ms)
		AwakeInstancesAfterBackupRestoration (17ms)
Refreshing native plugins compatible for Editor in 5.63 ms, found 3 plugins.
Preloading 0 native plugins for Editor in 0.00 ms.
Unloading 4324 Unused Serialized files (Serialized files now loaded: 0)
Unloading 19 unused Assets / (31.3 KB). Loaded Objects now: 4864.
Memory consumption went from 191.0 MB to 191.0 MB.
Total: 6.680524 ms (FindLiveObjects: 0.390439 ms CreateObjectMapping: 0.418718 ms MarkObjects: 5.752776 ms  DeleteObjects: 0.117227 ms)

Prepare: number of updated asset objects reloaded= 0
AssetImportParameters requested are different than current active one (requested -> active):
  custom:container-demuxer-ogg: 62fdf1f143b41e24485cea50d1cbac27 -> 
  custom:scripting/monoscript/fileName/Guest Mode.cs: 14bb294407ae9216b25ce15ea82c36c5 -> 
  custom:video-decoder-ogg-theora: a1e56fd34408186e4bbccfd4996cb3dc -> 
  custom:CustomObjectIndexerAttribute: 9a22284fe3817be447336de3de66b15e -> 
  custom:container-demuxer-webm: 4f35f7cbe854078d1ac9338744f61a02 -> 
  custom:container-muxer-webm: aa71ff27fc2769a1b78a27578f13a17b -> 
  custom:video-decoder-webm-vp8: 9c59270c3fd7afecdb556c50c9e8de78 -> 
  custom:SearchIndexIgnoredProperties: e643bd26f0fe6173181afceb89e7c659 -> 
  custom:AudioImporter_EditorPlatform: 3918e3fc78b5a79bad01e8451be0beb8 -> 
  custom:framework-osx-AVFoundation: e770b220cccbd017edd2c1fefb359320 -> 
  custom:video-encoder-webm-vp8: eb34c28f22e8b96e1ab97ce403110664 -> 
  custom:audio-decoder-ogg-vorbis: bf7c407c2cedff20999df2af8eb42d56 -> 
  custom:audio-encoder-webm-vorbis: bf7c407c2cedff20999df2af8eb42d56 -> 
  custom:scripting/precompiled-assembly-types:Assembly-CSharp: 74cfa10d7708b0e5310e90397328ec8d -> 69ea2203ffb79dbff4b01d4dabda315f
========================================================================
Received Prepare
Caller must complete domain reload
 #0 GetStacktrace(int)
 #1 DebugStringToFile(DebugStringToFileData const&)
 #2 AssertImplementation(int, char const*, int, int, char const*)
 #3 Internal_ADB_WorkerOnly_DomainReload(AssemblyLoadReason)
 #4 WorkerDomainReloadV2()
 #5 AssetImportWorkerClient::ReloadMonoDomain(AssetResolver&)
 #6 invocation function for block in AssetImportWorkerClient::HandleMessage(PrepareMessage const&)::$_4::operator()() const
 #7 _dispatch_client_callout
 #8 _dispatch_async_and_wait_invoke
 #9 _dispatch_client_callout
 #10 _dispatch_main_queue_drain
 #11 _dispatch_main_queue_callback_4CF
 #12 __CFRUNLOOP_IS_SERVICING_THE_MAIN_DISPATCH_QUEUE__
 #13 __CFRunLoopRun
 #14 CFRunLoopRunSpecific
 #15 RunCurrentEventLoopInMode
 #16 ReceiveNextEventCommon
 #17 _BlockUntilNextEventMatchingListInModeWithFilter
 #18 _DPSNextEvent
 #19 -[NSApplication(NSEvent) _nextEventMatchingEventMask:untilDate:inMode:dequeue:]
 #20 -[NSApplication run]
 #21 NSApplicationMain
 #22 EditorMain(int, char const**)
 #23 main
 #24 start

Begin MonoManager ReloadAssembly
- Loaded All Assemblies, in  0.813 seconds
Native extension for WindowsStandalone target not found
Native extension for iOS target not found
2025-04-18 23:27:30.690 Unity[12883:4983237] [XcodeApplications] Failed to read NSDictionary from path /Contents/Info.plist
Native extension for Android target not found
Native extension for OSXStandalone target not found
Mono: successfully reloaded assembly
[Package Manager] Server::EnsureServerProcessIsRunning -- launch failed, reason: Unity was launched with the -noUpm command-line argument
[Package Manager] UpmClient::Send -- Unable to send message (not connected to UPM process).
[Package Manager] Cannot connect to Unity Package Manager local server
- Finished resetting the current domain, in  2.433 seconds
Domain Reload Profiling: 3245ms
	BeginReloadAssembly (257ms)
		ExecutionOrderSort (0ms)
		DisableScriptedObjects (19ms)
		BackupInstance (0ms)
		ReleaseScriptingObjects (0ms)
		CreateAndSetChildDomain (83ms)
	RebuildCommonClasses (64ms)
	RebuildNativeTypeToScriptingClass (21ms)
	initialDomainReloadingComplete (43ms)
	LoadAllAssembliesAndSetupDomain (426ms)
		LoadAssemblies (504ms)
		RebuildTransferFunctionScriptingTraits (0ms)
		AnalyzeDomain (33ms)
			TypeCache.Refresh (12ms)
				TypeCache.ScanAssembly (0ms)
			ScanForSourceGeneratedMonoScriptInfo (0ms)
			ResolveRequiredComponents (19ms)
	FinalizeReload (2434ms)
		ReleaseScriptCaches (0ms)
		RebuildScriptCaches (0ms)
		SetupLoadedEditorAssemblies (770ms)
			LogAssemblyErrors (0ms)
			InitializePlatformSupportModulesInManaged (60ms)
			SetLoadedEditorAssemblies (10ms)
			RefreshPlugins (0ms)
			BeforeProcessingInitializeOnLoad (118ms)
			ProcessInitializeOnLoadAttributes (518ms)
			ProcessInitializeOnLoadMethodAttributes (61ms)
			AfterProcessingInitializeOnLoad (3ms)
			EditorAssembliesLoaded (1ms)
		ExecutionOrderSort2 (0ms)
		AwakeInstancesAfterBackupRestoration (21ms)
Refreshing native plugins compatible for Editor in 12.28 ms, found 3 plugins.
Preloading 0 native plugins for Editor in 0.00 ms.
Unloading 4325 Unused Serialized files (Serialized files now loaded: 0)
Unloading 19 unused Assets / (31.3 KB). Loaded Objects now: 4868.
Memory consumption went from 195.6 MB to 195.6 MB.
Total: 5.793710 ms (FindLiveObjects: 0.387599 ms CreateObjectMapping: 0.461665 ms MarkObjects: 4.886778 ms  DeleteObjects: 0.056298 ms)

Prepare: number of updated asset objects reloaded= 0
AssetImportParameters requested are different than current active one (requested -> active):
  custom:container-demuxer-ogg: 62fdf1f143b41e24485cea50d1cbac27 -> 
  custom:scripting/monoscript/fileName/Guest Mode.cs: 14bb294407ae9216b25ce15ea82c36c5 -> 
  custom:video-decoder-ogg-theora: a1e56fd34408186e4bbccfd4996cb3dc -> 
  custom:CustomObjectIndexerAttribute: 9a22284fe3817be447336de3de66b15e -> 
  custom:container-demuxer-webm: 4f35f7cbe854078d1ac9338744f61a02 -> 
  custom:container-muxer-webm: aa71ff27fc2769a1b78a27578f13a17b -> 
  custom:video-decoder-webm-vp8: 9c59270c3fd7afecdb556c50c9e8de78 -> 
  custom:SearchIndexIgnoredProperties: e643bd26f0fe6173181afceb89e7c659 -> 
  custom:AudioImporter_EditorPlatform: 3918e3fc78b5a79bad01e8451be0beb8 -> 
  custom:framework-osx-AVFoundation: e770b220cccbd017edd2c1fefb359320 -> 
  custom:video-encoder-webm-vp8: eb34c28f22e8b96e1ab97ce403110664 -> 
  custom:audio-decoder-ogg-vorbis: bf7c407c2cedff20999df2af8eb42d56 -> 
  custom:audio-encoder-webm-vorbis: bf7c407c2cedff20999df2af8eb42d56 -> 
  custom:scripting/precompiled-assembly-types:Assembly-CSharp: 74cfa10d7708b0e5310e90397328ec8d -> 69ea2203ffb79dbff4b01d4dabda315f
========================================================================
Received Prepare
Caller must complete domain reload
 #0 GetStacktrace(int)
 #1 DebugStringToFile(DebugStringToFileData const&)
 #2 AssertImplementation(int, char const*, int, int, char const*)
 #3 Internal_ADB_WorkerOnly_DomainReload(AssemblyLoadReason)
 #4 WorkerDomainReloadV2()
 #5 AssetImportWorkerClient::ReloadMonoDomain(AssetResolver&)
 #6 invocation function for block in AssetImportWorkerClient::HandleMessage(PrepareMessage const&)::$_4::operator()() const
 #7 _dispatch_client_callout
 #8 _dispatch_async_and_wait_invoke
 #9 _dispatch_client_callout
 #10 _dispatch_main_queue_drain
 #11 _dispatch_main_queue_callback_4CF
 #12 __CFRUNLOOP_IS_SERVICING_THE_MAIN_DISPATCH_QUEUE__
 #13 __CFRunLoopRun
 #14 CFRunLoopRunSpecific
 #15 RunCurrentEventLoopInMode
 #16 ReceiveNextEventCommon
 #17 _BlockUntilNextEventMatchingListInModeWithFilter
 #18 _DPSNextEvent
 #19 -[NSApplication(NSEvent) _nextEventMatchingEventMask:untilDate:inMode:dequeue:]
 #20 -[NSApplication run]
 #21 NSApplicationMain
 #22 EditorMain(int, char const**)
 #23 main
 #24 start

Begin MonoManager ReloadAssembly
- Loaded All Assemblies, in  1.004 seconds
Native extension for WindowsStandalone target not found
Native extension for iOS target not found
2025-04-18 23:28:19.925 Unity[12883:4983237] [XcodeApplications] Failed to read NSDictionary from path /Contents/Info.plist
Native extension for Android target not found
Native extension for OSXStandalone target not found
Mono: successfully reloaded assembly
[Package Manager] Server::EnsureServerProcessIsRunning -- launch failed, reason: Unity was launched with the -noUpm command-line argument
[Package Manager] UpmClient::Send -- Unable to send message (not connected to UPM process).
[Package Manager] Cannot connect to Unity Package Manager local server
- Finished resetting the current domain, in  2.453 seconds
Domain Reload Profiling: 3454ms
	BeginReloadAssembly (307ms)
		ExecutionOrderSort (0ms)
		DisableScriptedObjects (26ms)
		BackupInstance (0ms)
		ReleaseScriptingObjects (0ms)
		CreateAndSetChildDomain (97ms)
	RebuildCommonClasses (83ms)
	RebuildNativeTypeToScriptingClass (24ms)
	initialDomainReloadingComplete (48ms)
	LoadAllAssembliesAndSetupDomain (539ms)
		LoadAssemblies (612ms)
		RebuildTransferFunctionScriptingTraits (0ms)
		AnalyzeDomain (63ms)
			TypeCache.Refresh (24ms)
				TypeCache.ScanAssembly (5ms)
			ScanForSourceGeneratedMonoScriptInfo (23ms)
			ResolveRequiredComponents (13ms)
	FinalizeReload (2454ms)
		ReleaseScriptCaches (0ms)
		RebuildScriptCaches (0ms)
		SetupLoadedEditorAssemblies (892ms)
			LogAssemblyErrors (0ms)
			InitializePlatformSupportModulesInManaged (68ms)
			SetLoadedEditorAssemblies (10ms)
			RefreshPlugins (0ms)
			BeforeProcessingInitializeOnLoad (130ms)
			ProcessInitializeOnLoadAttributes (606ms)
			ProcessInitializeOnLoadMethodAttributes (74ms)
			AfterProcessingInitializeOnLoad (3ms)
			EditorAssembliesLoaded (0ms)
		ExecutionOrderSort2 (0ms)
		AwakeInstancesAfterBackupRestoration (21ms)
Refreshing native plugins compatible for Editor in 4.79 ms, found 3 plugins.
Preloading 0 native plugins for Editor in 0.00 ms.
Unloading 4325 Unused Serialized files (Serialized files now loaded: 0)
Unloading 19 unused Assets / (31.3 KB). Loaded Objects now: 4872.
Memory consumption went from 200.0 MB to 200.0 MB.
Total: 5.779766 ms (FindLiveObjects: 0.410448 ms CreateObjectMapping: 0.392813 ms MarkObjects: 4.918748 ms  DeleteObjects: 0.056470 ms)

Prepare: number of updated asset objects reloaded= 0
AssetImportParameters requested are different than current active one (requested -> active):
  custom:container-demuxer-ogg: 62fdf1f143b41e24485cea50d1cbac27 -> 
  custom:scripting/monoscript/fileName/Guest Mode.cs: 14bb294407ae9216b25ce15ea82c36c5 -> 
  custom:video-decoder-ogg-theora: a1e56fd34408186e4bbccfd4996cb3dc -> 
  custom:CustomObjectIndexerAttribute: 9a22284fe3817be447336de3de66b15e -> 
  custom:container-demuxer-webm: 4f35f7cbe854078d1ac9338744f61a02 -> 
  custom:container-muxer-webm: aa71ff27fc2769a1b78a27578f13a17b -> 
  custom:video-decoder-webm-vp8: 9c59270c3fd7afecdb556c50c9e8de78 -> 
  custom:SearchIndexIgnoredProperties: e643bd26f0fe6173181afceb89e7c659 -> 
  custom:AudioImporter_EditorPlatform: 3918e3fc78b5a79bad01e8451be0beb8 -> 
  custom:framework-osx-AVFoundation: e770b220cccbd017edd2c1fefb359320 -> 
  custom:video-encoder-webm-vp8: eb34c28f22e8b96e1ab97ce403110664 -> 
  custom:audio-decoder-ogg-vorbis: bf7c407c2cedff20999df2af8eb42d56 -> 
  custom:audio-encoder-webm-vorbis: bf7c407c2cedff20999df2af8eb42d56 -> 
  custom:scripting/precompiled-assembly-types:Assembly-CSharp: 74cfa10d7708b0e5310e90397328ec8d -> 69ea2203ffb79dbff4b01d4dabda315f
========================================================================
Received Prepare
Caller must complete domain reload
 #0 GetStacktrace(int)
 #1 DebugStringToFile(DebugStringToFileData const&)
 #2 AssertImplementation(int, char const*, int, int, char const*)
 #3 Internal_ADB_WorkerOnly_DomainReload(AssemblyLoadReason)
 #4 WorkerDomainReloadV2()
 #5 AssetImportWorkerClient::ReloadMonoDomain(AssetResolver&)
 #6 invocation function for block in AssetImportWorkerClient::HandleMessage(PrepareMessage const&)::$_4::operator()() const
 #7 _dispatch_client_callout
 #8 _dispatch_async_and_wait_invoke
 #9 _dispatch_client_callout
 #10 _dispatch_main_queue_drain
 #11 _dispatch_main_queue_callback_4CF
 #12 __CFRUNLOOP_IS_SERVICING_THE_MAIN_DISPATCH_QUEUE__
 #13 __CFRunLoopRun
 #14 CFRunLoopRunSpecific
 #15 RunCurrentEventLoopInMode
 #16 ReceiveNextEventCommon
 #17 _BlockUntilNextEventMatchingListInModeWithFilter
 #18 _DPSNextEvent
 #19 -[NSApplication(NSEvent) _nextEventMatchingEventMask:untilDate:inMode:dequeue:]
 #20 -[NSApplication run]
 #21 NSApplicationMain
 #22 EditorMain(int, char const**)
 #23 main
 #24 start

Begin MonoManager ReloadAssembly
- Loaded All Assemblies, in  0.764 seconds
Native extension for WindowsStandalone target not found
Native extension for iOS target not found
2025-04-18 23:28:36.289 Unity[12883:4983237] [XcodeApplications] Failed to read NSDictionary from path /Contents/Info.plist
Native extension for Android target not found
Native extension for OSXStandalone target not found
Mono: successfully reloaded assembly
[Package Manager] Server::EnsureServerProcessIsRunning -- launch failed, reason: Unity was launched with the -noUpm command-line argument
[Package Manager] UpmClient::Send -- Unable to send message (not connected to UPM process).
[Package Manager] Cannot connect to Unity Package Manager local server
- Finished resetting the current domain, in  1.498 seconds
Domain Reload Profiling: 2261ms
	BeginReloadAssembly (246ms)
		ExecutionOrderSort (0ms)
		DisableScriptedObjects (19ms)
		BackupInstance (0ms)
		ReleaseScriptingObjects (0ms)
		CreateAndSetChildDomain (78ms)
	RebuildCommonClasses (66ms)
	RebuildNativeTypeToScriptingClass (21ms)
	initialDomainReloadingComplete (41ms)
	LoadAllAssembliesAndSetupDomain (387ms)
		LoadAssemblies (471ms)
		RebuildTransferFunctionScriptingTraits (0ms)
		AnalyzeDomain (26ms)
			TypeCache.Refresh (9ms)
				TypeCache.ScanAssembly (0ms)
			ScanForSourceGeneratedMonoScriptInfo (0ms)
			ResolveRequiredComponents (14ms)
	FinalizeReload (1499ms)
		ReleaseScriptCaches (0ms)
		RebuildScriptCaches (0ms)
		SetupLoadedEditorAssemblies (776ms)
			LogAssemblyErrors (0ms)
			InitializePlatformSupportModulesInManaged (62ms)
			SetLoadedEditorAssemblies (9ms)
			RefreshPlugins (0ms)
			BeforeProcessingInitializeOnLoad (115ms)
			ProcessInitializeOnLoadAttributes (514ms)
			ProcessInitializeOnLoadMethodAttributes (72ms)
			AfterProcessingInitializeOnLoad (3ms)
			EditorAssembliesLoaded (0ms)
		ExecutionOrderSort2 (0ms)
		AwakeInstancesAfterBackupRestoration (19ms)
Refreshing native plugins compatible for Editor in 5.29 ms, found 3 plugins.
Preloading 0 native plugins for Editor in 0.00 ms.
Unloading 4325 Unused Serialized files (Serialized files now loaded: 0)
Unloading 19 unused Assets / (31.4 KB). Loaded Objects now: 4876.
Memory consumption went from 204.3 MB to 204.3 MB.
Total: 5.765586 ms (FindLiveObjects: 0.419429 ms CreateObjectMapping: 0.395381 ms MarkObjects: 4.887592 ms  DeleteObjects: 0.061819 ms)

Prepare: number of updated asset objects reloaded= 0
AssetImportParameters requested are different than current active one (requested -> active):
  custom:container-demuxer-ogg: 62fdf1f143b41e24485cea50d1cbac27 -> 
  custom:scripting/monoscript/fileName/Guest Mode.cs: 14bb294407ae9216b25ce15ea82c36c5 -> 
  custom:video-decoder-ogg-theora: a1e56fd34408186e4bbccfd4996cb3dc -> 
  custom:CustomObjectIndexerAttribute: 9a22284fe3817be447336de3de66b15e -> 
  custom:container-demuxer-webm: 4f35f7cbe854078d1ac9338744f61a02 -> 
  custom:container-muxer-webm: aa71ff27fc2769a1b78a27578f13a17b -> 
  custom:video-decoder-webm-vp8: 9c59270c3fd7afecdb556c50c9e8de78 -> 
  custom:SearchIndexIgnoredProperties: e643bd26f0fe6173181afceb89e7c659 -> 
  custom:AudioImporter_EditorPlatform: 3918e3fc78b5a79bad01e8451be0beb8 -> 
  custom:framework-osx-AVFoundation: e770b220cccbd017edd2c1fefb359320 -> 
  custom:video-encoder-webm-vp8: eb34c28f22e8b96e1ab97ce403110664 -> 
  custom:audio-decoder-ogg-vorbis: bf7c407c2cedff20999df2af8eb42d56 -> 
  custom:audio-encoder-webm-vorbis: bf7c407c2cedff20999df2af8eb42d56 -> 
  custom:scripting/precompiled-assembly-types:Assembly-CSharp: 74cfa10d7708b0e5310e90397328ec8d -> 69ea2203ffb79dbff4b01d4dabda315f
========================================================================
Received Prepare
Caller must complete domain reload
 #0 GetStacktrace(int)
 #1 DebugStringToFile(DebugStringToFileData const&)
 #2 AssertImplementation(int, char const*, int, int, char const*)
 #3 Internal_ADB_WorkerOnly_DomainReload(AssemblyLoadReason)
 #4 WorkerDomainReloadV2()
 #5 AssetImportWorkerClient::ReloadMonoDomain(AssetResolver&)
 #6 invocation function for block in AssetImportWorkerClient::HandleMessage(PrepareMessage const&)::$_4::operator()() const
 #7 _dispatch_client_callout
 #8 _dispatch_async_and_wait_invoke
 #9 _dispatch_client_callout
 #10 _dispatch_main_queue_drain
 #11 _dispatch_main_queue_callback_4CF
 #12 __CFRUNLOOP_IS_SERVICING_THE_MAIN_DISPATCH_QUEUE__
 #13 __CFRunLoopRun
 #14 CFRunLoopRunSpecific
 #15 RunCurrentEventLoopInMode
 #16 ReceiveNextEventCommon
 #17 _BlockUntilNextEventMatchingListInModeWithFilter
 #18 _DPSNextEvent
 #19 -[NSApplication(NSEvent) _nextEventMatchingEventMask:untilDate:inMode:dequeue:]
 #20 -[NSApplication run]
 #21 NSApplicationMain
 #22 EditorMain(int, char const**)
 #23 main
 #24 start

Begin MonoManager ReloadAssembly
- Loaded All Assemblies, in  1.284 seconds
Native extension for WindowsStandalone target not found
Native extension for iOS target not found
2025-04-18 23:36:58.604 Unity[12883:4983237] [XcodeApplications] Failed to read NSDictionary from path /Contents/Info.plist
Native extension for Android target not found
Native extension for OSXStandalone target not found
Mono: successfully reloaded assembly
[Package Manager] Server::EnsureServerProcessIsRunning -- launch failed, reason: Unity was launched with the -noUpm command-line argument
[Package Manager] UpmClient::Send -- Unable to send message (not connected to UPM process).
[Package Manager] Cannot connect to Unity Package Manager local server
- Finished resetting the current domain, in  2.767 seconds
Domain Reload Profiling: 4050ms
	BeginReloadAssembly (387ms)
		ExecutionOrderSort (0ms)
		DisableScriptedObjects (31ms)
		BackupInstance (0ms)
		ReleaseScriptingObjects (0ms)
		CreateAndSetChildDomain (110ms)
	RebuildCommonClasses (106ms)
	RebuildNativeTypeToScriptingClass (37ms)
	initialDomainReloadingComplete (46ms)
	LoadAllAssembliesAndSetupDomain (706ms)
		LoadAssemblies (863ms)
		RebuildTransferFunctionScriptingTraits (0ms)
		AnalyzeDomain (37ms)
			TypeCache.Refresh (13ms)
				TypeCache.ScanAssembly (0ms)
			ScanForSourceGeneratedMonoScriptInfo (0ms)
			ResolveRequiredComponents (20ms)
	FinalizeReload (2768ms)
		ReleaseScriptCaches (0ms)
		RebuildScriptCaches (0ms)
		SetupLoadedEditorAssemblies (1101ms)
			LogAssemblyErrors (0ms)
			InitializePlatformSupportModulesInManaged (121ms)
			SetLoadedEditorAssemblies (10ms)
			RefreshPlugins (0ms)
			BeforeProcessingInitializeOnLoad (133ms)
			ProcessInitializeOnLoadAttributes (744ms)
			ProcessInitializeOnLoadMethodAttributes (89ms)
			AfterProcessingInitializeOnLoad (3ms)
			EditorAssembliesLoaded (1ms)
		ExecutionOrderSort2 (0ms)
		AwakeInstancesAfterBackupRestoration (25ms)
Refreshing native plugins compatible for Editor in 13.26 ms, found 3 plugins.
Preloading 0 native plugins for Editor in 0.00 ms.
Unloading 4325 Unused Serialized files (Serialized files now loaded: 0)
Unloading 19 unused Assets / (31.3 KB). Loaded Objects now: 4880.
Memory consumption went from 208.7 MB to 208.6 MB.
Total: 6.094170 ms (FindLiveObjects: 0.565142 ms CreateObjectMapping: 0.550231 ms MarkObjects: 4.906357 ms  DeleteObjects: 0.070994 ms)

Prepare: number of updated asset objects reloaded= 0
AssetImportParameters requested are different than current active one (requested -> active):
  custom:container-demuxer-ogg: 62fdf1f143b41e24485cea50d1cbac27 -> 
  custom:scripting/monoscript/fileName/Guest Mode.cs: 14bb294407ae9216b25ce15ea82c36c5 -> 
  custom:video-decoder-ogg-theora: a1e56fd34408186e4bbccfd4996cb3dc -> 
  custom:CustomObjectIndexerAttribute: 9a22284fe3817be447336de3de66b15e -> 
  custom:container-demuxer-webm: 4f35f7cbe854078d1ac9338744f61a02 -> 
  custom:container-muxer-webm: aa71ff27fc2769a1b78a27578f13a17b -> 
  custom:video-decoder-webm-vp8: 9c59270c3fd7afecdb556c50c9e8de78 -> 
  custom:SearchIndexIgnoredProperties: e643bd26f0fe6173181afceb89e7c659 -> 
  custom:AudioImporter_EditorPlatform: 3918e3fc78b5a79bad01e8451be0beb8 -> 
  custom:framework-osx-AVFoundation: e770b220cccbd017edd2c1fefb359320 -> 
  custom:video-encoder-webm-vp8: eb34c28f22e8b96e1ab97ce403110664 -> 
  custom:audio-decoder-ogg-vorbis: bf7c407c2cedff20999df2af8eb42d56 -> 
  custom:audio-encoder-webm-vorbis: bf7c407c2cedff20999df2af8eb42d56 -> 
  custom:scripting/precompiled-assembly-types:Assembly-CSharp: 74cfa10d7708b0e5310e90397328ec8d -> 69ea2203ffb79dbff4b01d4dabda315f
========================================================================
Received Prepare
Caller must complete domain reload
 #0 GetStacktrace(int)
 #1 DebugStringToFile(DebugStringToFileData const&)
 #2 AssertImplementation(int, char const*, int, int, char const*)
 #3 Internal_ADB_WorkerOnly_DomainReload(AssemblyLoadReason)
 #4 WorkerDomainReloadV2()
 #5 AssetImportWorkerClient::ReloadMonoDomain(AssetResolver&)
 #6 invocation function for block in AssetImportWorkerClient::HandleMessage(PrepareMessage const&)::$_4::operator()() const
 #7 _dispatch_client_callout
 #8 _dispatch_async_and_wait_invoke
 #9 _dispatch_client_callout
 #10 _dispatch_main_queue_drain
 #11 _dispatch_main_queue_callback_4CF
 #12 __CFRUNLOOP_IS_SERVICING_THE_MAIN_DISPATCH_QUEUE__
 #13 __CFRunLoopRun
 #14 CFRunLoopRunSpecific
 #15 RunCurrentEventLoopInMode
 #16 ReceiveNextEventCommon
 #17 _BlockUntilNextEventMatchingListInModeWithFilter
 #18 _DPSNextEvent
 #19 -[NSApplication(NSEvent) _nextEventMatchingEventMask:untilDate:inMode:dequeue:]
 #20 -[NSApplication run]
 #21 NSApplicationMain
 #22 EditorMain(int, char const**)
 #23 main
 #24 start

Begin MonoManager ReloadAssembly
- Loaded All Assemblies, in  1.105 seconds
Native extension for WindowsStandalone target not found
Native extension for iOS target not found
2025-04-19 00:18:29.899 Unity[12883:4983237] [XcodeApplications] Failed to read NSDictionary from path /Contents/Info.plist
Native extension for Android target not found
Native extension for OSXStandalone target not found
Mono: successfully reloaded assembly
[Package Manager] Server::EnsureServerProcessIsRunning -- launch failed, reason: Unity was launched with the -noUpm command-line argument
[Package Manager] UpmClient::Send -- Unable to send message (not connected to UPM process).
[Package Manager] Cannot connect to Unity Package Manager local server
- Finished resetting the current domain, in  2.231 seconds
Domain Reload Profiling: 3338ms
	BeginReloadAssembly (376ms)
		ExecutionOrderSort (0ms)
		DisableScriptedObjects (23ms)
		BackupInstance (0ms)
		ReleaseScriptingObjects (0ms)
		CreateAndSetChildDomain (109ms)
	RebuildCommonClasses (69ms)
	RebuildNativeTypeToScriptingClass (26ms)
	initialDomainReloadingComplete (119ms)
	LoadAllAssembliesAndSetupDomain (516ms)
		LoadAssemblies (677ms)
		RebuildTransferFunctionScriptingTraits (0ms)
		AnalyzeDomain (41ms)
			TypeCache.Refresh (15ms)
				TypeCache.ScanAssembly (0ms)
			ScanForSourceGeneratedMonoScriptInfo (0ms)
			ResolveRequiredComponents (20ms)
	FinalizeReload (2232ms)
		ReleaseScriptCaches (0ms)
		RebuildScriptCaches (0ms)
		SetupLoadedEditorAssemblies (769ms)
			LogAssemblyErrors (0ms)
			InitializePlatformSupportModulesInManaged (61ms)
			SetLoadedEditorAssemblies (9ms)
			RefreshPlugins (0ms)
			BeforeProcessingInitializeOnLoad (111ms)
			ProcessInitializeOnLoadAttributes (524ms)
			ProcessInitializeOnLoadMethodAttributes (61ms)
			AfterProcessingInitializeOnLoad (2ms)
			EditorAssembliesLoaded (1ms)
		ExecutionOrderSort2 (0ms)
		AwakeInstancesAfterBackupRestoration (17ms)
Refreshing native plugins compatible for Editor in 4.22 ms, found 3 plugins.
Preloading 0 native plugins for Editor in 0.00 ms.
Unloading 4325 Unused Serialized files (Serialized files now loaded: 0)
Unloading 19 unused Assets / (31.3 KB). Loaded Objects now: 4884.
Memory consumption went from 212.9 MB to 212.9 MB.
Total: 6.457693 ms (FindLiveObjects: 0.398268 ms CreateObjectMapping: 0.436103 ms MarkObjects: 5.555300 ms  DeleteObjects: 0.066838 ms)

Prepare: number of updated asset objects reloaded= 0
AssetImportParameters requested are different than current active one (requested -> active):
  custom:container-demuxer-ogg: 62fdf1f143b41e24485cea50d1cbac27 -> 
  custom:scripting/monoscript/fileName/Guest Mode.cs: 14bb294407ae9216b25ce15ea82c36c5 -> 
  custom:video-decoder-ogg-theora: a1e56fd34408186e4bbccfd4996cb3dc -> 
  custom:CustomObjectIndexerAttribute: 9a22284fe3817be447336de3de66b15e -> 
  custom:container-demuxer-webm: 4f35f7cbe854078d1ac9338744f61a02 -> 
  custom:container-muxer-webm: aa71ff27fc2769a1b78a27578f13a17b -> 
  custom:video-decoder-webm-vp8: 9c59270c3fd7afecdb556c50c9e8de78 -> 
  custom:SearchIndexIgnoredProperties: e643bd26f0fe6173181afceb89e7c659 -> 
  custom:AudioImporter_EditorPlatform: 3918e3fc78b5a79bad01e8451be0beb8 -> 
  custom:framework-osx-AVFoundation: e770b220cccbd017edd2c1fefb359320 -> 
  custom:video-encoder-webm-vp8: eb34c28f22e8b96e1ab97ce403110664 -> 
  custom:audio-decoder-ogg-vorbis: bf7c407c2cedff20999df2af8eb42d56 -> 
  custom:audio-encoder-webm-vorbis: bf7c407c2cedff20999df2af8eb42d56 -> 
  custom:scripting/precompiled-assembly-types:Assembly-CSharp: 74cfa10d7708b0e5310e90397328ec8d -> 69ea2203ffb79dbff4b01d4dabda315f
========================================================================
Received Prepare
Caller must complete domain reload
 #0 GetStacktrace(int)
 #1 DebugStringToFile(DebugStringToFileData const&)
 #2 AssertImplementation(int, char const*, int, int, char const*)
 #3 Internal_ADB_WorkerOnly_DomainReload(AssemblyLoadReason)
 #4 WorkerDomainReloadV2()
 #5 AssetImportWorkerClient::ReloadMonoDomain(AssetResolver&)
 #6 invocation function for block in AssetImportWorkerClient::HandleMessage(PrepareMessage const&)::$_4::operator()() const
 #7 _dispatch_client_callout
 #8 _dispatch_async_and_wait_invoke
 #9 _dispatch_client_callout
 #10 _dispatch_main_queue_drain
 #11 _dispatch_main_queue_callback_4CF
 #12 __CFRUNLOOP_IS_SERVICING_THE_MAIN_DISPATCH_QUEUE__
 #13 __CFRunLoopRun
 #14 CFRunLoopRunSpecific
 #15 RunCurrentEventLoopInMode
 #16 ReceiveNextEventCommon
 #17 _BlockUntilNextEventMatchingListInModeWithFilter
 #18 _DPSNextEvent
 #19 -[NSApplication(NSEvent) _nextEventMatchingEventMask:untilDate:inMode:dequeue:]
 #20 -[NSApplication run]
 #21 NSApplicationMain
 #22 EditorMain(int, char const**)
 #23 main
 #24 start

Begin MonoManager ReloadAssembly
- Loaded All Assemblies, in  0.660 seconds
Native extension for WindowsStandalone target not found
Native extension for iOS target not found
2025-04-19 00:34:41.357 Unity[12883:4983237] [XcodeApplications] Failed to read NSDictionary from path /Contents/Info.plist
Native extension for Android target not found
Native extension for OSXStandalone target not found
Mono: successfully reloaded assembly
[Package Manager] Server::EnsureServerProcessIsRunning -- launch failed, reason: Unity was launched with the -noUpm command-line argument
[Package Manager] UpmClient::Send -- Unable to send message (not connected to UPM process).
[Package Manager] Cannot connect to Unity Package Manager local server
- Finished resetting the current domain, in  2.184 seconds
Domain Reload Profiling: 2844ms
	BeginReloadAssembly (205ms)
		ExecutionOrderSort (0ms)
		DisableScriptedObjects (15ms)
		BackupInstance (0ms)
		ReleaseScriptingObjects (0ms)
		CreateAndSetChildDomain (66ms)
	RebuildCommonClasses (52ms)
	RebuildNativeTypeToScriptingClass (17ms)
	initialDomainReloadingComplete (33ms)
	LoadAllAssembliesAndSetupDomain (352ms)
		LoadAssemblies (420ms)
		RebuildTransferFunctionScriptingTraits (0ms)
		AnalyzeDomain (22ms)
			TypeCache.Refresh (8ms)
				TypeCache.ScanAssembly (0ms)
			ScanForSourceGeneratedMonoScriptInfo (0ms)
			ResolveRequiredComponents (11ms)
	FinalizeReload (2185ms)
		ReleaseScriptCaches (0ms)
		RebuildScriptCaches (0ms)
		SetupLoadedEditorAssemblies (727ms)
			LogAssemblyErrors (0ms)
			InitializePlatformSupportModulesInManaged (44ms)
			SetLoadedEditorAssemblies (7ms)
			RefreshPlugins (0ms)
			BeforeProcessingInitializeOnLoad (90ms)
			ProcessInitializeOnLoadAttributes (521ms)
			ProcessInitializeOnLoadMethodAttributes (62ms)
			AfterProcessingInitializeOnLoad (3ms)
			EditorAssembliesLoaded (0ms)
		ExecutionOrderSort2 (0ms)
		AwakeInstancesAfterBackupRestoration (17ms)
Refreshing native plugins compatible for Editor in 5.23 ms, found 3 plugins.
Preloading 0 native plugins for Editor in 0.00 ms.
Unloading 4325 Unused Serialized files (Serialized files now loaded: 0)
Unloading 19 unused Assets / (31.3 KB). Loaded Objects now: 4888.
Memory consumption went from 217.3 MB to 217.3 MB.
Total: 6.986216 ms (FindLiveObjects: 0.510791 ms CreateObjectMapping: 0.499390 ms MarkObjects: 5.904688 ms  DeleteObjects: 0.069796 ms)

Prepare: number of updated asset objects reloaded= 0
AssetImportParameters requested are different than current active one (requested -> active):
  custom:container-demuxer-ogg: 62fdf1f143b41e24485cea50d1cbac27 -> 
  custom:scripting/monoscript/fileName/Guest Mode.cs: 14bb294407ae9216b25ce15ea82c36c5 -> 
  custom:video-decoder-ogg-theora: a1e56fd34408186e4bbccfd4996cb3dc -> 
  custom:CustomObjectIndexerAttribute: 9a22284fe3817be447336de3de66b15e -> 
  custom:container-demuxer-webm: 4f35f7cbe854078d1ac9338744f61a02 -> 
  custom:container-muxer-webm: aa71ff27fc2769a1b78a27578f13a17b -> 
  custom:video-decoder-webm-vp8: 9c59270c3fd7afecdb556c50c9e8de78 -> 
  custom:SearchIndexIgnoredProperties: e643bd26f0fe6173181afceb89e7c659 -> 
  custom:AudioImporter_EditorPlatform: 3918e3fc78b5a79bad01e8451be0beb8 -> 
  custom:framework-osx-AVFoundation: e770b220cccbd017edd2c1fefb359320 -> 
  custom:video-encoder-webm-vp8: eb34c28f22e8b96e1ab97ce403110664 -> 
  custom:audio-decoder-ogg-vorbis: bf7c407c2cedff20999df2af8eb42d56 -> 
  custom:audio-encoder-webm-vorbis: bf7c407c2cedff20999df2af8eb42d56 -> 
  custom:scripting/precompiled-assembly-types:Assembly-CSharp: 74cfa10d7708b0e5310e90397328ec8d -> 69ea2203ffb79dbff4b01d4dabda315f
========================================================================
Received Prepare
Caller must complete domain reload
 #0 GetStacktrace(int)
 #1 DebugStringToFile(DebugStringToFileData const&)
 #2 AssertImplementation(int, char const*, int, int, char const*)
 #3 Internal_ADB_WorkerOnly_DomainReload(AssemblyLoadReason)
 #4 WorkerDomainReloadV2()
 #5 AssetImportWorkerClient::ReloadMonoDomain(AssetResolver&)
 #6 invocation function for block in AssetImportWorkerClient::HandleMessage(PrepareMessage const&)::$_4::operator()() const
 #7 _dispatch_client_callout
 #8 _dispatch_async_and_wait_invoke
 #9 _dispatch_client_callout
 #10 _dispatch_main_queue_drain
 #11 _dispatch_main_queue_callback_4CF
 #12 __CFRUNLOOP_IS_SERVICING_THE_MAIN_DISPATCH_QUEUE__
 #13 __CFRunLoopRun
 #14 CFRunLoopRunSpecific
 #15 RunCurrentEventLoopInMode
 #16 ReceiveNextEventCommon
 #17 _BlockUntilNextEventMatchingListInModeWithFilter
 #18 _DPSNextEvent
 #19 -[NSApplication(NSEvent) _nextEventMatchingEventMask:untilDate:inMode:dequeue:]
 #20 -[NSApplication run]
 #21 NSApplicationMain
 #22 EditorMain(int, char const**)
 #23 main
 #24 start

Begin MonoManager ReloadAssembly
- Loaded All Assemblies, in  0.638 seconds
Native extension for WindowsStandalone target not found
Native extension for iOS target not found
2025-04-19 00:36:33.150 Unity[12883:4983237] [XcodeApplications] Failed to read NSDictionary from path /Contents/Info.plist
Native extension for Android target not found
Native extension for OSXStandalone target not found
Mono: successfully reloaded assembly
[Package Manager] Server::EnsureServerProcessIsRunning -- launch failed, reason: Unity was launched with the -noUpm command-line argument
[Package Manager] UpmClient::Send -- Unable to send message (not connected to UPM process).
[Package Manager] Cannot connect to Unity Package Manager local server
- Finished resetting the current domain, in  1.876 seconds
Domain Reload Profiling: 2513ms
	BeginReloadAssembly (201ms)
		ExecutionOrderSort (0ms)
		DisableScriptedObjects (15ms)
		BackupInstance (0ms)
		ReleaseScriptingObjects (0ms)
		CreateAndSetChildDomain (66ms)
	RebuildCommonClasses (49ms)
	RebuildNativeTypeToScriptingClass (17ms)
	initialDomainReloadingComplete (31ms)
	LoadAllAssembliesAndSetupDomain (339ms)
		LoadAssemblies (405ms)
		RebuildTransferFunctionScriptingTraits (0ms)
		AnalyzeDomain (21ms)
			TypeCache.Refresh (7ms)
				TypeCache.ScanAssembly (0ms)
			ScanForSourceGeneratedMonoScriptInfo (0ms)
			ResolveRequiredComponents (11ms)
	FinalizeReload (1876ms)
		ReleaseScriptCaches (0ms)
		RebuildScriptCaches (0ms)
		SetupLoadedEditorAssemblies (610ms)
			LogAssemblyErrors (0ms)
			InitializePlatformSupportModulesInManaged (43ms)
			SetLoadedEditorAssemblies (7ms)
			RefreshPlugins (0ms)
			BeforeProcessingInitializeOnLoad (97ms)
			ProcessInitializeOnLoadAttributes (410ms)
			ProcessInitializeOnLoadMethodAttributes (52ms)
			AfterProcessingInitializeOnLoad (2ms)
			EditorAssembliesLoaded (0ms)
		ExecutionOrderSort2 (0ms)
		AwakeInstancesAfterBackupRestoration (20ms)
Refreshing native plugins compatible for Editor in 4.06 ms, found 3 plugins.
Preloading 0 native plugins for Editor in 0.00 ms.
Unloading 4325 Unused Serialized files (Serialized files now loaded: 0)
Unloading 19 unused Assets / (31.3 KB). Loaded Objects now: 4892.
Memory consumption went from 221.6 MB to 221.6 MB.
Total: 5.713041 ms (FindLiveObjects: 0.450903 ms CreateObjectMapping: 0.429183 ms MarkObjects: 4.764896 ms  DeleteObjects: 0.066718 ms)

Prepare: number of updated asset objects reloaded= 0
AssetImportParameters requested are different than current active one (requested -> active):
  custom:container-demuxer-ogg: 62fdf1f143b41e24485cea50d1cbac27 -> 
  custom:scripting/monoscript/fileName/Guest Mode.cs: 14bb294407ae9216b25ce15ea82c36c5 -> 
  custom:video-decoder-ogg-theora: a1e56fd34408186e4bbccfd4996cb3dc -> 
  custom:CustomObjectIndexerAttribute: 9a22284fe3817be447336de3de66b15e -> 
  custom:container-demuxer-webm: 4f35f7cbe854078d1ac9338744f61a02 -> 
  custom:container-muxer-webm: aa71ff27fc2769a1b78a27578f13a17b -> 
  custom:video-decoder-webm-vp8: 9c59270c3fd7afecdb556c50c9e8de78 -> 
  custom:SearchIndexIgnoredProperties: e643bd26f0fe6173181afceb89e7c659 -> 
  custom:AudioImporter_EditorPlatform: 3918e3fc78b5a79bad01e8451be0beb8 -> 
  custom:framework-osx-AVFoundation: e770b220cccbd017edd2c1fefb359320 -> 
  custom:video-encoder-webm-vp8: eb34c28f22e8b96e1ab97ce403110664 -> 
  custom:audio-decoder-ogg-vorbis: bf7c407c2cedff20999df2af8eb42d56 -> 
  custom:audio-encoder-webm-vorbis: bf7c407c2cedff20999df2af8eb42d56 -> 
  custom:scripting/precompiled-assembly-types:Assembly-CSharp: 74cfa10d7708b0e5310e90397328ec8d -> 69ea2203ffb79dbff4b01d4dabda315f
========================================================================
Received Prepare
Caller must complete domain reload
 #0 GetStacktrace(int)
 #1 DebugStringToFile(DebugStringToFileData const&)
 #2 AssertImplementation(int, char const*, int, int, char const*)
 #3 Internal_ADB_WorkerOnly_DomainReload(AssemblyLoadReason)
 #4 WorkerDomainReloadV2()
 #5 AssetImportWorkerClient::ReloadMonoDomain(AssetResolver&)
 #6 invocation function for block in AssetImportWorkerClient::HandleMessage(PrepareMessage const&)::$_4::operator()() const
 #7 _dispatch_client_callout
 #8 _dispatch_async_and_wait_invoke
 #9 _dispatch_client_callout
 #10 _dispatch_main_queue_drain
 #11 _dispatch_main_queue_callback_4CF
 #12 __CFRUNLOOP_IS_SERVICING_THE_MAIN_DISPATCH_QUEUE__
 #13 __CFRunLoopRun
 #14 CFRunLoopRunSpecific
 #15 RunCurrentEventLoopInMode
 #16 ReceiveNextEventCommon
 #17 _BlockUntilNextEventMatchingListInModeWithFilter
 #18 _DPSNextEvent
 #19 -[NSApplication(NSEvent) _nextEventMatchingEventMask:untilDate:inMode:dequeue:]
 #20 -[NSApplication run]
 #21 NSApplicationMain
 #22 EditorMain(int, char const**)
 #23 main
 #24 start

Begin MonoManager ReloadAssembly
- Loaded All Assemblies, in  0.641 seconds
Native extension for WindowsStandalone target not found
Native extension for iOS target not found
2025-04-19 00:38:27.575 Unity[12883:4983237] [XcodeApplications] Failed to read NSDictionary from path /Contents/Info.plist
Native extension for Android target not found
Native extension for OSXStandalone target not found
Mono: successfully reloaded assembly
[Package Manager] Server::EnsureServerProcessIsRunning -- launch failed, reason: Unity was launched with the -noUpm command-line argument
[Package Manager] UpmClient::Send -- Unable to send message (not connected to UPM process).
[Package Manager] Cannot connect to Unity Package Manager local server
- Finished resetting the current domain, in  1.812 seconds
Domain Reload Profiling: 2452ms
	BeginReloadAssembly (214ms)
		ExecutionOrderSort (0ms)
		DisableScriptedObjects (16ms)
		BackupInstance (0ms)
		ReleaseScriptingObjects (0ms)
		CreateAndSetChildDomain (72ms)
	RebuildCommonClasses (50ms)
	RebuildNativeTypeToScriptingClass (17ms)
	initialDomainReloadingComplete (31ms)
	LoadAllAssembliesAndSetupDomain (328ms)
		LoadAssemblies (401ms)
		RebuildTransferFunctionScriptingTraits (0ms)
		AnalyzeDomain (20ms)
			TypeCache.Refresh (7ms)
				TypeCache.ScanAssembly (0ms)
			ScanForSourceGeneratedMonoScriptInfo (0ms)
			ResolveRequiredComponents (10ms)
	FinalizeReload (1813ms)
		ReleaseScriptCaches (0ms)
		RebuildScriptCaches (0ms)
		SetupLoadedEditorAssemblies (568ms)
			LogAssemblyErrors (0ms)
			InitializePlatformSupportModulesInManaged (43ms)
			SetLoadedEditorAssemblies (7ms)
			RefreshPlugins (0ms)
			BeforeProcessingInitializeOnLoad (86ms)
			ProcessInitializeOnLoadAttributes (384ms)
			ProcessInitializeOnLoadMethodAttributes (46ms)
			AfterProcessingInitializeOnLoad (2ms)
			EditorAssembliesLoaded (0ms)
		ExecutionOrderSort2 (0ms)
		AwakeInstancesAfterBackupRestoration (12ms)
Refreshing native plugins compatible for Editor in 3.86 ms, found 3 plugins.
Preloading 0 native plugins for Editor in 0.00 ms.
Unloading 4325 Unused Serialized files (Serialized files now loaded: 0)
Unloading 19 unused Assets / (31.4 KB). Loaded Objects now: 4896.
Memory consumption went from 226.0 MB to 225.9 MB.
Total: 4.485372 ms (FindLiveObjects: 0.347427 ms CreateObjectMapping: 0.358646 ms MarkObjects: 3.728392 ms  DeleteObjects: 0.049930 ms)

Prepare: number of updated asset objects reloaded= 0
AssetImportParameters requested are different than current active one (requested -> active):
  custom:container-demuxer-ogg: 62fdf1f143b41e24485cea50d1cbac27 -> 
  custom:scripting/monoscript/fileName/Guest Mode.cs: 14bb294407ae9216b25ce15ea82c36c5 -> 
  custom:video-decoder-ogg-theora: a1e56fd34408186e4bbccfd4996cb3dc -> 
  custom:CustomObjectIndexerAttribute: 9a22284fe3817be447336de3de66b15e -> 
  custom:container-demuxer-webm: 4f35f7cbe854078d1ac9338744f61a02 -> 
  custom:container-muxer-webm: aa71ff27fc2769a1b78a27578f13a17b -> 
  custom:video-decoder-webm-vp8: 9c59270c3fd7afecdb556c50c9e8de78 -> 
  custom:SearchIndexIgnoredProperties: e643bd26f0fe6173181afceb89e7c659 -> 
  custom:AudioImporter_EditorPlatform: 3918e3fc78b5a79bad01e8451be0beb8 -> 
  custom:framework-osx-AVFoundation: e770b220cccbd017edd2c1fefb359320 -> 
  custom:video-encoder-webm-vp8: eb34c28f22e8b96e1ab97ce403110664 -> 
  custom:audio-decoder-ogg-vorbis: bf7c407c2cedff20999df2af8eb42d56 -> 
  custom:audio-encoder-webm-vorbis: bf7c407c2cedff20999df2af8eb42d56 -> 
  custom:scripting/precompiled-assembly-types:Assembly-CSharp: 74cfa10d7708b0e5310e90397328ec8d -> 69ea2203ffb79dbff4b01d4dabda315f
========================================================================
Received Import Request.
  Time since last request: 3669.001857 seconds.
  path: Assets/Sprite/Cutscene/final2.png
  artifactKey: Guid(325d2f1b57286413684f5f7a90be8b03) Importer(815301076,1909f56bfc062723c751e8b465ee728b)
Start importing Assets/Sprite/Cutscene/final2.png using Guid(325d2f1b57286413684f5f7a90be8b03) Importer(815301076,1909f56bfc062723c751e8b465ee728b) [PhysX] Initialized MultithreadedTaskDispatcher with 8 workers.
WARNING: RGBA Compressed ASTC6X6 UNorm format is not supported, decompressing texture
[PhysX] Initialized MultithreadedTaskDispatcher with 8 workers.
 -> (artifact id: '5613187453bef33fc0dcac7b6852a5a0') in 0.331714 seconds
Number of updated asset objects reloaded before import = 0
Number of asset objects unloaded after import = 3
========================================================================
Received Import Request.
  Time since last request: 483.778424 seconds.
  path: Assets/Prefabs/Snake.prefab
  artifactKey: Guid(858292d3f53444e1a80c5c33c02b9d03) Importer(815301076,1909f56bfc062723c751e8b465ee728b)
Start importing Assets/Prefabs/Snake.prefab using Guid(858292d3f53444e1a80c5c33c02b9d03) Importer(815301076,1909f56bfc062723c751e8b465ee728b) [PhysX] Initialized MultithreadedTaskDispatcher with 8 workers.
[PhysX] Initialized MultithreadedTaskDispatcher with 8 workers.
 -> (artifact id: '37726ce04f826856fdab9aad7ffcb934') in 0.095113 seconds
Number of updated asset objects reloaded before import = 0
Number of asset objects unloaded after import = 54
========================================================================
Received Prepare
Caller must complete domain reload
 #0 GetStacktrace(int)
 #1 DebugStringToFile(DebugStringToFileData const&)
 #2 AssertImplementation(int, char const*, int, int, char const*)
 #3 Internal_ADB_WorkerOnly_DomainReload(AssemblyLoadReason)
 #4 WorkerDomainReloadV2()
 #5 AssetImportWorkerClient::ReloadMonoDomain(AssetResolver&)
 #6 invocation function for block in AssetImportWorkerClient::HandleMessage(PrepareMessage const&)::$_4::operator()() const
 #7 _dispatch_client_callout
 #8 _dispatch_async_and_wait_invoke
 #9 _dispatch_client_callout
 #10 _dispatch_main_queue_drain
 #11 _dispatch_main_queue_callback_4CF
 #12 __CFRUNLOOP_IS_SERVICING_THE_MAIN_DISPATCH_QUEUE__
 #13 __CFRunLoopRun
 #14 CFRunLoopRunSpecific
 #15 RunCurrentEventLoopInMode
 #16 ReceiveNextEventCommon
 #17 _BlockUntilNextEventMatchingListInModeWithFilter
 #18 _DPSNextEvent
 #19 -[NSApplication(NSEvent) _nextEventMatchingEventMask:untilDate:inMode:dequeue:]
 #20 -[NSApplication run]
 #21 NSApplicationMain
 #22 EditorMain(int, char const**)
 #23 main
 #24 start

Begin MonoManager ReloadAssembly
- Loaded All Assemblies, in  0.748 seconds
Native extension for WindowsStandalone target not found
Native extension for iOS target not found
2025-04-19 01:13:27.015 Unity[12883:4983237] [XcodeApplications] Failed to read NSDictionary from path /Contents/Info.plist
Native extension for Android target not found
Native extension for OSXStandalone target not found
Mono: successfully reloaded assembly
[Package Manager] Server::EnsureServerProcessIsRunning -- launch failed, reason: Unity was launched with the -noUpm command-line argument
[Package Manager] UpmClient::Send -- Unable to send message (not connected to UPM process).
[Package Manager] Cannot connect to Unity Package Manager local server
- Finished resetting the current domain, in  2.112 seconds
Domain Reload Profiling: 2861ms
	BeginReloadAssembly (275ms)
		ExecutionOrderSort (0ms)
		DisableScriptedObjects (18ms)
		BackupInstance (0ms)
		ReleaseScriptingObjects (0ms)
		CreateAndSetChildDomain (105ms)
	RebuildCommonClasses (50ms)
	RebuildNativeTypeToScriptingClass (16ms)
	initialDomainReloadingComplete (37ms)
	LoadAllAssembliesAndSetupDomain (370ms)
		LoadAssemblies (461ms)
		RebuildTransferFunctionScriptingTraits (0ms)
		AnalyzeDomain (24ms)
			TypeCache.Refresh (10ms)
				TypeCache.ScanAssembly (0ms)
			ScanForSourceGeneratedMonoScriptInfo (0ms)
			ResolveRequiredComponents (11ms)
	FinalizeReload (2113ms)
		ReleaseScriptCaches (0ms)
		RebuildScriptCaches (0ms)
		SetupLoadedEditorAssemblies (604ms)
			LogAssemblyErrors (0ms)
			InitializePlatformSupportModulesInManaged (41ms)
			SetLoadedEditorAssemblies (7ms)
			RefreshPlugins (0ms)
			BeforeProcessingInitializeOnLoad (91ms)
			ProcessInitializeOnLoadAttributes (405ms)
			ProcessInitializeOnLoadMethodAttributes (58ms)
			AfterProcessingInitializeOnLoad (2ms)
			EditorAssembliesLoaded (0ms)
		ExecutionOrderSort2 (0ms)
		AwakeInstancesAfterBackupRestoration (16ms)
Refreshing native plugins compatible for Editor in 4.17 ms, found 3 plugins.
Preloading 0 native plugins for Editor in 0.00 ms.
Unloading 4324 Unused Serialized files (Serialized files now loaded: 0)
Unloading 19 unused Assets / (31.3 KB). Loaded Objects now: 4911.
Memory consumption went from 262.6 MB to 262.5 MB.
Total: 6.331585 ms (FindLiveObjects: 0.380244 ms CreateObjectMapping: 0.491000 ms MarkObjects: 5.404128 ms  DeleteObjects: 0.054861 ms)

Prepare: number of updated asset objects reloaded= 0
AssetImportParameters requested are different than current active one (requested -> active):
  custom:container-demuxer-ogg: 62fdf1f143b41e24485cea50d1cbac27 -> 
  custom:scripting/monoscript/fileName/Guest Mode.cs: 14bb294407ae9216b25ce15ea82c36c5 -> 
  custom:video-decoder-ogg-theora: a1e56fd34408186e4bbccfd4996cb3dc -> 
  custom:CustomObjectIndexerAttribute: 9a22284fe3817be447336de3de66b15e -> 
  custom:container-demuxer-webm: 4f35f7cbe854078d1ac9338744f61a02 -> 
  custom:container-muxer-webm: aa71ff27fc2769a1b78a27578f13a17b -> 
  custom:video-decoder-webm-vp8: 9c59270c3fd7afecdb556c50c9e8de78 -> 
  custom:SearchIndexIgnoredProperties: e643bd26f0fe6173181afceb89e7c659 -> 
  custom:AudioImporter_EditorPlatform: 3918e3fc78b5a79bad01e8451be0beb8 -> 
  custom:framework-osx-AVFoundation: e770b220cccbd017edd2c1fefb359320 -> 
  custom:video-encoder-webm-vp8: eb34c28f22e8b96e1ab97ce403110664 -> 
  custom:audio-decoder-ogg-vorbis: bf7c407c2cedff20999df2af8eb42d56 -> 
  custom:audio-encoder-webm-vorbis: bf7c407c2cedff20999df2af8eb42d56 -> 
  custom:scripting/precompiled-assembly-types:Assembly-CSharp: 74cfa10d7708b0e5310e90397328ec8d -> 69ea2203ffb79dbff4b01d4dabda315f
========================================================================
Received Prepare
Caller must complete domain reload
 #0 GetStacktrace(int)
 #1 DebugStringToFile(DebugStringToFileData const&)
 #2 AssertImplementation(int, char const*, int, int, char const*)
 #3 Internal_ADB_WorkerOnly_DomainReload(AssemblyLoadReason)
 #4 WorkerDomainReloadV2()
 #5 AssetImportWorkerClient::ReloadMonoDomain(AssetResolver&)
 #6 invocation function for block in AssetImportWorkerClient::HandleMessage(PrepareMessage const&)::$_4::operator()() const
 #7 _dispatch_client_callout
 #8 _dispatch_async_and_wait_invoke
 #9 _dispatch_client_callout
 #10 _dispatch_main_queue_drain
 #11 _dispatch_main_queue_callback_4CF
 #12 __CFRUNLOOP_IS_SERVICING_THE_MAIN_DISPATCH_QUEUE__
 #13 __CFRunLoopRun
 #14 CFRunLoopRunSpecific
 #15 RunCurrentEventLoopInMode
 #16 ReceiveNextEventCommon
 #17 _BlockUntilNextEventMatchingListInModeWithFilter
 #18 _DPSNextEvent
 #19 -[NSApplication(NSEvent) _nextEventMatchingEventMask:untilDate:inMode:dequeue:]
 #20 -[NSApplication run]
 #21 NSApplicationMain
 #22 EditorMain(int, char const**)
 #23 main
 #24 start

Begin MonoManager ReloadAssembly
- Loaded All Assemblies, in  0.670 seconds
Native extension for WindowsStandalone target not found
Native extension for iOS target not found
2025-04-19 01:24:27.513 Unity[12883:4983237] [XcodeApplications] Failed to read NSDictionary from path /Contents/Info.plist
Native extension for Android target not found
Native extension for OSXStandalone target not found
Mono: successfully reloaded assembly
[Package Manager] Server::EnsureServerProcessIsRunning -- launch failed, reason: Unity was launched with the -noUpm command-line argument
[Package Manager] UpmClient::Send -- Unable to send message (not connected to UPM process).
[Package Manager] Cannot connect to Unity Package Manager local server
- Finished resetting the current domain, in  1.897 seconds
Domain Reload Profiling: 2566ms
	BeginReloadAssembly (240ms)
		ExecutionOrderSort (0ms)
		DisableScriptedObjects (17ms)
		BackupInstance (0ms)
		ReleaseScriptingObjects (0ms)
		CreateAndSetChildDomain (80ms)
	RebuildCommonClasses (51ms)
	RebuildNativeTypeToScriptingClass (18ms)
	initialDomainReloadingComplete (35ms)
	LoadAllAssembliesAndSetupDomain (324ms)
		LoadAssemblies (409ms)
		RebuildTransferFunctionScriptingTraits (0ms)
		AnalyzeDomain (22ms)
			TypeCache.Refresh (8ms)
				TypeCache.ScanAssembly (0ms)
			ScanForSourceGeneratedMonoScriptInfo (0ms)
			ResolveRequiredComponents (11ms)
	FinalizeReload (1897ms)
		ReleaseScriptCaches (0ms)
		RebuildScriptCaches (0ms)
		SetupLoadedEditorAssemblies (600ms)
			LogAssemblyErrors (0ms)
			InitializePlatformSupportModulesInManaged (44ms)
			SetLoadedEditorAssemblies (8ms)
			RefreshPlugins (0ms)
			BeforeProcessingInitializeOnLoad (93ms)
			ProcessInitializeOnLoadAttributes (393ms)
			ProcessInitializeOnLoadMethodAttributes (60ms)
			AfterProcessingInitializeOnLoad (2ms)
			EditorAssembliesLoaded (0ms)
		ExecutionOrderSort2 (0ms)
		AwakeInstancesAfterBackupRestoration (14ms)
Refreshing native plugins compatible for Editor in 3.93 ms, found 3 plugins.
Preloading 0 native plugins for Editor in 0.00 ms.
Unloading 4325 Unused Serialized files (Serialized files now loaded: 0)
Unloading 19 unused Assets / (31.3 KB). Loaded Objects now: 4915.
Memory consumption went from 267.2 MB to 267.1 MB.
Total: 4.856028 ms (FindLiveObjects: 0.376505 ms CreateObjectMapping: 0.428144 ms MarkObjects: 3.980045 ms  DeleteObjects: 0.070090 ms)

Prepare: number of updated asset objects reloaded= 0
AssetImportParameters requested are different than current active one (requested -> active):
  custom:container-demuxer-ogg: 62fdf1f143b41e24485cea50d1cbac27 -> 
  custom:scripting/monoscript/fileName/Guest Mode.cs: 14bb294407ae9216b25ce15ea82c36c5 -> 
  custom:video-decoder-ogg-theora: a1e56fd34408186e4bbccfd4996cb3dc -> 
  custom:CustomObjectIndexerAttribute: 9a22284fe3817be447336de3de66b15e -> 
  custom:container-demuxer-webm: 4f35f7cbe854078d1ac9338744f61a02 -> 
  custom:container-muxer-webm: aa71ff27fc2769a1b78a27578f13a17b -> 
  custom:video-decoder-webm-vp8: 9c59270c3fd7afecdb556c50c9e8de78 -> 
  custom:SearchIndexIgnoredProperties: e643bd26f0fe6173181afceb89e7c659 -> 
  custom:AudioImporter_EditorPlatform: 3918e3fc78b5a79bad01e8451be0beb8 -> 
  custom:framework-osx-AVFoundation: e770b220cccbd017edd2c1fefb359320 -> 
  custom:video-encoder-webm-vp8: eb34c28f22e8b96e1ab97ce403110664 -> 
  custom:audio-decoder-ogg-vorbis: bf7c407c2cedff20999df2af8eb42d56 -> 
  custom:audio-encoder-webm-vorbis: bf7c407c2cedff20999df2af8eb42d56 -> 
  custom:scripting/precompiled-assembly-types:Assembly-CSharp: 74cfa10d7708b0e5310e90397328ec8d -> 69ea2203ffb79dbff4b01d4dabda315f
========================================================================
Received Prepare
Caller must complete domain reload
 #0 GetStacktrace(int)
 #1 DebugStringToFile(DebugStringToFileData const&)
 #2 AssertImplementation(int, char const*, int, int, char const*)
 #3 Internal_ADB_WorkerOnly_DomainReload(AssemblyLoadReason)
 #4 WorkerDomainReloadV2()
 #5 AssetImportWorkerClient::ReloadMonoDomain(AssetResolver&)
 #6 invocation function for block in AssetImportWorkerClient::HandleMessage(PrepareMessage const&)::$_4::operator()() const
 #7 _dispatch_client_callout
 #8 _dispatch_async_and_wait_invoke
 #9 _dispatch_client_callout
 #10 _dispatch_main_queue_drain
 #11 _dispatch_main_queue_callback_4CF
 #12 __CFRUNLOOP_IS_SERVICING_THE_MAIN_DISPATCH_QUEUE__
 #13 __CFRunLoopRun
 #14 CFRunLoopRunSpecific
 #15 RunCurrentEventLoopInMode
 #16 ReceiveNextEventCommon
 #17 _BlockUntilNextEventMatchingListInModeWithFilter
 #18 _DPSNextEvent
 #19 -[NSApplication(NSEvent) _nextEventMatchingEventMask:untilDate:inMode:dequeue:]
 #20 -[NSApplication run]
 #21 NSApplicationMain
 #22 EditorMain(int, char const**)
 #23 main
 #24 start

Begin MonoManager ReloadAssembly
- Loaded All Assemblies, in  0.621 seconds
Native extension for WindowsStandalone target not found
Native extension for iOS target not found
2025-04-19 01:26:27.092 Unity[12883:4983237] [XcodeApplications] Failed to read NSDictionary from path /Contents/Info.plist
Native extension for Android target not found
Native extension for OSXStandalone target not found
Mono: successfully reloaded assembly
[Package Manager] Server::EnsureServerProcessIsRunning -- launch failed, reason: Unity was launched with the -noUpm command-line argument
[Package Manager] UpmClient::Send -- Unable to send message (not connected to UPM process).
[Package Manager] Cannot connect to Unity Package Manager local server
- Finished resetting the current domain, in  1.178 seconds
Domain Reload Profiling: 1798ms
	BeginReloadAssembly (199ms)
		ExecutionOrderSort (0ms)
		DisableScriptedObjects (15ms)
		BackupInstance (0ms)
		ReleaseScriptingObjects (0ms)
		CreateAndSetChildDomain (69ms)
	RebuildCommonClasses (49ms)
	RebuildNativeTypeToScriptingClass (17ms)
	initialDomainReloadingComplete (32ms)
	LoadAllAssembliesAndSetupDomain (322ms)
		LoadAssemblies (383ms)
		RebuildTransferFunctionScriptingTraits (0ms)
		AnalyzeDomain (23ms)
			TypeCache.Refresh (9ms)
				TypeCache.ScanAssembly (0ms)
			ScanForSourceGeneratedMonoScriptInfo (0ms)
			ResolveRequiredComponents (11ms)
	FinalizeReload (1179ms)
		ReleaseScriptCaches (0ms)
		RebuildScriptCaches (0ms)
		SetupLoadedEditorAssemblies (561ms)
			LogAssemblyErrors (0ms)
			InitializePlatformSupportModulesInManaged (41ms)
			SetLoadedEditorAssemblies (7ms)
			RefreshPlugins (0ms)
			BeforeProcessingInitializeOnLoad (84ms)
			ProcessInitializeOnLoadAttributes (381ms)
			ProcessInitializeOnLoadMethodAttributes (46ms)
			AfterProcessingInitializeOnLoad (2ms)
			EditorAssembliesLoaded (0ms)
		ExecutionOrderSort2 (0ms)
		AwakeInstancesAfterBackupRestoration (12ms)
Refreshing native plugins compatible for Editor in 3.74 ms, found 3 plugins.
Preloading 0 native plugins for Editor in 0.00 ms.
Unloading 4325 Unused Serialized files (Serialized files now loaded: 0)
Unloading 19 unused Assets / (31.3 KB). Loaded Objects now: 4919.
Memory consumption went from 271.5 MB to 271.5 MB.
Total: 5.214629 ms (FindLiveObjects: 0.441455 ms CreateObjectMapping: 0.603002 ms MarkObjects: 4.113307 ms  DeleteObjects: 0.055561 ms)

Prepare: number of updated asset objects reloaded= 0
AssetImportParameters requested are different than current active one (requested -> active):
  custom:container-demuxer-ogg: 62fdf1f143b41e24485cea50d1cbac27 -> 
  custom:scripting/monoscript/fileName/Guest Mode.cs: 14bb294407ae9216b25ce15ea82c36c5 -> 
  custom:video-decoder-ogg-theora: a1e56fd34408186e4bbccfd4996cb3dc -> 
  custom:CustomObjectIndexerAttribute: 9a22284fe3817be447336de3de66b15e -> 
  custom:container-demuxer-webm: 4f35f7cbe854078d1ac9338744f61a02 -> 
  custom:container-muxer-webm: aa71ff27fc2769a1b78a27578f13a17b -> 
  custom:video-decoder-webm-vp8: 9c59270c3fd7afecdb556c50c9e8de78 -> 
  custom:SearchIndexIgnoredProperties: e643bd26f0fe6173181afceb89e7c659 -> 
  custom:AudioImporter_EditorPlatform: 3918e3fc78b5a79bad01e8451be0beb8 -> 
  custom:framework-osx-AVFoundation: e770b220cccbd017edd2c1fefb359320 -> 
  custom:video-encoder-webm-vp8: eb34c28f22e8b96e1ab97ce403110664 -> 
  custom:audio-decoder-ogg-vorbis: bf7c407c2cedff20999df2af8eb42d56 -> 
  custom:audio-encoder-webm-vorbis: bf7c407c2cedff20999df2af8eb42d56 -> 
  custom:scripting/precompiled-assembly-types:Assembly-CSharp: 74cfa10d7708b0e5310e90397328ec8d -> 69ea2203ffb79dbff4b01d4dabda315f
========================================================================
Received Prepare
Caller must complete domain reload
 #0 GetStacktrace(int)
 #1 DebugStringToFile(DebugStringToFileData const&)
 #2 AssertImplementation(int, char const*, int, int, char const*)
 #3 Internal_ADB_WorkerOnly_DomainReload(AssemblyLoadReason)
 #4 WorkerDomainReloadV2()
 #5 AssetImportWorkerClient::ReloadMonoDomain(AssetResolver&)
 #6 invocation function for block in AssetImportWorkerClient::HandleMessage(PrepareMessage const&)::$_4::operator()() const
 #7 _dispatch_client_callout
 #8 _dispatch_async_and_wait_invoke
 #9 _dispatch_client_callout
 #10 _dispatch_main_queue_drain
 #11 _dispatch_main_queue_callback_4CF
 #12 __CFRUNLOOP_IS_SERVICING_THE_MAIN_DISPATCH_QUEUE__
 #13 __CFRunLoopRun
 #14 CFRunLoopRunSpecific
 #15 RunCurrentEventLoopInMode
 #16 ReceiveNextEventCommon
 #17 _BlockUntilNextEventMatchingListInModeWithFilter
 #18 _DPSNextEvent
 #19 -[NSApplication(NSEvent) _nextEventMatchingEventMask:untilDate:inMode:dequeue:]
 #20 -[NSApplication run]
 #21 NSApplicationMain
 #22 EditorMain(int, char const**)
 #23 main
 #24 start

Begin MonoManager ReloadAssembly
- Loaded All Assemblies, in  0.818 seconds
Native extension for WindowsStandalone target not found
Native extension for iOS target not found
2025-04-19 02:32:53.741 Unity[12883:4983237] [XcodeApplications] Failed to read NSDictionary from path /Contents/Info.plist
Native extension for Android target not found
Native extension for OSXStandalone target not found
Mono: successfully reloaded assembly
[Package Manager] Server::EnsureServerProcessIsRunning -- launch failed, reason: Unity was launched with the -noUpm command-line argument
[Package Manager] UpmClient::Send -- Unable to send message (not connected to UPM process).
[Package Manager] Cannot connect to Unity Package Manager local server
- Finished resetting the current domain, in  2.351 seconds
Domain Reload Profiling: 3168ms
	BeginReloadAssembly (273ms)
		ExecutionOrderSort (0ms)
		DisableScriptedObjects (22ms)
		BackupInstance (0ms)
		ReleaseScriptingObjects (0ms)
		CreateAndSetChildDomain (94ms)
	RebuildCommonClasses (65ms)
	RebuildNativeTypeToScriptingClass (22ms)
	initialDomainReloadingComplete (43ms)
	LoadAllAssembliesAndSetupDomain (414ms)
		LoadAssemblies (501ms)
		RebuildTransferFunctionScriptingTraits (0ms)
		AnalyzeDomain (29ms)
			TypeCache.Refresh (11ms)
				TypeCache.ScanAssembly (0ms)
			ScanForSourceGeneratedMonoScriptInfo (0ms)
			ResolveRequiredComponents (15ms)
	FinalizeReload (2352ms)
		ReleaseScriptCaches (0ms)
		RebuildScriptCaches (0ms)
		SetupLoadedEditorAssemblies (833ms)
			LogAssemblyErrors (0ms)
			InitializePlatformSupportModulesInManaged (64ms)
			SetLoadedEditorAssemblies (13ms)
			RefreshPlugins (0ms)
			BeforeProcessingInitializeOnLoad (155ms)
			ProcessInitializeOnLoadAttributes (537ms)
			ProcessInitializeOnLoadMethodAttributes (61ms)
			AfterProcessingInitializeOnLoad (2ms)
			EditorAssembliesLoaded (0ms)
		ExecutionOrderSort2 (0ms)
		AwakeInstancesAfterBackupRestoration (17ms)
Refreshing native plugins compatible for Editor in 12.12 ms, found 3 plugins.
Preloading 0 native plugins for Editor in 0.00 ms.
Unloading 4325 Unused Serialized files (Serialized files now loaded: 0)
Unloading 19 unused Assets / (31.3 KB). Loaded Objects now: 4923.
Memory consumption went from 275.9 MB to 275.9 MB.
Total: 6.897722 ms (FindLiveObjects: 0.413306 ms CreateObjectMapping: 0.408010 ms MarkObjects: 5.949599 ms  DeleteObjects: 0.125480 ms)

Prepare: number of updated asset objects reloaded= 0
AssetImportParameters requested are different than current active one (requested -> active):
  custom:container-demuxer-ogg: 62fdf1f143b41e24485cea50d1cbac27 -> 
  custom:scripting/monoscript/fileName/Guest Mode.cs: 14bb294407ae9216b25ce15ea82c36c5 -> 
  custom:video-decoder-ogg-theora: a1e56fd34408186e4bbccfd4996cb3dc -> 
  custom:CustomObjectIndexerAttribute: 9a22284fe3817be447336de3de66b15e -> 
  custom:container-demuxer-webm: 4f35f7cbe854078d1ac9338744f61a02 -> 
  custom:container-muxer-webm: aa71ff27fc2769a1b78a27578f13a17b -> 
  custom:video-decoder-webm-vp8: 9c59270c3fd7afecdb556c50c9e8de78 -> 
  custom:SearchIndexIgnoredProperties: e643bd26f0fe6173181afceb89e7c659 -> 
  custom:AudioImporter_EditorPlatform: 3918e3fc78b5a79bad01e8451be0beb8 -> 
  custom:framework-osx-AVFoundation: e770b220cccbd017edd2c1fefb359320 -> 
  custom:video-encoder-webm-vp8: eb34c28f22e8b96e1ab97ce403110664 -> 
  custom:audio-decoder-ogg-vorbis: bf7c407c2cedff20999df2af8eb42d56 -> 
  custom:audio-encoder-webm-vorbis: bf7c407c2cedff20999df2af8eb42d56 -> 
  custom:scripting/precompiled-assembly-types:Assembly-CSharp: 74cfa10d7708b0e5310e90397328ec8d -> 69ea2203ffb79dbff4b01d4dabda315f
========================================================================
Received Prepare
Caller must complete domain reload
 #0 GetStacktrace(int)
 #1 DebugStringToFile(DebugStringToFileData const&)
 #2 AssertImplementation(int, char const*, int, int, char const*)
 #3 Internal_ADB_WorkerOnly_DomainReload(AssemblyLoadReason)
 #4 WorkerDomainReloadV2()
 #5 AssetImportWorkerClient::ReloadMonoDomain(AssetResolver&)
 #6 invocation function for block in AssetImportWorkerClient::HandleMessage(PrepareMessage const&)::$_4::operator()() const
 #7 _dispatch_client_callout
 #8 _dispatch_async_and_wait_invoke
 #9 _dispatch_client_callout
 #10 _dispatch_main_queue_drain
 #11 _dispatch_main_queue_callback_4CF
 #12 __CFRUNLOOP_IS_SERVICING_THE_MAIN_DISPATCH_QUEUE__
 #13 __CFRunLoopRun
 #14 CFRunLoopRunSpecific
 #15 RunCurrentEventLoopInMode
 #16 ReceiveNextEventCommon
 #17 _BlockUntilNextEventMatchingListInModeWithFilter
 #18 _DPSNextEvent
 #19 -[NSApplication(NSEvent) _nextEventMatchingEventMask:untilDate:inMode:dequeue:]
 #20 -[NSApplication run]
 #21 NSApplicationMain
 #22 EditorMain(int, char const**)
 #23 main
 #24 start

Begin MonoManager ReloadAssembly
- Loaded All Assemblies, in  0.803 seconds
Native extension for WindowsStandalone target not found
Native extension for iOS target not found
2025-04-19 02:34:35.420 Unity[12883:4983237] [XcodeApplications] Failed to read NSDictionary from path /Contents/Info.plist
Native extension for Android target not found
Native extension for OSXStandalone target not found
Mono: successfully reloaded assembly
[Package Manager] Server::EnsureServerProcessIsRunning -- launch failed, reason: Unity was launched with the -noUpm command-line argument
[Package Manager] UpmClient::Send -- Unable to send message (not connected to UPM process).
[Package Manager] Cannot connect to Unity Package Manager local server
- Finished resetting the current domain, in  1.487 seconds
Domain Reload Profiling: 2290ms
	BeginReloadAssembly (247ms)
		ExecutionOrderSort (0ms)
		DisableScriptedObjects (20ms)
		BackupInstance (0ms)
		ReleaseScriptingObjects (0ms)
		CreateAndSetChildDomain (80ms)
	RebuildCommonClasses (63ms)
	RebuildNativeTypeToScriptingClass (22ms)
	initialDomainReloadingComplete (40ms)
	LoadAllAssembliesAndSetupDomain (430ms)
		LoadAssemblies (497ms)
		RebuildTransferFunctionScriptingTraits (0ms)
		AnalyzeDomain (40ms)
			TypeCache.Refresh (13ms)
				TypeCache.ScanAssembly (0ms)
			ScanForSourceGeneratedMonoScriptInfo (0ms)
			ResolveRequiredComponents (22ms)
	FinalizeReload (1488ms)
		ReleaseScriptCaches (0ms)
		RebuildScriptCaches (0ms)
		SetupLoadedEditorAssemblies (792ms)
			LogAssemblyErrors (0ms)
			InitializePlatformSupportModulesInManaged (51ms)
			SetLoadedEditorAssemblies (9ms)
			RefreshPlugins (0ms)
			BeforeProcessingInitializeOnLoad (140ms)
			ProcessInitializeOnLoadAttributes (522ms)
			ProcessInitializeOnLoadMethodAttributes (66ms)
			AfterProcessingInitializeOnLoad (3ms)
			EditorAssembliesLoaded (0ms)
		ExecutionOrderSort2 (0ms)
		AwakeInstancesAfterBackupRestoration (18ms)
Refreshing native plugins compatible for Editor in 5.25 ms, found 3 plugins.
Preloading 0 native plugins for Editor in 0.00 ms.
Unloading 4325 Unused Serialized files (Serialized files now loaded: 0)
Unloading 19 unused Assets / (31.2 KB). Loaded Objects now: 4927.
Memory consumption went from 280.3 MB to 280.2 MB.
Total: 5.619463 ms (FindLiveObjects: 0.407388 ms CreateObjectMapping: 0.433622 ms MarkObjects: 4.716563 ms  DeleteObjects: 0.060369 ms)

Prepare: number of updated asset objects reloaded= 0
AssetImportParameters requested are different than current active one (requested -> active):
  custom:container-demuxer-ogg: 62fdf1f143b41e24485cea50d1cbac27 -> 
  custom:scripting/monoscript/fileName/Guest Mode.cs: 14bb294407ae9216b25ce15ea82c36c5 -> 
  custom:video-decoder-ogg-theora: a1e56fd34408186e4bbccfd4996cb3dc -> 
  custom:CustomObjectIndexerAttribute: 9a22284fe3817be447336de3de66b15e -> 
  custom:container-demuxer-webm: 4f35f7cbe854078d1ac9338744f61a02 -> 
  custom:container-muxer-webm: aa71ff27fc2769a1b78a27578f13a17b -> 
  custom:video-decoder-webm-vp8: 9c59270c3fd7afecdb556c50c9e8de78 -> 
  custom:SearchIndexIgnoredProperties: e643bd26f0fe6173181afceb89e7c659 -> 
  custom:AudioImporter_EditorPlatform: 3918e3fc78b5a79bad01e8451be0beb8 -> 
  custom:framework-osx-AVFoundation: e770b220cccbd017edd2c1fefb359320 -> 
  custom:video-encoder-webm-vp8: eb34c28f22e8b96e1ab97ce403110664 -> 
  custom:audio-decoder-ogg-vorbis: bf7c407c2cedff20999df2af8eb42d56 -> 
  custom:audio-encoder-webm-vorbis: bf7c407c2cedff20999df2af8eb42d56 -> 
  custom:scripting/precompiled-assembly-types:Assembly-CSharp: 74cfa10d7708b0e5310e90397328ec8d -> 69ea2203ffb79dbff4b01d4dabda315f
========================================================================
Received Prepare
Caller must complete domain reload
 #0 GetStacktrace(int)
 #1 DebugStringToFile(DebugStringToFileData const&)
 #2 AssertImplementation(int, char const*, int, int, char const*)
 #3 Internal_ADB_WorkerOnly_DomainReload(AssemblyLoadReason)
 #4 WorkerDomainReloadV2()
 #5 AssetImportWorkerClient::ReloadMonoDomain(AssetResolver&)
 #6 invocation function for block in AssetImportWorkerClient::HandleMessage(PrepareMessage const&)::$_4::operator()() const
 #7 _dispatch_client_callout
 #8 _dispatch_async_and_wait_invoke
 #9 _dispatch_client_callout
 #10 _dispatch_main_queue_drain
 #11 _dispatch_main_queue_callback_4CF
 #12 __CFRUNLOOP_IS_SERVICING_THE_MAIN_DISPATCH_QUEUE__
 #13 __CFRunLoopRun
 #14 CFRunLoopRunSpecific
 #15 RunCurrentEventLoopInMode
 #16 ReceiveNextEventCommon
 #17 _BlockUntilNextEventMatchingListInModeWithFilter
 #18 _DPSNextEvent
 #19 -[NSApplication(NSEvent) _nextEventMatchingEventMask:untilDate:inMode:dequeue:]
 #20 -[NSApplication run]
 #21 NSApplicationMain
 #22 EditorMain(int, char const**)
 #23 main
 #24 start

Begin MonoManager ReloadAssembly
- Loaded All Assemblies, in  0.794 seconds
Native extension for WindowsStandalone target not found
Native extension for iOS target not found
2025-04-19 02:37:23.921 Unity[12883:4983237] [XcodeApplications] Failed to read NSDictionary from path /Contents/Info.plist
Native extension for Android target not found
Native extension for OSXStandalone target not found
Mono: successfully reloaded assembly
[Package Manager] Server::EnsureServerProcessIsRunning -- launch failed, reason: Unity was launched with the -noUpm command-line argument
[Package Manager] UpmClient::Send -- Unable to send message (not connected to UPM process).
[Package Manager] Cannot connect to Unity Package Manager local server
- Finished resetting the current domain, in  2.140 seconds
Domain Reload Profiling: 2934ms
	BeginReloadAssembly (254ms)
		ExecutionOrderSort (0ms)
		DisableScriptedObjects (19ms)
		BackupInstance (0ms)
		ReleaseScriptingObjects (0ms)
		CreateAndSetChildDomain (81ms)
	RebuildCommonClasses (64ms)
	RebuildNativeTypeToScriptingClass (22ms)
	initialDomainReloadingComplete (41ms)
	LoadAllAssembliesAndSetupDomain (413ms)
		LoadAssemblies (501ms)
		RebuildTransferFunctionScriptingTraits (0ms)
		AnalyzeDomain (26ms)
			TypeCache.Refresh (9ms)
				TypeCache.ScanAssembly (0ms)
			ScanForSourceGeneratedMonoScriptInfo (0ms)
			ResolveRequiredComponents (14ms)
	FinalizeReload (2141ms)
		ReleaseScriptCaches (0ms)
		RebuildScriptCaches (0ms)
		SetupLoadedEditorAssemblies (753ms)
			LogAssemblyErrors (0ms)
			InitializePlatformSupportModulesInManaged (51ms)
			SetLoadedEditorAssemblies (9ms)
			RefreshPlugins (0ms)
			BeforeProcessingInitializeOnLoad (113ms)
			ProcessInitializeOnLoadAttributes (515ms)
			ProcessInitializeOnLoadMethodAttributes (62ms)
			AfterProcessingInitializeOnLoad (2ms)
			EditorAssembliesLoaded (0ms)
		ExecutionOrderSort2 (0ms)
		AwakeInstancesAfterBackupRestoration (17ms)
Refreshing native plugins compatible for Editor in 6.94 ms, found 3 plugins.
Preloading 0 native plugins for Editor in 0.00 ms.
Unloading 4325 Unused Serialized files (Serialized files now loaded: 0)
Unloading 19 unused Assets / (31.3 KB). Loaded Objects now: 4931.
Memory consumption went from 284.6 MB to 284.6 MB.
Total: 8.893497 ms (FindLiveObjects: 0.527576 ms CreateObjectMapping: 0.538091 ms MarkObjects: 7.742486 ms  DeleteObjects: 0.083515 ms)

Prepare: number of updated asset objects reloaded= 0
AssetImportParameters requested are different than current active one (requested -> active):
  custom:container-demuxer-ogg: 62fdf1f143b41e24485cea50d1cbac27 -> 
  custom:scripting/monoscript/fileName/Guest Mode.cs: 14bb294407ae9216b25ce15ea82c36c5 -> 
  custom:video-decoder-ogg-theora: a1e56fd34408186e4bbccfd4996cb3dc -> 
  custom:CustomObjectIndexerAttribute: 9a22284fe3817be447336de3de66b15e -> 
  custom:container-demuxer-webm: 4f35f7cbe854078d1ac9338744f61a02 -> 
  custom:container-muxer-webm: aa71ff27fc2769a1b78a27578f13a17b -> 
  custom:video-decoder-webm-vp8: 9c59270c3fd7afecdb556c50c9e8de78 -> 
  custom:SearchIndexIgnoredProperties: e643bd26f0fe6173181afceb89e7c659 -> 
  custom:AudioImporter_EditorPlatform: 3918e3fc78b5a79bad01e8451be0beb8 -> 
  custom:framework-osx-AVFoundation: e770b220cccbd017edd2c1fefb359320 -> 
  custom:video-encoder-webm-vp8: eb34c28f22e8b96e1ab97ce403110664 -> 
  custom:audio-decoder-ogg-vorbis: bf7c407c2cedff20999df2af8eb42d56 -> 
  custom:audio-encoder-webm-vorbis: bf7c407c2cedff20999df2af8eb42d56 -> 
  custom:scripting/precompiled-assembly-types:Assembly-CSharp: 74cfa10d7708b0e5310e90397328ec8d -> 69ea2203ffb79dbff4b01d4dabda315f
========================================================================
Received Prepare
Caller must complete domain reload
 #0 GetStacktrace(int)
 #1 DebugStringToFile(DebugStringToFileData const&)
 #2 AssertImplementation(int, char const*, int, int, char const*)
 #3 Internal_ADB_WorkerOnly_DomainReload(AssemblyLoadReason)
 #4 WorkerDomainReloadV2()
 #5 AssetImportWorkerClient::ReloadMonoDomain(AssetResolver&)
 #6 invocation function for block in AssetImportWorkerClient::HandleMessage(PrepareMessage const&)::$_4::operator()() const
 #7 _dispatch_client_callout
 #8 _dispatch_async_and_wait_invoke
 #9 _dispatch_client_callout
 #10 _dispatch_main_queue_drain
 #11 _dispatch_main_queue_callback_4CF
 #12 __CFRUNLOOP_IS_SERVICING_THE_MAIN_DISPATCH_QUEUE__
 #13 __CFRunLoopRun
 #14 CFRunLoopRunSpecific
 #15 RunCurrentEventLoopInMode
 #16 ReceiveNextEventCommon
 #17 _BlockUntilNextEventMatchingListInModeWithFilter
 #18 _DPSNextEvent
 #19 -[NSApplication(NSEvent) _nextEventMatchingEventMask:untilDate:inMode:dequeue:]
 #20 -[NSApplication run]
 #21 NSApplicationMain
 #22 EditorMain(int, char const**)
 #23 main
 #24 start

Begin MonoManager ReloadAssembly
- Loaded All Assemblies, in  0.831 seconds
Native extension for WindowsStandalone target not found
Native extension for iOS target not found
2025-04-19 02:43:44.599 Unity[12883:4983237] [XcodeApplications] Failed to read NSDictionary from path /Contents/Info.plist
Native extension for Android target not found
Native extension for OSXStandalone target not found
Mono: successfully reloaded assembly
[Package Manager] Server::EnsureServerProcessIsRunning -- launch failed, reason: Unity was launched with the -noUpm command-line argument
[Package Manager] UpmClient::Send -- Unable to send message (not connected to UPM process).
[Package Manager] Cannot connect to Unity Package Manager local server
- Finished resetting the current domain, in  2.289 seconds
Domain Reload Profiling: 3120ms
	BeginReloadAssembly (282ms)
		ExecutionOrderSort (0ms)
		DisableScriptedObjects (25ms)
		BackupInstance (0ms)
		ReleaseScriptingObjects (0ms)
		CreateAndSetChildDomain (92ms)
	RebuildCommonClasses (65ms)
	RebuildNativeTypeToScriptingClass (22ms)
	initialDomainReloadingComplete (42ms)
	LoadAllAssembliesAndSetupDomain (419ms)
		LoadAssemblies (516ms)
		RebuildTransferFunctionScriptingTraits (0ms)
		AnalyzeDomain (26ms)
			TypeCache.Refresh (9ms)
				TypeCache.ScanAssembly (0ms)
			ScanForSourceGeneratedMonoScriptInfo (0ms)
			ResolveRequiredComponents (14ms)
	FinalizeReload (2290ms)
		ReleaseScriptCaches (0ms)
		RebuildScriptCaches (0ms)
		SetupLoadedEditorAssemblies (751ms)
			LogAssemblyErrors (0ms)
			InitializePlatformSupportModulesInManaged (54ms)
			SetLoadedEditorAssemblies (9ms)
			RefreshPlugins (0ms)
			BeforeProcessingInitializeOnLoad (115ms)
			ProcessInitializeOnLoadAttributes (502ms)
			ProcessInitializeOnLoadMethodAttributes (68ms)
			AfterProcessingInitializeOnLoad (2ms)
			EditorAssembliesLoaded (0ms)
		ExecutionOrderSort2 (0ms)
		AwakeInstancesAfterBackupRestoration (17ms)
Refreshing native plugins compatible for Editor in 6.25 ms, found 3 plugins.
Preloading 0 native plugins for Editor in 0.00 ms.
Unloading 4325 Unused Serialized files (Serialized files now loaded: 0)
Unloading 19 unused Assets / (31.2 KB). Loaded Objects now: 4935.
Memory consumption went from 289.0 MB to 288.9 MB.
Total: 6.892791 ms (FindLiveObjects: 0.466685 ms CreateObjectMapping: 0.484134 ms MarkObjects: 5.872100 ms  DeleteObjects: 0.068295 ms)

Prepare: number of updated asset objects reloaded= 0
AssetImportParameters requested are different than current active one (requested -> active):
  custom:container-demuxer-ogg: 62fdf1f143b41e24485cea50d1cbac27 -> 
  custom:scripting/monoscript/fileName/Guest Mode.cs: 14bb294407ae9216b25ce15ea82c36c5 -> 
  custom:video-decoder-ogg-theora: a1e56fd34408186e4bbccfd4996cb3dc -> 
  custom:CustomObjectIndexerAttribute: 9a22284fe3817be447336de3de66b15e -> 
  custom:container-demuxer-webm: 4f35f7cbe854078d1ac9338744f61a02 -> 
  custom:container-muxer-webm: aa71ff27fc2769a1b78a27578f13a17b -> 
  custom:video-decoder-webm-vp8: 9c59270c3fd7afecdb556c50c9e8de78 -> 
  custom:SearchIndexIgnoredProperties: e643bd26f0fe6173181afceb89e7c659 -> 
  custom:AudioImporter_EditorPlatform: 3918e3fc78b5a79bad01e8451be0beb8 -> 
  custom:framework-osx-AVFoundation: e770b220cccbd017edd2c1fefb359320 -> 
  custom:video-encoder-webm-vp8: eb34c28f22e8b96e1ab97ce403110664 -> 
  custom:audio-decoder-ogg-vorbis: bf7c407c2cedff20999df2af8eb42d56 -> 
  custom:audio-encoder-webm-vorbis: bf7c407c2cedff20999df2af8eb42d56 -> 
  custom:scripting/precompiled-assembly-types:Assembly-CSharp: 74cfa10d7708b0e5310e90397328ec8d -> 69ea2203ffb79dbff4b01d4dabda315f
========================================================================
Received Prepare
Caller must complete domain reload
 #0 GetStacktrace(int)
 #1 DebugStringToFile(DebugStringToFileData const&)
 #2 AssertImplementation(int, char const*, int, int, char const*)
 #3 Internal_ADB_WorkerOnly_DomainReload(AssemblyLoadReason)
 #4 WorkerDomainReloadV2()
 #5 AssetImportWorkerClient::ReloadMonoDomain(AssetResolver&)
 #6 invocation function for block in AssetImportWorkerClient::HandleMessage(PrepareMessage const&)::$_4::operator()() const
 #7 _dispatch_client_callout
 #8 _dispatch_async_and_wait_invoke
 #9 _dispatch_client_callout
 #10 _dispatch_main_queue_drain
 #11 _dispatch_main_queue_callback_4CF
 #12 __CFRUNLOOP_IS_SERVICING_THE_MAIN_DISPATCH_QUEUE__
 #13 __CFRunLoopRun
 #14 CFRunLoopRunSpecific
 #15 RunCurrentEventLoopInMode
 #16 ReceiveNextEventCommon
 #17 _BlockUntilNextEventMatchingListInModeWithFilter
 #18 _DPSNextEvent
 #19 -[NSApplication(NSEvent) _nextEventMatchingEventMask:untilDate:inMode:dequeue:]
 #20 -[NSApplication run]
 #21 NSApplicationMain
 #22 EditorMain(int, char const**)
 #23 main
 #24 start

Begin MonoManager ReloadAssembly
- Loaded All Assemblies, in  1.042 seconds
Native extension for WindowsStandalone target not found
Native extension for iOS target not found
2025-04-19 02:44:41.958 Unity[12883:4983237] [XcodeApplications] Failed to read NSDictionary from path /Contents/Info.plist
Native extension for Android target not found
Native extension for OSXStandalone target not found
Mono: successfully reloaded assembly
[Package Manager] Server::EnsureServerProcessIsRunning -- launch failed, reason: Unity was launched with the -noUpm command-line argument
[Package Manager] UpmClient::Send -- Unable to send message (not connected to UPM process).
[Package Manager] Cannot connect to Unity Package Manager local server
- Finished resetting the current domain, in  1.556 seconds
Domain Reload Profiling: 2597ms
	BeginReloadAssembly (485ms)
		ExecutionOrderSort (0ms)
		DisableScriptedObjects (180ms)
		BackupInstance (0ms)
		ReleaseScriptingObjects (0ms)
		CreateAndSetChildDomain (103ms)
	RebuildCommonClasses (77ms)
	RebuildNativeTypeToScriptingClass (22ms)
	initialDomainReloadingComplete (44ms)
	LoadAllAssembliesAndSetupDomain (412ms)
		LoadAssemblies (514ms)
		RebuildTransferFunctionScriptingTraits (0ms)
		AnalyzeDomain (27ms)
			TypeCache.Refresh (9ms)
				TypeCache.ScanAssembly (0ms)
			ScanForSourceGeneratedMonoScriptInfo (0ms)
			ResolveRequiredComponents (14ms)
	FinalizeReload (1557ms)
		ReleaseScriptCaches (0ms)
		RebuildScriptCaches (0ms)
		SetupLoadedEditorAssemblies (741ms)
			LogAssemblyErrors (0ms)
			InitializePlatformSupportModulesInManaged (53ms)
			SetLoadedEditorAssemblies (10ms)
			RefreshPlugins (0ms)
			BeforeProcessingInitializeOnLoad (115ms)
			ProcessInitializeOnLoadAttributes (502ms)
			ProcessInitializeOnLoadMethodAttributes (59ms)
			AfterProcessingInitializeOnLoad (2ms)
			EditorAssembliesLoaded (0ms)
		ExecutionOrderSort2 (0ms)
		AwakeInstancesAfterBackupRestoration (16ms)
Refreshing native plugins compatible for Editor in 4.85 ms, found 3 plugins.
Preloading 0 native plugins for Editor in 0.00 ms.
Unloading 4325 Unused Serialized files (Serialized files now loaded: 0)
Unloading 19 unused Assets / (31.3 KB). Loaded Objects now: 4939.
Memory consumption went from 293.3 MB to 293.3 MB.
Total: 5.958435 ms (FindLiveObjects: 0.411980 ms CreateObjectMapping: 0.378972 ms MarkObjects: 5.107594 ms  DeleteObjects: 0.058514 ms)

Prepare: number of updated asset objects reloaded= 0
AssetImportParameters requested are different than current active one (requested -> active):
  custom:container-demuxer-ogg: 62fdf1f143b41e24485cea50d1cbac27 -> 
  custom:scripting/monoscript/fileName/Guest Mode.cs: 14bb294407ae9216b25ce15ea82c36c5 -> 
  custom:video-decoder-ogg-theora: a1e56fd34408186e4bbccfd4996cb3dc -> 
  custom:CustomObjectIndexerAttribute: 9a22284fe3817be447336de3de66b15e -> 
  custom:container-demuxer-webm: 4f35f7cbe854078d1ac9338744f61a02 -> 
  custom:container-muxer-webm: aa71ff27fc2769a1b78a27578f13a17b -> 
  custom:video-decoder-webm-vp8: 9c59270c3fd7afecdb556c50c9e8de78 -> 
  custom:SearchIndexIgnoredProperties: e643bd26f0fe6173181afceb89e7c659 -> 
  custom:AudioImporter_EditorPlatform: 3918e3fc78b5a79bad01e8451be0beb8 -> 
  custom:framework-osx-AVFoundation: e770b220cccbd017edd2c1fefb359320 -> 
  custom:video-encoder-webm-vp8: eb34c28f22e8b96e1ab97ce403110664 -> 
  custom:audio-decoder-ogg-vorbis: bf7c407c2cedff20999df2af8eb42d56 -> 
  custom:audio-encoder-webm-vorbis: bf7c407c2cedff20999df2af8eb42d56 -> 
  custom:scripting/precompiled-assembly-types:Assembly-CSharp: 74cfa10d7708b0e5310e90397328ec8d -> 69ea2203ffb79dbff4b01d4dabda315f
