Unity Editor version:    2022.3.60f1 (5f63fdee6d95)
Branch:                  2022.3/staging
Build type:              Release
Batch mode:              YES
macOS version:           Version 13.7.1 (Build 22H221)
Darwin version:          22.6.0
Architecture:            x86_64
Running under Rosetta:   NO
Available memory:        16384 MB
Using pre-set license
Pro License: YES

COMMAND LINE ARGUMENTS:
/Applications/Unity/Hub/Editor/2022.3.60f1/Unity.app/Contents/MacOS/Unity
-adb2
-batchMode
-noUpm
-name
AssetImportWorker0
-projectPath
/Users/yousefnaiem/Tarnung
-logFile
Logs/AssetImportWorker0.log
-srvPort
59765
Successfully changed project path to: /Users/yousefnaiem/Tarnung
/Users/yousefnaiem/Tarnung
[UnityMemory] Configuration Parameters - Can be set up in boot.config
    "memorysetup-bucket-allocator-granularity=16"
    "memorysetup-bucket-allocator-bucket-count=8"
    "memorysetup-bucket-allocator-block-size=33554432"
    "memorysetup-bucket-allocator-block-count=8"
    "memorysetup-main-allocator-block-size=16777216"
    "memorysetup-thread-allocator-block-size=16777216"
    "memorysetup-gfx-main-allocator-block-size=16777216"
    "memorysetup-gfx-thread-allocator-block-size=16777216"
    "memorysetup-cache-allocator-block-size=4194304"
    "memorysetup-typetree-allocator-block-size=2097152"
    "memorysetup-profiler-bucket-allocator-granularity=16"
    "memorysetup-profiler-bucket-allocator-bucket-count=8"
    "memorysetup-profiler-bucket-allocator-block-size=33554432"
    "memorysetup-profiler-bucket-allocator-block-count=8"
    "memorysetup-profiler-allocator-block-size=16777216"
    "memorysetup-profiler-editor-allocator-block-size=1048576"
    "memorysetup-temp-allocator-size-main=16777216"
    "memorysetup-job-temp-allocator-block-size=2097152"
    "memorysetup-job-temp-allocator-block-size-background=1048576"
    "memorysetup-job-temp-allocator-reduction-small-platforms=262144"
    "memorysetup-allocator-temp-initial-block-size-main=262144"
    "memorysetup-allocator-temp-initial-block-size-worker=262144"
    "memorysetup-temp-allocator-size-background-worker=32768"
    "memorysetup-temp-allocator-size-job-worker=262144"
    "memorysetup-temp-allocator-size-preload-manager=33554432"
    "memorysetup-temp-allocator-size-nav-mesh-worker=65536"
    "memorysetup-temp-allocator-size-audio-worker=65536"
    "memorysetup-temp-allocator-size-cloud-worker=32768"
    "memorysetup-temp-allocator-size-gi-baking-worker=262144"
    "memorysetup-temp-allocator-size-gfx=262144"
Player connection [140704735373632]  Target information:

Player connection [140704735373632]  * "[IP] 192.168.0.224 [Port] 0 [Flags] 2 [Guid] 2149172886 [EditorId] 2149172886 [Version] 1048832 [Id] OSXEditor(0,Yousefs-MacBook-Pro.local) [Debug] 1 [PackageName] OSXEditor [ProjectName] Editor" 

Player connection [140704735373632] Host joined multi-casting on [225.0.0.222:54997]...
Player connection [140704735373632] Host joined alternative multi-casting on [225.0.0.222:34997]...
Input System module state changed to: Initialized.
[PhysX] Initialized MultithreadedTaskDispatcher with 8 workers.
Refreshing native plugins compatible for Editor in 9.31 ms, found 3 plugins.
Preloading 0 native plugins for Editor in 0.00 ms.
Initialize engine version: 2022.3.60f1 (5f63fdee6d95)
[Subsystems] Discovering subsystems at path /Applications/Unity/Hub/Editor/2022.3.60f1/Unity.app/Contents/Resources/UnitySubsystems
[Subsystems] Discovering subsystems at path /Users/yousefnaiem/Tarnung/Assets
GfxDevice: creating device client; threaded=0; jobified=0
Color LCD preferred device: AMD Radeon Pro 560 (high power)
Metal devices available: 2
0: AMD Radeon Pro 560 (high power)
1: Intel(R) HD Graphics 630 (low power)
Using device AMD Radeon Pro 560 (high power)
Initializing Metal device caps: AMD Radeon Pro 560
Initialize mono
Mono path[0] = '/Applications/Unity/Hub/Editor/2022.3.60f1/Unity.app/Contents/Managed'
Mono path[1] = '/Applications/Unity/Hub/Editor/2022.3.60f1/Unity.app/Contents/MonoBleedingEdge/lib/mono/unityjit-macos'
Mono config path = '/Applications/Unity/Hub/Editor/2022.3.60f1/Unity.app/Contents/MonoBleedingEdge/etc'
Using monoOptions --debugger-agent=transport=dt_socket,embedding=1,server=y,suspend=n,address=127.0.0.1:56655
Begin MonoManager ReloadAssembly
Registering precompiled unity dll's ...
Register platform support module: /Applications/Unity/Hub/Editor/2022.3.60f1/Unity.app/Contents/PlaybackEngines/MacStandaloneSupport/UnityEditor.OSXStandalone.Extensions.dll
Register platform support module: /Applications/Unity/Hub/Editor/2022.3.60f1/PlaybackEngines/AndroidPlayer/UnityEditor.Android.Extensions.dll
Register platform support module: /Applications/Unity/Hub/Editor/2022.3.60f1/PlaybackEngines/iOSSupport/UnityEditor.iOS.Extensions.dll
Register platform support module: /Applications/Unity/Hub/Editor/2022.3.60f1/PlaybackEngines/WindowsStandaloneSupport/UnityEditor.WindowsStandalone.Extensions.dll
Registered in 0.008256 seconds.
- Loaded All Assemblies, in  0.957 seconds
Native extension for WindowsStandalone target not found
[usbmuxd] Start listen thread
[usbmuxd] Listen thread started
[usbmuxd] Send listen message
Native extension for iOS target not found
Native extension for Android target not found
Android Extension - Scanning For ADB Devices 219 ms
Native extension for OSXStandalone target not found
Mono: successfully reloaded assembly
- Finished resetting the current domain, in  1.050 seconds
Domain Reload Profiling: 2008ms
	BeginReloadAssembly (232ms)
		ExecutionOrderSort (0ms)
		DisableScriptedObjects (0ms)
		BackupInstance (0ms)
		ReleaseScriptingObjects (0ms)
		CreateAndSetChildDomain (2ms)
	RebuildCommonClasses (99ms)
	RebuildNativeTypeToScriptingClass (28ms)
	initialDomainReloadingComplete (131ms)
	LoadAllAssembliesAndSetupDomain (467ms)
		LoadAssemblies (231ms)
		RebuildTransferFunctionScriptingTraits (0ms)
		AnalyzeDomain (462ms)
			TypeCache.Refresh (457ms)
				TypeCache.ScanAssembly (424ms)
			ScanForSourceGeneratedMonoScriptInfo (1ms)
			ResolveRequiredComponents (1ms)
	FinalizeReload (1051ms)
		ReleaseScriptCaches (0ms)
		RebuildScriptCaches (0ms)
		SetupLoadedEditorAssemblies (927ms)
			LogAssemblyErrors (0ms)
			InitializePlatformSupportModulesInManaged (544ms)
			SetLoadedEditorAssemblies (10ms)
			RefreshPlugins (0ms)
			BeforeProcessingInitializeOnLoad (5ms)
			ProcessInitializeOnLoadAttributes (268ms)
			ProcessInitializeOnLoadMethodAttributes (100ms)
			AfterProcessingInitializeOnLoad (0ms)
			EditorAssembliesLoaded (0ms)
		ExecutionOrderSort2 (0ms)
		AwakeInstancesAfterBackupRestoration (0ms)
========================================================================
Worker process is ready to serve import requests
Caller must complete domain reload
 #0 GetStacktrace(int)
 #1 DebugStringToFile(DebugStringToFileData const&)
 #2 AssertImplementation(int, char const*, int, int, char const*)
 #3 Internal_ADB_WorkerOnly_DomainReload(AssemblyLoadReason)
 #4 WorkerDomainReloadV2()
 #5 invocation function for block in AssetImportWorkerClient::HandleMessage(InitializeMessage const&)::$_3::operator()() const
 #6 _dispatch_client_callout
 #7 _dispatch_async_and_wait_invoke
 #8 _dispatch_client_callout
 #9 _dispatch_main_queue_drain
 #10 _dispatch_main_queue_callback_4CF
 #11 __CFRUNLOOP_IS_SERVICING_THE_MAIN_DISPATCH_QUEUE__
 #12 __CFRunLoopRun
 #13 CFRunLoopRunSpecific
 #14 RunCurrentEventLoopInMode
 #15 ReceiveNextEventCommon
 #16 _BlockUntilNextEventMatchingListInModeWithFilter
 #17 _DPSNextEvent
 #18 -[NSApplication(NSEvent) _nextEventMatchingEventMask:untilDate:inMode:dequeue:]
 #19 -[NSApplication run]
 #20 NSApplicationMain
 #21 EditorMain(int, char const**)
 #22 main
 #23 start

Begin MonoManager ReloadAssembly
- Loaded All Assemblies, in  1.788 seconds
Native extension for WindowsStandalone target not found
Native extension for iOS target not found
Native extension for Android target not found
Native extension for OSXStandalone target not found
Mono: successfully reloaded assembly
Package Manager log level set to [2]
[Package Manager] Server::EnsureServerProcessIsRunning -- launch failed, reason: Unity was launched with the -noUpm command-line argument
[Package Manager] UpmClient::Send -- Unable to send message (not connected to UPM process).
[Package Manager] Cannot connect to Unity Package Manager local server
[Package Manager] Server::EnsureServerProcessIsRunning -- launch failed, reason: Unity was launched with the -noUpm command-line argument
[Package Manager] UpmClient::Send -- Unable to send message (not connected to UPM process).
[Package Manager] Cannot connect to Unity Package Manager local server
- Finished resetting the current domain, in  1.429 seconds
Domain Reload Profiling: 3219ms
	BeginReloadAssembly (343ms)
		ExecutionOrderSort (0ms)
		DisableScriptedObjects (13ms)
		BackupInstance (0ms)
		ReleaseScriptingObjects (0ms)
		CreateAndSetChildDomain (68ms)
	RebuildCommonClasses (91ms)
	RebuildNativeTypeToScriptingClass (29ms)
	initialDomainReloadingComplete (96ms)
	LoadAllAssembliesAndSetupDomain (1231ms)
		LoadAssemblies (893ms)
		RebuildTransferFunctionScriptingTraits (0ms)
		AnalyzeDomain (517ms)
			TypeCache.Refresh (437ms)
				TypeCache.ScanAssembly (394ms)
			ScanForSourceGeneratedMonoScriptInfo (59ms)
			ResolveRequiredComponents (16ms)
	FinalizeReload (1430ms)
		ReleaseScriptCaches (0ms)
		RebuildScriptCaches (0ms)
		SetupLoadedEditorAssemblies (990ms)
			LogAssemblyErrors (0ms)
			InitializePlatformSupportModulesInManaged (67ms)
			SetLoadedEditorAssemblies (12ms)
			RefreshPlugins (0ms)
			BeforeProcessingInitializeOnLoad (128ms)
			ProcessInitializeOnLoadAttributes (685ms)
			ProcessInitializeOnLoadMethodAttributes (93ms)
			AfterProcessingInitializeOnLoad (4ms)
			EditorAssembliesLoaded (0ms)
		ExecutionOrderSort2 (0ms)
		AwakeInstancesAfterBackupRestoration (8ms)
Launching external process: /Applications/Unity/Hub/Editor/2022.3.60f1/Unity.app/Contents/Tools/UnityShaderCompiler
Launched and connected shader compiler UnityShaderCompiler after 0.15 seconds
Refreshing native plugins compatible for Editor in 5.54 ms, found 3 plugins.
Preloading 0 native plugins for Editor in 0.00 ms.
Unloading 4342 Unused Serialized files (Serialized files now loaded: 0)
Unloading 32 unused Assets / (51.4 KB). Loaded Objects now: 4820.
Memory consumption went from 157.1 MB to 157.0 MB.
Total: 7.830486 ms (FindLiveObjects: 0.450241 ms CreateObjectMapping: 0.610516 ms MarkObjects: 6.527901 ms  DeleteObjects: 0.240305 ms)

AssetImportParameters requested are different than current active one (requested -> active):
  custom:container-demuxer-ogg: 62fdf1f143b41e24485cea50d1cbac27 -> 
  custom:video-decoder-ogg-theora: a1e56fd34408186e4bbccfd4996cb3dc -> 
  custom:CustomObjectIndexerAttribute: 9a22284fe3817be447336de3de66b15e -> 
  custom:container-demuxer-webm: 4f35f7cbe854078d1ac9338744f61a02 -> 
  custom:container-muxer-webm: aa71ff27fc2769a1b78a27578f13a17b -> 
  custom:video-decoder-webm-vp8: 9c59270c3fd7afecdb556c50c9e8de78 -> 
  custom:SearchIndexIgnoredProperties: e643bd26f0fe6173181afceb89e7c659 -> 
  custom:AudioImporter_EditorPlatform: 3918e3fc78b5a79bad01e8451be0beb8 -> 
  custom:framework-osx-AVFoundation: e770b220cccbd017edd2c1fefb359320 -> 
  custom:video-encoder-webm-vp8: eb34c28f22e8b96e1ab97ce403110664 -> 
  custom:audio-decoder-ogg-vorbis: bf7c407c2cedff20999df2af8eb42d56 -> 
  custom:audio-encoder-webm-vorbis: bf7c407c2cedff20999df2af8eb42d56 -> 
========================================================================
Received Prepare
Caller must complete domain reload
 #0 GetStacktrace(int)
 #1 DebugStringToFile(DebugStringToFileData const&)
 #2 AssertImplementation(int, char const*, int, int, char const*)
 #3 Internal_ADB_WorkerOnly_DomainReload(AssemblyLoadReason)
 #4 WorkerDomainReloadV2()
 #5 AssetImportWorkerClient::ReloadMonoDomain(AssetResolver&)
 #6 invocation function for block in AssetImportWorkerClient::HandleMessage(PrepareMessage const&)::$_4::operator()() const
 #7 _dispatch_client_callout
 #8 _dispatch_async_and_wait_invoke
 #9 _dispatch_client_callout
 #10 _dispatch_main_queue_drain
 #11 _dispatch_main_queue_callback_4CF
 #12 __CFRUNLOOP_IS_SERVICING_THE_MAIN_DISPATCH_QUEUE__
 #13 __CFRunLoopRun
 #14 CFRunLoopRunSpecific
 #15 RunCurrentEventLoopInMode
 #16 ReceiveNextEventCommon
 #17 _BlockUntilNextEventMatchingListInModeWithFilter
 #18 _DPSNextEvent
 #19 -[NSApplication(NSEvent) _nextEventMatchingEventMask:untilDate:inMode:dequeue:]
 #20 -[NSApplication run]
 #21 NSApplicationMain
 #22 EditorMain(int, char const**)
 #23 main
 #24 start

Begin MonoManager ReloadAssembly
- Loaded All Assemblies, in  2.200 seconds
Native extension for WindowsStandalone target not found
Native extension for iOS target not found
Native extension for Android target not found
Native extension for OSXStandalone target not found
Mono: successfully reloaded assembly
[Package Manager] Server::EnsureServerProcessIsRunning -- launch failed, reason: Unity was launched with the -noUpm command-line argument
[Package Manager] UpmClient::Send -- Unable to send message (not connected to UPM process).
[Package Manager] Cannot connect to Unity Package Manager local server
- Finished resetting the current domain, in  1.501 seconds
Domain Reload Profiling: 3703ms
	BeginReloadAssembly (1491ms)
		ExecutionOrderSort (0ms)
		DisableScriptedObjects (1213ms)
		BackupInstance (0ms)
		ReleaseScriptingObjects (0ms)
		CreateAndSetChildDomain (105ms)
	RebuildCommonClasses (70ms)
	RebuildNativeTypeToScriptingClass (24ms)
	initialDomainReloadingComplete (57ms)
	LoadAllAssembliesAndSetupDomain (560ms)
		LoadAssemblies (644ms)
		RebuildTransferFunctionScriptingTraits (0ms)
		AnalyzeDomain (41ms)
			TypeCache.Refresh (16ms)
				TypeCache.ScanAssembly (0ms)
			ScanForSourceGeneratedMonoScriptInfo (0ms)
			ResolveRequiredComponents (20ms)
	FinalizeReload (1502ms)
		ReleaseScriptCaches (0ms)
		RebuildScriptCaches (0ms)
		SetupLoadedEditorAssemblies (979ms)
			LogAssemblyErrors (0ms)
			InitializePlatformSupportModulesInManaged (66ms)
			SetLoadedEditorAssemblies (12ms)
			RefreshPlugins (0ms)
			BeforeProcessingInitializeOnLoad (146ms)
			ProcessInitializeOnLoadAttributes (669ms)
			ProcessInitializeOnLoadMethodAttributes (82ms)
			AfterProcessingInitializeOnLoad (3ms)
			EditorAssembliesLoaded (1ms)
		ExecutionOrderSort2 (0ms)
		AwakeInstancesAfterBackupRestoration (21ms)
Refreshing native plugins compatible for Editor in 12.37 ms, found 3 plugins.
Preloading 0 native plugins for Editor in 0.00 ms.
Unloading 4318 Unused Serialized files (Serialized files now loaded: 0)
Unloading 19 unused Assets / (31.2 KB). Loaded Objects now: 4825.
Memory consumption went from 156.0 MB to 156.0 MB.
Total: 8.159521 ms (FindLiveObjects: 0.396083 ms CreateObjectMapping: 0.588224 ms MarkObjects: 7.055914 ms  DeleteObjects: 0.117509 ms)

Prepare: number of updated asset objects reloaded= 0
AssetImportParameters requested are different than current active one (requested -> active):
  custom:container-demuxer-ogg: 62fdf1f143b41e24485cea50d1cbac27 -> 
  custom:video-decoder-ogg-theora: a1e56fd34408186e4bbccfd4996cb3dc -> 
  custom:CustomObjectIndexerAttribute: 9a22284fe3817be447336de3de66b15e -> 
  custom:container-demuxer-webm: 4f35f7cbe854078d1ac9338744f61a02 -> 
  custom:container-muxer-webm: aa71ff27fc2769a1b78a27578f13a17b -> 
  custom:video-decoder-webm-vp8: 9c59270c3fd7afecdb556c50c9e8de78 -> 
  custom:SearchIndexIgnoredProperties: e643bd26f0fe6173181afceb89e7c659 -> 
  custom:AudioImporter_EditorPlatform: 3918e3fc78b5a79bad01e8451be0beb8 -> 
  custom:framework-osx-AVFoundation: e770b220cccbd017edd2c1fefb359320 -> 
  custom:video-encoder-webm-vp8: eb34c28f22e8b96e1ab97ce403110664 -> 
  custom:audio-decoder-ogg-vorbis: bf7c407c2cedff20999df2af8eb42d56 -> 
  custom:audio-encoder-webm-vorbis: bf7c407c2cedff20999df2af8eb42d56 -> 
========================================================================
Received Prepare
Caller must complete domain reload
 #0 GetStacktrace(int)
 #1 DebugStringToFile(DebugStringToFileData const&)
 #2 AssertImplementation(int, char const*, int, int, char const*)
 #3 Internal_ADB_WorkerOnly_DomainReload(AssemblyLoadReason)
 #4 WorkerDomainReloadV2()
 #5 AssetImportWorkerClient::ReloadMonoDomain(AssetResolver&)
 #6 invocation function for block in AssetImportWorkerClient::HandleMessage(PrepareMessage const&)::$_4::operator()() const
 #7 _dispatch_client_callout
 #8 _dispatch_async_and_wait_invoke
 #9 _dispatch_client_callout
 #10 _dispatch_main_queue_drain
 #11 _dispatch_main_queue_callback_4CF
 #12 __CFRUNLOOP_IS_SERVICING_THE_MAIN_DISPATCH_QUEUE__
 #13 __CFRunLoopRun
 #14 CFRunLoopRunSpecific
 #15 RunCurrentEventLoopInMode
 #16 ReceiveNextEventCommon
 #17 _BlockUntilNextEventMatchingListInModeWithFilter
 #18 _DPSNextEvent
 #19 -[NSApplication(NSEvent) _nextEventMatchingEventMask:untilDate:inMode:dequeue:]
 #20 -[NSApplication run]
 #21 NSApplicationMain
 #22 EditorMain(int, char const**)
 #23 main
 #24 start

Begin MonoManager ReloadAssembly
- Loaded All Assemblies, in  0.893 seconds
Native extension for WindowsStandalone target not found
Native extension for iOS target not found
Native extension for Android target not found
Native extension for OSXStandalone target not found
Mono: successfully reloaded assembly
[Package Manager] Server::EnsureServerProcessIsRunning -- launch failed, reason: Unity was launched with the -noUpm command-line argument
[Package Manager] UpmClient::Send -- Unable to send message (not connected to UPM process).
[Package Manager] Cannot connect to Unity Package Manager local server
- Finished resetting the current domain, in  2.593 seconds
Domain Reload Profiling: 3485ms
	BeginReloadAssembly (283ms)
		ExecutionOrderSort (0ms)
		DisableScriptedObjects (22ms)
		BackupInstance (0ms)
		ReleaseScriptingObjects (0ms)
		CreateAndSetChildDomain (94ms)
	RebuildCommonClasses (65ms)
	RebuildNativeTypeToScriptingClass (21ms)
	initialDomainReloadingComplete (43ms)
	LoadAllAssembliesAndSetupDomain (478ms)
		LoadAssemblies (568ms)
		RebuildTransferFunctionScriptingTraits (0ms)
		AnalyzeDomain (36ms)
			TypeCache.Refresh (14ms)
				TypeCache.ScanAssembly (0ms)
			ScanForSourceGeneratedMonoScriptInfo (0ms)
			ResolveRequiredComponents (18ms)
	FinalizeReload (2594ms)
		ReleaseScriptCaches (0ms)
		RebuildScriptCaches (0ms)
		SetupLoadedEditorAssemblies (972ms)
			LogAssemblyErrors (0ms)
			InitializePlatformSupportModulesInManaged (69ms)
			SetLoadedEditorAssemblies (12ms)
			RefreshPlugins (0ms)
			BeforeProcessingInitializeOnLoad (148ms)
			ProcessInitializeOnLoadAttributes (663ms)
			ProcessInitializeOnLoadMethodAttributes (77ms)
			AfterProcessingInitializeOnLoad (3ms)
			EditorAssembliesLoaded (1ms)
		ExecutionOrderSort2 (0ms)
		AwakeInstancesAfterBackupRestoration (22ms)
Refreshing native plugins compatible for Editor in 12.85 ms, found 3 plugins.
Preloading 0 native plugins for Editor in 0.00 ms.
Unloading 4318 Unused Serialized files (Serialized files now loaded: 0)
Unloading 19 unused Assets / (31.2 KB). Loaded Objects now: 4829.
Memory consumption went from 160.4 MB to 160.3 MB.
Total: 7.257340 ms (FindLiveObjects: 0.520816 ms CreateObjectMapping: 0.568865 ms MarkObjects: 6.064609 ms  DeleteObjects: 0.101606 ms)

Prepare: number of updated asset objects reloaded= 0
AssetImportParameters requested are different than current active one (requested -> active):
  custom:container-demuxer-ogg: 62fdf1f143b41e24485cea50d1cbac27 -> 
  custom:video-decoder-ogg-theora: a1e56fd34408186e4bbccfd4996cb3dc -> 
  custom:CustomObjectIndexerAttribute: 9a22284fe3817be447336de3de66b15e -> 
  custom:container-demuxer-webm: 4f35f7cbe854078d1ac9338744f61a02 -> 
  custom:container-muxer-webm: aa71ff27fc2769a1b78a27578f13a17b -> 
  custom:video-decoder-webm-vp8: 9c59270c3fd7afecdb556c50c9e8de78 -> 
  custom:SearchIndexIgnoredProperties: e643bd26f0fe6173181afceb89e7c659 -> 
  custom:AudioImporter_EditorPlatform: 3918e3fc78b5a79bad01e8451be0beb8 -> 
  custom:framework-osx-AVFoundation: e770b220cccbd017edd2c1fefb359320 -> 
  custom:video-encoder-webm-vp8: eb34c28f22e8b96e1ab97ce403110664 -> 
  custom:audio-decoder-ogg-vorbis: bf7c407c2cedff20999df2af8eb42d56 -> 
  custom:audio-encoder-webm-vorbis: bf7c407c2cedff20999df2af8eb42d56 -> 
========================================================================
Received Prepare
Caller must complete domain reload
 #0 GetStacktrace(int)
 #1 DebugStringToFile(DebugStringToFileData const&)
 #2 AssertImplementation(int, char const*, int, int, char const*)
 #3 Internal_ADB_WorkerOnly_DomainReload(AssemblyLoadReason)
 #4 WorkerDomainReloadV2()
 #5 AssetImportWorkerClient::ReloadMonoDomain(AssetResolver&)
 #6 invocation function for block in AssetImportWorkerClient::HandleMessage(PrepareMessage const&)::$_4::operator()() const
 #7 _dispatch_client_callout
 #8 _dispatch_async_and_wait_invoke
 #9 _dispatch_client_callout
 #10 _dispatch_main_queue_drain
 #11 _dispatch_main_queue_callback_4CF
 #12 __CFRUNLOOP_IS_SERVICING_THE_MAIN_DISPATCH_QUEUE__
 #13 __CFRunLoopRun
 #14 CFRunLoopRunSpecific
 #15 RunCurrentEventLoopInMode
 #16 ReceiveNextEventCommon
 #17 _BlockUntilNextEventMatchingListInModeWithFilter
 #18 _DPSNextEvent
 #19 -[NSApplication(NSEvent) _nextEventMatchingEventMask:untilDate:inMode:dequeue:]
 #20 -[NSApplication run]
 #21 NSApplicationMain
 #22 EditorMain(int, char const**)
 #23 main
 #24 start

Begin MonoManager ReloadAssembly
- Loaded All Assemblies, in  0.765 seconds
Native extension for WindowsStandalone target not found
Native extension for iOS target not found
Native extension for Android target not found
Native extension for OSXStandalone target not found
Mono: successfully reloaded assembly
[Package Manager] Server::EnsureServerProcessIsRunning -- launch failed, reason: Unity was launched with the -noUpm command-line argument
[Package Manager] UpmClient::Send -- Unable to send message (not connected to UPM process).
[Package Manager] Cannot connect to Unity Package Manager local server
- Finished resetting the current domain, in  1.562 seconds
Domain Reload Profiling: 2326ms
	BeginReloadAssembly (249ms)
		ExecutionOrderSort (0ms)
		DisableScriptedObjects (20ms)
		BackupInstance (0ms)
		ReleaseScriptingObjects (0ms)
		CreateAndSetChildDomain (78ms)
	RebuildCommonClasses (65ms)
	RebuildNativeTypeToScriptingClass (22ms)
	initialDomainReloadingComplete (42ms)
	LoadAllAssembliesAndSetupDomain (386ms)
		LoadAssemblies (469ms)
		RebuildTransferFunctionScriptingTraits (0ms)
		AnalyzeDomain (29ms)
			TypeCache.Refresh (10ms)
				TypeCache.ScanAssembly (0ms)
			ScanForSourceGeneratedMonoScriptInfo (0ms)
			ResolveRequiredComponents (15ms)
	FinalizeReload (1562ms)
		ReleaseScriptCaches (0ms)
		RebuildScriptCaches (0ms)
		SetupLoadedEditorAssemblies (841ms)
			LogAssemblyErrors (0ms)
			InitializePlatformSupportModulesInManaged (58ms)
			SetLoadedEditorAssemblies (10ms)
			RefreshPlugins (0ms)
			BeforeProcessingInitializeOnLoad (130ms)
			ProcessInitializeOnLoadAttributes (556ms)
			ProcessInitializeOnLoadMethodAttributes (83ms)
			AfterProcessingInitializeOnLoad (3ms)
			EditorAssembliesLoaded (1ms)
		ExecutionOrderSort2 (0ms)
		AwakeInstancesAfterBackupRestoration (21ms)
Refreshing native plugins compatible for Editor in 7.69 ms, found 3 plugins.
Preloading 0 native plugins for Editor in 0.00 ms.
Unloading 4318 Unused Serialized files (Serialized files now loaded: 0)
Unloading 19 unused Assets / (31.3 KB). Loaded Objects now: 4833.
Memory consumption went from 164.7 MB to 164.7 MB.
Total: 8.172181 ms (FindLiveObjects: 0.476337 ms CreateObjectMapping: 0.661510 ms MarkObjects: 6.969901 ms  DeleteObjects: 0.062771 ms)

Prepare: number of updated asset objects reloaded= 0
AssetImportParameters requested are different than current active one (requested -> active):
  custom:container-demuxer-ogg: 62fdf1f143b41e24485cea50d1cbac27 -> 
  custom:video-decoder-ogg-theora: a1e56fd34408186e4bbccfd4996cb3dc -> 
  custom:CustomObjectIndexerAttribute: 9a22284fe3817be447336de3de66b15e -> 
  custom:container-demuxer-webm: 4f35f7cbe854078d1ac9338744f61a02 -> 
  custom:container-muxer-webm: aa71ff27fc2769a1b78a27578f13a17b -> 
  custom:video-decoder-webm-vp8: 9c59270c3fd7afecdb556c50c9e8de78 -> 
  custom:SearchIndexIgnoredProperties: e643bd26f0fe6173181afceb89e7c659 -> 
  custom:AudioImporter_EditorPlatform: 3918e3fc78b5a79bad01e8451be0beb8 -> 
  custom:framework-osx-AVFoundation: e770b220cccbd017edd2c1fefb359320 -> 
  custom:video-encoder-webm-vp8: eb34c28f22e8b96e1ab97ce403110664 -> 
  custom:audio-decoder-ogg-vorbis: bf7c407c2cedff20999df2af8eb42d56 -> 
  custom:audio-encoder-webm-vorbis: bf7c407c2cedff20999df2af8eb42d56 -> 
========================================================================
Received Prepare
Caller must complete domain reload
 #0 GetStacktrace(int)
 #1 DebugStringToFile(DebugStringToFileData const&)
 #2 AssertImplementation(int, char const*, int, int, char const*)
 #3 Internal_ADB_WorkerOnly_DomainReload(AssemblyLoadReason)
 #4 WorkerDomainReloadV2()
 #5 AssetImportWorkerClient::ReloadMonoDomain(AssetResolver&)
 #6 invocation function for block in AssetImportWorkerClient::HandleMessage(PrepareMessage const&)::$_4::operator()() const
 #7 _dispatch_client_callout
 #8 _dispatch_async_and_wait_invoke
 #9 _dispatch_client_callout
 #10 _dispatch_main_queue_drain
 #11 _dispatch_main_queue_callback_4CF
 #12 __CFRUNLOOP_IS_SERVICING_THE_MAIN_DISPATCH_QUEUE__
 #13 __CFRunLoopRun
 #14 CFRunLoopRunSpecific
 #15 RunCurrentEventLoopInMode
 #16 ReceiveNextEventCommon
 #17 _BlockUntilNextEventMatchingListInModeWithFilter
 #18 _DPSNextEvent
 #19 -[NSApplication(NSEvent) _nextEventMatchingEventMask:untilDate:inMode:dequeue:]
 #20 -[NSApplication run]
 #21 NSApplicationMain
 #22 EditorMain(int, char const**)
 #23 main
 #24 start

Begin MonoManager ReloadAssembly
- Loaded All Assemblies, in  0.865 seconds
Native extension for WindowsStandalone target not found
Native extension for iOS target not found
Native extension for Android target not found
Native extension for OSXStandalone target not found
Mono: successfully reloaded assembly
[Package Manager] Server::EnsureServerProcessIsRunning -- launch failed, reason: Unity was launched with the -noUpm command-line argument
[Package Manager] UpmClient::Send -- Unable to send message (not connected to UPM process).
[Package Manager] Cannot connect to Unity Package Manager local server
- Finished resetting the current domain, in  2.595 seconds
Domain Reload Profiling: 3461ms
	BeginReloadAssembly (257ms)
		ExecutionOrderSort (0ms)
		DisableScriptedObjects (20ms)
		BackupInstance (0ms)
		ReleaseScriptingObjects (0ms)
		CreateAndSetChildDomain (81ms)
	RebuildCommonClasses (66ms)
	RebuildNativeTypeToScriptingClass (22ms)
	initialDomainReloadingComplete (42ms)
	LoadAllAssembliesAndSetupDomain (478ms)
		LoadAssemblies (561ms)
		RebuildTransferFunctionScriptingTraits (0ms)
		AnalyzeDomain (32ms)
			TypeCache.Refresh (13ms)
				TypeCache.ScanAssembly (0ms)
			ScanForSourceGeneratedMonoScriptInfo (0ms)
			ResolveRequiredComponents (16ms)
	FinalizeReload (2597ms)
		ReleaseScriptCaches (0ms)
		RebuildScriptCaches (0ms)
		SetupLoadedEditorAssemblies (961ms)
			LogAssemblyErrors (0ms)
			InitializePlatformSupportModulesInManaged (68ms)
			SetLoadedEditorAssemblies (11ms)
			RefreshPlugins (0ms)
			BeforeProcessingInitializeOnLoad (144ms)
			ProcessInitializeOnLoadAttributes (652ms)
			ProcessInitializeOnLoadMethodAttributes (82ms)
			AfterProcessingInitializeOnLoad (3ms)
			EditorAssembliesLoaded (1ms)
		ExecutionOrderSort2 (0ms)
		AwakeInstancesAfterBackupRestoration (23ms)
Refreshing native plugins compatible for Editor in 6.23 ms, found 3 plugins.
Preloading 0 native plugins for Editor in 0.00 ms.
Unloading 4318 Unused Serialized files (Serialized files now loaded: 0)
Unloading 19 unused Assets / (31.4 KB). Loaded Objects now: 4837.
Memory consumption went from 169.1 MB to 169.0 MB.
Total: 7.106754 ms (FindLiveObjects: 0.478178 ms CreateObjectMapping: 0.542595 ms MarkObjects: 6.000410 ms  DeleteObjects: 0.083975 ms)

Prepare: number of updated asset objects reloaded= 0
AssetImportParameters requested are different than current active one (requested -> active):
  custom:container-demuxer-ogg: 62fdf1f143b41e24485cea50d1cbac27 -> 
  custom:video-decoder-ogg-theora: a1e56fd34408186e4bbccfd4996cb3dc -> 
  custom:CustomObjectIndexerAttribute: 9a22284fe3817be447336de3de66b15e -> 
  custom:container-demuxer-webm: 4f35f7cbe854078d1ac9338744f61a02 -> 
  custom:container-muxer-webm: aa71ff27fc2769a1b78a27578f13a17b -> 
  custom:video-decoder-webm-vp8: 9c59270c3fd7afecdb556c50c9e8de78 -> 
  custom:SearchIndexIgnoredProperties: e643bd26f0fe6173181afceb89e7c659 -> 
  custom:AudioImporter_EditorPlatform: 3918e3fc78b5a79bad01e8451be0beb8 -> 
  custom:framework-osx-AVFoundation: e770b220cccbd017edd2c1fefb359320 -> 
  custom:video-encoder-webm-vp8: eb34c28f22e8b96e1ab97ce403110664 -> 
  custom:audio-decoder-ogg-vorbis: bf7c407c2cedff20999df2af8eb42d56 -> 
  custom:audio-encoder-webm-vorbis: bf7c407c2cedff20999df2af8eb42d56 -> 
========================================================================
Received Prepare
Caller must complete domain reload
 #0 GetStacktrace(int)
 #1 DebugStringToFile(DebugStringToFileData const&)
 #2 AssertImplementation(int, char const*, int, int, char const*)
 #3 Internal_ADB_WorkerOnly_DomainReload(AssemblyLoadReason)
 #4 WorkerDomainReloadV2()
 #5 AssetImportWorkerClient::ReloadMonoDomain(AssetResolver&)
 #6 invocation function for block in AssetImportWorkerClient::HandleMessage(PrepareMessage const&)::$_4::operator()() const
 #7 _dispatch_client_callout
 #8 _dispatch_async_and_wait_invoke
 #9 _dispatch_client_callout
 #10 _dispatch_main_queue_drain
 #11 _dispatch_main_queue_callback_4CF
 #12 __CFRUNLOOP_IS_SERVICING_THE_MAIN_DISPATCH_QUEUE__
 #13 __CFRunLoopRun
 #14 CFRunLoopRunSpecific
 #15 RunCurrentEventLoopInMode
 #16 ReceiveNextEventCommon
 #17 _BlockUntilNextEventMatchingListInModeWithFilter
 #18 _DPSNextEvent
 #19 -[NSApplication(NSEvent) _nextEventMatchingEventMask:untilDate:inMode:dequeue:]
 #20 -[NSApplication run]
 #21 NSApplicationMain
 #22 EditorMain(int, char const**)
 #23 main
 #24 start

Begin MonoManager ReloadAssembly
- Loaded All Assemblies, in  0.638 seconds
Native extension for WindowsStandalone target not found
Native extension for iOS target not found
Native extension for Android target not found
Native extension for OSXStandalone target not found
Mono: successfully reloaded assembly
[Package Manager] Server::EnsureServerProcessIsRunning -- launch failed, reason: Unity was launched with the -noUpm command-line argument
[Package Manager] UpmClient::Send -- Unable to send message (not connected to UPM process).
[Package Manager] Cannot connect to Unity Package Manager local server
- Finished resetting the current domain, in  2.026 seconds
Domain Reload Profiling: 2664ms
	BeginReloadAssembly (205ms)
		ExecutionOrderSort (0ms)
		DisableScriptedObjects (15ms)
		BackupInstance (0ms)
		ReleaseScriptingObjects (0ms)
		CreateAndSetChildDomain (65ms)
	RebuildCommonClasses (51ms)
	RebuildNativeTypeToScriptingClass (16ms)
	initialDomainReloadingComplete (31ms)
	LoadAllAssembliesAndSetupDomain (335ms)
		LoadAssemblies (401ms)
		RebuildTransferFunctionScriptingTraits (0ms)
		AnalyzeDomain (26ms)
			TypeCache.Refresh (9ms)
				TypeCache.ScanAssembly (0ms)
			ScanForSourceGeneratedMonoScriptInfo (0ms)
			ResolveRequiredComponents (14ms)
	FinalizeReload (2026ms)
		ReleaseScriptCaches (0ms)
		RebuildScriptCaches (0ms)
		SetupLoadedEditorAssemblies (712ms)
			LogAssemblyErrors (0ms)
			InitializePlatformSupportModulesInManaged (50ms)
			SetLoadedEditorAssemblies (9ms)
			RefreshPlugins (0ms)
			BeforeProcessingInitializeOnLoad (107ms)
			ProcessInitializeOnLoadAttributes (483ms)
			ProcessInitializeOnLoadMethodAttributes (60ms)
			AfterProcessingInitializeOnLoad (2ms)
			EditorAssembliesLoaded (0ms)
		ExecutionOrderSort2 (0ms)
		AwakeInstancesAfterBackupRestoration (16ms)
Refreshing native plugins compatible for Editor in 4.58 ms, found 3 plugins.
Preloading 0 native plugins for Editor in 0.00 ms.
Unloading 4318 Unused Serialized files (Serialized files now loaded: 0)
Unloading 19 unused Assets / (31.3 KB). Loaded Objects now: 4841.
Memory consumption went from 173.4 MB to 173.4 MB.
Total: 5.838958 ms (FindLiveObjects: 0.524843 ms CreateObjectMapping: 0.592506 ms MarkObjects: 4.622627 ms  DeleteObjects: 0.097509 ms)

Prepare: number of updated asset objects reloaded= 0
AssetImportParameters requested are different than current active one (requested -> active):
  custom:container-demuxer-ogg: 62fdf1f143b41e24485cea50d1cbac27 -> 
  custom:video-decoder-ogg-theora: a1e56fd34408186e4bbccfd4996cb3dc -> 
  custom:CustomObjectIndexerAttribute: 9a22284fe3817be447336de3de66b15e -> 
  custom:container-demuxer-webm: 4f35f7cbe854078d1ac9338744f61a02 -> 
  custom:container-muxer-webm: aa71ff27fc2769a1b78a27578f13a17b -> 
  custom:video-decoder-webm-vp8: 9c59270c3fd7afecdb556c50c9e8de78 -> 
  custom:SearchIndexIgnoredProperties: e643bd26f0fe6173181afceb89e7c659 -> 
  custom:AudioImporter_EditorPlatform: 3918e3fc78b5a79bad01e8451be0beb8 -> 
  custom:framework-osx-AVFoundation: e770b220cccbd017edd2c1fefb359320 -> 
  custom:video-encoder-webm-vp8: eb34c28f22e8b96e1ab97ce403110664 -> 
  custom:audio-decoder-ogg-vorbis: bf7c407c2cedff20999df2af8eb42d56 -> 
  custom:audio-encoder-webm-vorbis: bf7c407c2cedff20999df2af8eb42d56 -> 
========================================================================
Received Prepare
Caller must complete domain reload
 #0 GetStacktrace(int)
 #1 DebugStringToFile(DebugStringToFileData const&)
 #2 AssertImplementation(int, char const*, int, int, char const*)
 #3 Internal_ADB_WorkerOnly_DomainReload(AssemblyLoadReason)
 #4 WorkerDomainReloadV2()
 #5 AssetImportWorkerClient::ReloadMonoDomain(AssetResolver&)
 #6 invocation function for block in AssetImportWorkerClient::HandleMessage(PrepareMessage const&)::$_4::operator()() const
 #7 _dispatch_client_callout
 #8 _dispatch_async_and_wait_invoke
 #9 _dispatch_client_callout
 #10 _dispatch_main_queue_drain
 #11 _dispatch_main_queue_callback_4CF
 #12 __CFRUNLOOP_IS_SERVICING_THE_MAIN_DISPATCH_QUEUE__
 #13 __CFRunLoopRun
 #14 CFRunLoopRunSpecific
 #15 RunCurrentEventLoopInMode
 #16 ReceiveNextEventCommon
 #17 _BlockUntilNextEventMatchingListInModeWithFilter
 #18 _DPSNextEvent
 #19 -[NSApplication(NSEvent) _nextEventMatchingEventMask:untilDate:inMode:dequeue:]
 #20 -[NSApplication run]
 #21 NSApplicationMain
 #22 EditorMain(int, char const**)
 #23 main
 #24 start

Begin MonoManager ReloadAssembly
- Loaded All Assemblies, in  0.620 seconds
Native extension for WindowsStandalone target not found
Native extension for iOS target not found
Native extension for Android target not found
Native extension for OSXStandalone target not found
Mono: successfully reloaded assembly
[Package Manager] Server::EnsureServerProcessIsRunning -- launch failed, reason: Unity was launched with the -noUpm command-line argument
[Package Manager] UpmClient::Send -- Unable to send message (not connected to UPM process).
[Package Manager] Cannot connect to Unity Package Manager local server
- Finished resetting the current domain, in  1.178 seconds
Domain Reload Profiling: 1797ms
	BeginReloadAssembly (201ms)
		ExecutionOrderSort (0ms)
		DisableScriptedObjects (16ms)
		BackupInstance (0ms)
		ReleaseScriptingObjects (0ms)
		CreateAndSetChildDomain (65ms)
	RebuildCommonClasses (50ms)
	RebuildNativeTypeToScriptingClass (16ms)
	initialDomainReloadingComplete (35ms)
	LoadAllAssembliesAndSetupDomain (316ms)
		LoadAssemblies (379ms)
		RebuildTransferFunctionScriptingTraits (0ms)
		AnalyzeDomain (23ms)
			TypeCache.Refresh (8ms)
				TypeCache.ScanAssembly (0ms)
			ScanForSourceGeneratedMonoScriptInfo (0ms)
			ResolveRequiredComponents (10ms)
	FinalizeReload (1179ms)
		ReleaseScriptCaches (0ms)
		RebuildScriptCaches (0ms)
		SetupLoadedEditorAssemblies (597ms)
			LogAssemblyErrors (0ms)
			InitializePlatformSupportModulesInManaged (40ms)
			SetLoadedEditorAssemblies (7ms)
			RefreshPlugins (0ms)
			BeforeProcessingInitializeOnLoad (88ms)
			ProcessInitializeOnLoadAttributes (406ms)
			ProcessInitializeOnLoadMethodAttributes (54ms)
			AfterProcessingInitializeOnLoad (2ms)
			EditorAssembliesLoaded (0ms)
		ExecutionOrderSort2 (0ms)
		AwakeInstancesAfterBackupRestoration (17ms)
Refreshing native plugins compatible for Editor in 4.06 ms, found 3 plugins.
Preloading 0 native plugins for Editor in 0.00 ms.
Unloading 4318 Unused Serialized files (Serialized files now loaded: 0)
Unloading 19 unused Assets / (31.3 KB). Loaded Objects now: 4845.
Memory consumption went from 177.8 MB to 177.7 MB.
Total: 6.160484 ms (FindLiveObjects: 0.516328 ms CreateObjectMapping: 0.571487 ms MarkObjects: 5.003490 ms  DeleteObjects: 0.067442 ms)

Prepare: number of updated asset objects reloaded= 0
AssetImportParameters requested are different than current active one (requested -> active):
  custom:container-demuxer-ogg: 62fdf1f143b41e24485cea50d1cbac27 -> 
  custom:video-decoder-ogg-theora: a1e56fd34408186e4bbccfd4996cb3dc -> 
  custom:CustomObjectIndexerAttribute: 9a22284fe3817be447336de3de66b15e -> 
  custom:container-demuxer-webm: 4f35f7cbe854078d1ac9338744f61a02 -> 
  custom:container-muxer-webm: aa71ff27fc2769a1b78a27578f13a17b -> 
  custom:video-decoder-webm-vp8: 9c59270c3fd7afecdb556c50c9e8de78 -> 
  custom:SearchIndexIgnoredProperties: e643bd26f0fe6173181afceb89e7c659 -> 
  custom:AudioImporter_EditorPlatform: 3918e3fc78b5a79bad01e8451be0beb8 -> 
  custom:framework-osx-AVFoundation: e770b220cccbd017edd2c1fefb359320 -> 
  custom:video-encoder-webm-vp8: eb34c28f22e8b96e1ab97ce403110664 -> 
  custom:audio-decoder-ogg-vorbis: bf7c407c2cedff20999df2af8eb42d56 -> 
  custom:audio-encoder-webm-vorbis: bf7c407c2cedff20999df2af8eb42d56 -> 
========================================================================
Received Prepare
Caller must complete domain reload
 #0 GetStacktrace(int)
 #1 DebugStringToFile(DebugStringToFileData const&)
 #2 AssertImplementation(int, char const*, int, int, char const*)
 #3 Internal_ADB_WorkerOnly_DomainReload(AssemblyLoadReason)
 #4 WorkerDomainReloadV2()
 #5 AssetImportWorkerClient::ReloadMonoDomain(AssetResolver&)
 #6 invocation function for block in AssetImportWorkerClient::HandleMessage(PrepareMessage const&)::$_4::operator()() const
 #7 _dispatch_client_callout
 #8 _dispatch_async_and_wait_invoke
 #9 _dispatch_client_callout
 #10 _dispatch_main_queue_drain
 #11 _dispatch_main_queue_callback_4CF
 #12 __CFRUNLOOP_IS_SERVICING_THE_MAIN_DISPATCH_QUEUE__
 #13 __CFRunLoopRun
 #14 CFRunLoopRunSpecific
 #15 RunCurrentEventLoopInMode
 #16 ReceiveNextEventCommon
 #17 _BlockUntilNextEventMatchingListInModeWithFilter
 #18 _DPSNextEvent
 #19 -[NSApplication(NSEvent) _nextEventMatchingEventMask:untilDate:inMode:dequeue:]
 #20 -[NSApplication run]
 #21 NSApplicationMain
 #22 EditorMain(int, char const**)
 #23 main
 #24 start

Begin MonoManager ReloadAssembly
- Loaded All Assemblies, in  1.454 seconds
Native extension for WindowsStandalone target not found
Native extension for iOS target not found
Native extension for Android target not found
Native extension for OSXStandalone target not found
Mono: successfully reloaded assembly
[Package Manager] Server::EnsureServerProcessIsRunning -- launch failed, reason: Unity was launched with the -noUpm command-line argument
[Package Manager] UpmClient::Send -- Unable to send message (not connected to UPM process).
[Package Manager] Cannot connect to Unity Package Manager local server
- Finished resetting the current domain, in  2.672 seconds
Domain Reload Profiling: 4129ms
	BeginReloadAssembly (639ms)
		ExecutionOrderSort (0ms)
		DisableScriptedObjects (54ms)
		BackupInstance (0ms)
		ReleaseScriptingObjects (0ms)
		CreateAndSetChildDomain (179ms)
	RebuildCommonClasses (149ms)
	RebuildNativeTypeToScriptingClass (28ms)
	initialDomainReloadingComplete (62ms)
	LoadAllAssembliesAndSetupDomain (577ms)
		LoadAssemblies (862ms)
		RebuildTransferFunctionScriptingTraits (0ms)
		AnalyzeDomain (50ms)
			TypeCache.Refresh (19ms)
				TypeCache.ScanAssembly (0ms)
			ScanForSourceGeneratedMonoScriptInfo (1ms)
			ResolveRequiredComponents (27ms)
	FinalizeReload (2674ms)
		ReleaseScriptCaches (0ms)
		RebuildScriptCaches (0ms)
		SetupLoadedEditorAssemblies (919ms)
			LogAssemblyErrors (0ms)
			InitializePlatformSupportModulesInManaged (82ms)
			SetLoadedEditorAssemblies (12ms)
			RefreshPlugins (0ms)
			BeforeProcessingInitializeOnLoad (156ms)
			ProcessInitializeOnLoadAttributes (589ms)
			ProcessInitializeOnLoadMethodAttributes (76ms)
			AfterProcessingInitializeOnLoad (4ms)
			EditorAssembliesLoaded (1ms)
		ExecutionOrderSort2 (0ms)
		AwakeInstancesAfterBackupRestoration (25ms)
Refreshing native plugins compatible for Editor in 6.66 ms, found 3 plugins.
Preloading 0 native plugins for Editor in 0.00 ms.
Unloading 4318 Unused Serialized files (Serialized files now loaded: 0)
Unloading 19 unused Assets / (31.3 KB). Loaded Objects now: 4849.
Memory consumption went from 181.6 MB to 181.6 MB.
Total: 7.574565 ms (FindLiveObjects: 0.443049 ms CreateObjectMapping: 0.495057 ms MarkObjects: 6.468393 ms  DeleteObjects: 0.166615 ms)

Prepare: number of updated asset objects reloaded= 0
AssetImportParameters requested are different than current active one (requested -> active):
  custom:container-demuxer-ogg: 62fdf1f143b41e24485cea50d1cbac27 -> 
  custom:video-decoder-ogg-theora: a1e56fd34408186e4bbccfd4996cb3dc -> 
  custom:CustomObjectIndexerAttribute: 9a22284fe3817be447336de3de66b15e -> 
  custom:container-demuxer-webm: 4f35f7cbe854078d1ac9338744f61a02 -> 
  custom:container-muxer-webm: aa71ff27fc2769a1b78a27578f13a17b -> 
  custom:video-decoder-webm-vp8: 9c59270c3fd7afecdb556c50c9e8de78 -> 
  custom:SearchIndexIgnoredProperties: e643bd26f0fe6173181afceb89e7c659 -> 
  custom:AudioImporter_EditorPlatform: 3918e3fc78b5a79bad01e8451be0beb8 -> 
  custom:framework-osx-AVFoundation: e770b220cccbd017edd2c1fefb359320 -> 
  custom:video-encoder-webm-vp8: eb34c28f22e8b96e1ab97ce403110664 -> 
  custom:audio-decoder-ogg-vorbis: bf7c407c2cedff20999df2af8eb42d56 -> 
  custom:audio-encoder-webm-vorbis: bf7c407c2cedff20999df2af8eb42d56 -> 
========================================================================
Received Prepare
Caller must complete domain reload
 #0 GetStacktrace(int)
 #1 DebugStringToFile(DebugStringToFileData const&)
 #2 AssertImplementation(int, char const*, int, int, char const*)
 #3 Internal_ADB_WorkerOnly_DomainReload(AssemblyLoadReason)
 #4 WorkerDomainReloadV2()
 #5 AssetImportWorkerClient::ReloadMonoDomain(AssetResolver&)
 #6 invocation function for block in AssetImportWorkerClient::HandleMessage(PrepareMessage const&)::$_4::operator()() const
 #7 _dispatch_client_callout
 #8 _dispatch_async_and_wait_invoke
 #9 _dispatch_client_callout
 #10 _dispatch_main_queue_drain
 #11 _dispatch_main_queue_callback_4CF
 #12 __CFRUNLOOP_IS_SERVICING_THE_MAIN_DISPATCH_QUEUE__
 #13 __CFRunLoopRun
 #14 CFRunLoopRunSpecific
 #15 RunCurrentEventLoopInMode
 #16 ReceiveNextEventCommon
 #17 _BlockUntilNextEventMatchingListInModeWithFilter
 #18 _DPSNextEvent
 #19 -[NSApplication(NSEvent) _nextEventMatchingEventMask:untilDate:inMode:dequeue:]
 #20 -[NSApplication run]
 #21 NSApplicationMain
 #22 EditorMain(int, char const**)
 #23 main
 #24 start

Begin MonoManager ReloadAssembly
- Loaded All Assemblies, in  0.920 seconds
Native extension for WindowsStandalone target not found
Native extension for iOS target not found
Native extension for Android target not found
Native extension for OSXStandalone target not found
Mono: successfully reloaded assembly
[Package Manager] Server::EnsureServerProcessIsRunning -- launch failed, reason: Unity was launched with the -noUpm command-line argument
[Package Manager] UpmClient::Send -- Unable to send message (not connected to UPM process).
[Package Manager] Cannot connect to Unity Package Manager local server
- Finished resetting the current domain, in  2.267 seconds
Domain Reload Profiling: 3187ms
	BeginReloadAssembly (287ms)
		ExecutionOrderSort (0ms)
		DisableScriptedObjects (29ms)
		BackupInstance (0ms)
		ReleaseScriptingObjects (0ms)
		CreateAndSetChildDomain (88ms)
	RebuildCommonClasses (66ms)
	RebuildNativeTypeToScriptingClass (23ms)
	initialDomainReloadingComplete (43ms)
	LoadAllAssembliesAndSetupDomain (501ms)
		LoadAssemblies (563ms)
		RebuildTransferFunctionScriptingTraits (0ms)
		AnalyzeDomain (64ms)
			TypeCache.Refresh (20ms)
				TypeCache.ScanAssembly (3ms)
			ScanForSourceGeneratedMonoScriptInfo (26ms)
			ResolveRequiredComponents (14ms)
	FinalizeReload (2268ms)
		ReleaseScriptCaches (0ms)
		RebuildScriptCaches (0ms)
		SetupLoadedEditorAssemblies (773ms)
			LogAssemblyErrors (0ms)
			InitializePlatformSupportModulesInManaged (57ms)
			SetLoadedEditorAssemblies (9ms)
			RefreshPlugins (0ms)
			BeforeProcessingInitializeOnLoad (116ms)
			ProcessInitializeOnLoadAttributes (525ms)
			ProcessInitializeOnLoadMethodAttributes (64ms)
			AfterProcessingInitializeOnLoad (2ms)
			EditorAssembliesLoaded (0ms)
		ExecutionOrderSort2 (0ms)
		AwakeInstancesAfterBackupRestoration (20ms)
Refreshing native plugins compatible for Editor in 6.74 ms, found 3 plugins.
Preloading 0 native plugins for Editor in 0.00 ms.
Unloading 4318 Unused Serialized files (Serialized files now loaded: 0)
Unloading 19 unused Assets / (31.3 KB). Loaded Objects now: 4853.
Memory consumption went from 186.0 MB to 186.0 MB.
Total: 6.801555 ms (FindLiveObjects: 0.464302 ms CreateObjectMapping: 0.623562 ms MarkObjects: 5.647729 ms  DeleteObjects: 0.064806 ms)

Prepare: number of updated asset objects reloaded= 0
AssetImportParameters requested are different than current active one (requested -> active):
  custom:container-demuxer-ogg: 62fdf1f143b41e24485cea50d1cbac27 -> 
  custom:video-decoder-ogg-theora: a1e56fd34408186e4bbccfd4996cb3dc -> 
  custom:CustomObjectIndexerAttribute: 9a22284fe3817be447336de3de66b15e -> 
  custom:container-demuxer-webm: 4f35f7cbe854078d1ac9338744f61a02 -> 
  custom:container-muxer-webm: aa71ff27fc2769a1b78a27578f13a17b -> 
  custom:video-decoder-webm-vp8: 9c59270c3fd7afecdb556c50c9e8de78 -> 
  custom:SearchIndexIgnoredProperties: e643bd26f0fe6173181afceb89e7c659 -> 
  custom:AudioImporter_EditorPlatform: 3918e3fc78b5a79bad01e8451be0beb8 -> 
  custom:framework-osx-AVFoundation: e770b220cccbd017edd2c1fefb359320 -> 
  custom:video-encoder-webm-vp8: eb34c28f22e8b96e1ab97ce403110664 -> 
  custom:audio-decoder-ogg-vorbis: bf7c407c2cedff20999df2af8eb42d56 -> 
  custom:audio-encoder-webm-vorbis: bf7c407c2cedff20999df2af8eb42d56 -> 
========================================================================
Received Prepare
Caller must complete domain reload
 #0 GetStacktrace(int)
 #1 DebugStringToFile(DebugStringToFileData const&)
 #2 AssertImplementation(int, char const*, int, int, char const*)
 #3 Internal_ADB_WorkerOnly_DomainReload(AssemblyLoadReason)
 #4 WorkerDomainReloadV2()
 #5 AssetImportWorkerClient::ReloadMonoDomain(AssetResolver&)
 #6 invocation function for block in AssetImportWorkerClient::HandleMessage(PrepareMessage const&)::$_4::operator()() const
 #7 _dispatch_client_callout
 #8 _dispatch_async_and_wait_invoke
 #9 _dispatch_client_callout
 #10 _dispatch_main_queue_drain
 #11 _dispatch_main_queue_callback_4CF
 #12 __CFRUNLOOP_IS_SERVICING_THE_MAIN_DISPATCH_QUEUE__
 #13 __CFRunLoopRun
 #14 CFRunLoopRunSpecific
 #15 RunCurrentEventLoopInMode
 #16 ReceiveNextEventCommon
 #17 _BlockUntilNextEventMatchingListInModeWithFilter
 #18 _DPSNextEvent
 #19 -[NSApplication(NSEvent) _nextEventMatchingEventMask:untilDate:inMode:dequeue:]
 #20 -[NSApplication run]
 #21 NSApplicationMain
 #22 EditorMain(int, char const**)
 #23 main
 #24 start

Begin MonoManager ReloadAssembly
- Loaded All Assemblies, in  0.846 seconds
Native extension for WindowsStandalone target not found
Native extension for iOS target not found
Native extension for Android target not found
Native extension for OSXStandalone target not found
Mono: successfully reloaded assembly
[Package Manager] Server::EnsureServerProcessIsRunning -- launch failed, reason: Unity was launched with the -noUpm command-line argument
[Package Manager] UpmClient::Send -- Unable to send message (not connected to UPM process).
[Package Manager] Cannot connect to Unity Package Manager local server
- Finished resetting the current domain, in  2.265 seconds
Domain Reload Profiling: 3110ms
	BeginReloadAssembly (256ms)
		ExecutionOrderSort (0ms)
		DisableScriptedObjects (21ms)
		BackupInstance (0ms)
		ReleaseScriptingObjects (0ms)
		CreateAndSetChildDomain (84ms)
	RebuildCommonClasses (72ms)
	RebuildNativeTypeToScriptingClass (23ms)
	initialDomainReloadingComplete (42ms)
	LoadAllAssembliesAndSetupDomain (451ms)
		LoadAssemblies (503ms)
		RebuildTransferFunctionScriptingTraits (0ms)
		AnalyzeDomain (59ms)
			TypeCache.Refresh (17ms)
				TypeCache.ScanAssembly (3ms)
			ScanForSourceGeneratedMonoScriptInfo (25ms)
			ResolveRequiredComponents (14ms)
	FinalizeReload (2266ms)
		ReleaseScriptCaches (0ms)
		RebuildScriptCaches (0ms)
		SetupLoadedEditorAssemblies (763ms)
			LogAssemblyErrors (0ms)
			InitializePlatformSupportModulesInManaged (57ms)
			SetLoadedEditorAssemblies (9ms)
			RefreshPlugins (0ms)
			BeforeProcessingInitializeOnLoad (116ms)
			ProcessInitializeOnLoadAttributes (516ms)
			ProcessInitializeOnLoadMethodAttributes (62ms)
			AfterProcessingInitializeOnLoad (3ms)
			EditorAssembliesLoaded (0ms)
		ExecutionOrderSort2 (0ms)
		AwakeInstancesAfterBackupRestoration (19ms)
Refreshing native plugins compatible for Editor in 5.61 ms, found 3 plugins.
Preloading 0 native plugins for Editor in 0.00 ms.
Unloading 4318 Unused Serialized files (Serialized files now loaded: 0)
Unloading 19 unused Assets / (31.5 KB). Loaded Objects now: 4857.
Memory consumption went from 190.3 MB to 190.3 MB.
Total: 5.713762 ms (FindLiveObjects: 0.365053 ms CreateObjectMapping: 0.456926 ms MarkObjects: 4.835671 ms  DeleteObjects: 0.055022 ms)

Prepare: number of updated asset objects reloaded= 0
AssetImportParameters requested are different than current active one (requested -> active):
  custom:container-demuxer-ogg: 62fdf1f143b41e24485cea50d1cbac27 -> 
  custom:video-decoder-ogg-theora: a1e56fd34408186e4bbccfd4996cb3dc -> 
  custom:CustomObjectIndexerAttribute: 9a22284fe3817be447336de3de66b15e -> 
  custom:container-demuxer-webm: 4f35f7cbe854078d1ac9338744f61a02 -> 
  custom:container-muxer-webm: aa71ff27fc2769a1b78a27578f13a17b -> 
  custom:video-decoder-webm-vp8: 9c59270c3fd7afecdb556c50c9e8de78 -> 
  custom:SearchIndexIgnoredProperties: e643bd26f0fe6173181afceb89e7c659 -> 
  custom:AudioImporter_EditorPlatform: 3918e3fc78b5a79bad01e8451be0beb8 -> 
  custom:framework-osx-AVFoundation: e770b220cccbd017edd2c1fefb359320 -> 
  custom:video-encoder-webm-vp8: eb34c28f22e8b96e1ab97ce403110664 -> 
  custom:audio-decoder-ogg-vorbis: bf7c407c2cedff20999df2af8eb42d56 -> 
  custom:audio-encoder-webm-vorbis: bf7c407c2cedff20999df2af8eb42d56 -> 
========================================================================
Received Prepare
Caller must complete domain reload
 #0 GetStacktrace(int)
 #1 DebugStringToFile(DebugStringToFileData const&)
 #2 AssertImplementation(int, char const*, int, int, char const*)
 #3 Internal_ADB_WorkerOnly_DomainReload(AssemblyLoadReason)
 #4 WorkerDomainReloadV2()
 #5 AssetImportWorkerClient::ReloadMonoDomain(AssetResolver&)
 #6 invocation function for block in AssetImportWorkerClient::HandleMessage(PrepareMessage const&)::$_4::operator()() const
 #7 _dispatch_client_callout
 #8 _dispatch_async_and_wait_invoke
 #9 _dispatch_client_callout
 #10 _dispatch_main_queue_drain
 #11 _dispatch_main_queue_callback_4CF
 #12 __CFRUNLOOP_IS_SERVICING_THE_MAIN_DISPATCH_QUEUE__
 #13 __CFRunLoopRun
 #14 CFRunLoopRunSpecific
 #15 RunCurrentEventLoopInMode
 #16 ReceiveNextEventCommon
 #17 _BlockUntilNextEventMatchingListInModeWithFilter
 #18 _DPSNextEvent
 #19 -[NSApplication(NSEvent) _nextEventMatchingEventMask:untilDate:inMode:dequeue:]
 #20 -[NSApplication run]
 #21 NSApplicationMain
 #22 EditorMain(int, char const**)
 #23 main
 #24 start

Begin MonoManager ReloadAssembly
- Loaded All Assemblies, in  0.767 seconds
Native extension for WindowsStandalone target not found
Native extension for iOS target not found
Native extension for Android target not found
Native extension for OSXStandalone target not found
Mono: successfully reloaded assembly
[Package Manager] Server::EnsureServerProcessIsRunning -- launch failed, reason: Unity was launched with the -noUpm command-line argument
[Package Manager] UpmClient::Send -- Unable to send message (not connected to UPM process).
[Package Manager] Cannot connect to Unity Package Manager local server
- Finished resetting the current domain, in  1.532 seconds
Domain Reload Profiling: 2299ms
	BeginReloadAssembly (251ms)
		ExecutionOrderSort (0ms)
		DisableScriptedObjects (21ms)
		BackupInstance (0ms)
		ReleaseScriptingObjects (0ms)
		CreateAndSetChildDomain (83ms)
	RebuildCommonClasses (66ms)
	RebuildNativeTypeToScriptingClass (22ms)
	initialDomainReloadingComplete (43ms)
	LoadAllAssembliesAndSetupDomain (385ms)
		LoadAssemblies (464ms)
		RebuildTransferFunctionScriptingTraits (0ms)
		AnalyzeDomain (28ms)
			TypeCache.Refresh (9ms)
				TypeCache.ScanAssembly (0ms)
			ScanForSourceGeneratedMonoScriptInfo (0ms)
			ResolveRequiredComponents (14ms)
	FinalizeReload (1533ms)
		ReleaseScriptCaches (0ms)
		RebuildScriptCaches (0ms)
		SetupLoadedEditorAssemblies (808ms)
			LogAssemblyErrors (0ms)
			InitializePlatformSupportModulesInManaged (56ms)
			SetLoadedEditorAssemblies (9ms)
			RefreshPlugins (0ms)
			BeforeProcessingInitializeOnLoad (117ms)
			ProcessInitializeOnLoadAttributes (537ms)
			ProcessInitializeOnLoadMethodAttributes (83ms)
			AfterProcessingInitializeOnLoad (4ms)
			EditorAssembliesLoaded (1ms)
		ExecutionOrderSort2 (0ms)
		AwakeInstancesAfterBackupRestoration (28ms)
Refreshing native plugins compatible for Editor in 8.99 ms, found 3 plugins.
Preloading 0 native plugins for Editor in 0.00 ms.
Unloading 4318 Unused Serialized files (Serialized files now loaded: 0)
Unloading 19 unused Assets / (31.3 KB). Loaded Objects now: 4861.
Memory consumption went from 194.7 MB to 194.7 MB.
Total: 8.583384 ms (FindLiveObjects: 0.603438 ms CreateObjectMapping: 0.633427 ms MarkObjects: 7.270011 ms  DeleteObjects: 0.073444 ms)

Prepare: number of updated asset objects reloaded= 0
AssetImportParameters requested are different than current active one (requested -> active):
  custom:container-demuxer-ogg: 62fdf1f143b41e24485cea50d1cbac27 -> 
  custom:video-decoder-ogg-theora: a1e56fd34408186e4bbccfd4996cb3dc -> 
  custom:CustomObjectIndexerAttribute: 9a22284fe3817be447336de3de66b15e -> 
  custom:container-demuxer-webm: 4f35f7cbe854078d1ac9338744f61a02 -> 
  custom:container-muxer-webm: aa71ff27fc2769a1b78a27578f13a17b -> 
  custom:video-decoder-webm-vp8: 9c59270c3fd7afecdb556c50c9e8de78 -> 
  custom:SearchIndexIgnoredProperties: e643bd26f0fe6173181afceb89e7c659 -> 
  custom:AudioImporter_EditorPlatform: 3918e3fc78b5a79bad01e8451be0beb8 -> 
  custom:framework-osx-AVFoundation: e770b220cccbd017edd2c1fefb359320 -> 
  custom:video-encoder-webm-vp8: eb34c28f22e8b96e1ab97ce403110664 -> 
  custom:audio-decoder-ogg-vorbis: bf7c407c2cedff20999df2af8eb42d56 -> 
  custom:audio-encoder-webm-vorbis: bf7c407c2cedff20999df2af8eb42d56 -> 
========================================================================
Received Import Request.
  Time since last request: 232667.195411 seconds.
  path: Assets/Scenes/Menu/Login.unity
  artifactKey: Guid(7c7646d192cd24b2ab86c8c703ada5da) Importer(815301076,1909f56bfc062723c751e8b465ee728b)
Start importing Assets/Scenes/Menu/Login.unity using Guid(7c7646d192cd24b2ab86c8c703ada5da) Importer(815301076,1909f56bfc062723c751e8b465ee728b) [PhysX] Initialized MultithreadedTaskDispatcher with 8 workers.
 -> (artifact id: 'a2767c5391c64d8fd9363c32e8c1b877') in 0.019373 seconds
Number of updated asset objects reloaded before import = 0
Number of asset objects unloaded after import = 0
========================================================================
Received Import Request.
  Time since last request: 60.563278 seconds.
  path: Assets/TextMesh Pro/Examples & Extras/Resources/Fonts & Materials/Roboto-Bold SDF.asset
  artifactKey: Guid(5302535af1044152a457ed104f1f4b91) Importer(815301076,1909f56bfc062723c751e8b465ee728b)
Start importing Assets/TextMesh Pro/Examples & Extras/Resources/Fonts & Materials/Roboto-Bold SDF.asset using Guid(5302535af1044152a457ed104f1f4b91) Importer(815301076,1909f56bfc062723c751e8b465ee728b) [PhysX] Initialized MultithreadedTaskDispatcher with 8 workers.
[PhysX] Initialized MultithreadedTaskDispatcher with 8 workers.
[PhysX] Initialized MultithreadedTaskDispatcher with 8 workers.
 -> (artifact id: '2dd07e8ae2bf489b784333d5bd755a47') in 0.442380 seconds
Number of updated asset objects reloaded before import = 0
Number of asset objects unloaded after import = 6
========================================================================
Received Prepare
Caller must complete domain reload
 #0 GetStacktrace(int)
 #1 DebugStringToFile(DebugStringToFileData const&)
 #2 AssertImplementation(int, char const*, int, int, char const*)
 #3 Internal_ADB_WorkerOnly_DomainReload(AssemblyLoadReason)
 #4 WorkerDomainReloadV2()
 #5 AssetImportWorkerClient::ReloadMonoDomain(AssetResolver&)
 #6 invocation function for block in AssetImportWorkerClient::HandleMessage(PrepareMessage const&)::$_4::operator()() const
 #7 _dispatch_client_callout
 #8 _dispatch_async_and_wait_invoke
 #9 _dispatch_client_callout
 #10 _dispatch_main_queue_drain
 #11 _dispatch_main_queue_callback_4CF
 #12 __CFRUNLOOP_IS_SERVICING_THE_MAIN_DISPATCH_QUEUE__
 #13 __CFRunLoopRun
 #14 CFRunLoopRunSpecific
 #15 RunCurrentEventLoopInMode
 #16 ReceiveNextEventCommon
 #17 _BlockUntilNextEventMatchingListInModeWithFilter
 #18 _DPSNextEvent
 #19 -[NSApplication(NSEvent) _nextEventMatchingEventMask:untilDate:inMode:dequeue:]
 #20 -[NSApplication run]
 #21 NSApplicationMain
 #22 EditorMain(int, char const**)
 #23 main
 #24 start

Begin MonoManager ReloadAssembly
- Loaded All Assemblies, in  0.970 seconds
Native extension for WindowsStandalone target not found
Native extension for iOS target not found
Native extension for Android target not found
Native extension for OSXStandalone target not found
Mono: successfully reloaded assembly
[Package Manager] Server::EnsureServerProcessIsRunning -- launch failed, reason: Unity was launched with the -noUpm command-line argument
[Package Manager] UpmClient::Send -- Unable to send message (not connected to UPM process).
[Package Manager] Cannot connect to Unity Package Manager local server
- Finished resetting the current domain, in  2.757 seconds
Domain Reload Profiling: 3732ms
	BeginReloadAssembly (329ms)
		ExecutionOrderSort (0ms)
		DisableScriptedObjects (22ms)
		BackupInstance (0ms)
		ReleaseScriptingObjects (0ms)
		CreateAndSetChildDomain (113ms)
	RebuildCommonClasses (69ms)
	RebuildNativeTypeToScriptingClass (22ms)
	initialDomainReloadingComplete (50ms)
	LoadAllAssembliesAndSetupDomain (504ms)
		LoadAssemblies (607ms)
		RebuildTransferFunctionScriptingTraits (0ms)
		AnalyzeDomain (42ms)
			TypeCache.Refresh (11ms)
				TypeCache.ScanAssembly (0ms)
			ScanForSourceGeneratedMonoScriptInfo (0ms)
			ResolveRequiredComponents (25ms)
	FinalizeReload (2758ms)
		ReleaseScriptCaches (0ms)
		RebuildScriptCaches (0ms)
		SetupLoadedEditorAssemblies (981ms)
			LogAssemblyErrors (0ms)
			InitializePlatformSupportModulesInManaged (73ms)
			SetLoadedEditorAssemblies (13ms)
			RefreshPlugins (0ms)
			BeforeProcessingInitializeOnLoad (155ms)
			ProcessInitializeOnLoadAttributes (655ms)
			ProcessInitializeOnLoadMethodAttributes (83ms)
			AfterProcessingInitializeOnLoad (3ms)
			EditorAssembliesLoaded (1ms)
		ExecutionOrderSort2 (0ms)
		AwakeInstancesAfterBackupRestoration (23ms)
Refreshing native plugins compatible for Editor in 12.72 ms, found 3 plugins.
Preloading 0 native plugins for Editor in 0.00 ms.
Unloading 4317 Unused Serialized files (Serialized files now loaded: 0)
Unloading 19 unused Assets / (31.3 KB). Loaded Objects now: 4909.
Memory consumption went from 201.8 MB to 201.8 MB.
Total: 7.945193 ms (FindLiveObjects: 0.475298 ms CreateObjectMapping: 0.536835 ms MarkObjects: 6.869735 ms  DeleteObjects: 0.060731 ms)

Prepare: number of updated asset objects reloaded= 0
AssetImportParameters requested are different than current active one (requested -> active):
  custom:container-demuxer-ogg: 62fdf1f143b41e24485cea50d1cbac27 -> 
  custom:video-decoder-ogg-theora: a1e56fd34408186e4bbccfd4996cb3dc -> 
  custom:CustomObjectIndexerAttribute: 9a22284fe3817be447336de3de66b15e -> 
  custom:container-demuxer-webm: 4f35f7cbe854078d1ac9338744f61a02 -> 
  custom:container-muxer-webm: aa71ff27fc2769a1b78a27578f13a17b -> 
  custom:video-decoder-webm-vp8: 9c59270c3fd7afecdb556c50c9e8de78 -> 
  custom:SearchIndexIgnoredProperties: e643bd26f0fe6173181afceb89e7c659 -> 
  custom:AudioImporter_EditorPlatform: 3918e3fc78b5a79bad01e8451be0beb8 -> 
  custom:framework-osx-AVFoundation: e770b220cccbd017edd2c1fefb359320 -> 
  custom:video-encoder-webm-vp8: eb34c28f22e8b96e1ab97ce403110664 -> 
  custom:audio-decoder-ogg-vorbis: bf7c407c2cedff20999df2af8eb42d56 -> 
  custom:audio-encoder-webm-vorbis: bf7c407c2cedff20999df2af8eb42d56 -> 
========================================================================
Received Import Request.
  Time since last request: 264.149942 seconds.
  path: Assets/Scenes/Menu/Login.unity
  artifactKey: Guid(7c7646d192cd24b2ab86c8c703ada5da) Importer(815301076,1909f56bfc062723c751e8b465ee728b)
Start importing Assets/Scenes/Menu/Login.unity using Guid(7c7646d192cd24b2ab86c8c703ada5da) Importer(815301076,1909f56bfc062723c751e8b465ee728b) [PhysX] Initialized MultithreadedTaskDispatcher with 8 workers.
 -> (artifact id: '346afb64efb14d1847f58db96a702979') in 0.003038 seconds
Number of updated asset objects reloaded before import = 0
Number of asset objects unloaded after import = 0
========================================================================
Received Prepare
Caller must complete domain reload
 #0 GetStacktrace(int)
 #1 DebugStringToFile(DebugStringToFileData const&)
 #2 AssertImplementation(int, char const*, int, int, char const*)
 #3 Internal_ADB_WorkerOnly_DomainReload(AssemblyLoadReason)
 #4 WorkerDomainReloadV2()
 #5 AssetImportWorkerClient::ReloadMonoDomain(AssetResolver&)
 #6 invocation function for block in AssetImportWorkerClient::HandleMessage(PrepareMessage const&)::$_4::operator()() const
 #7 _dispatch_client_callout
 #8 _dispatch_async_and_wait_invoke
 #9 _dispatch_client_callout
 #10 _dispatch_main_queue_drain
 #11 _dispatch_main_queue_callback_4CF
 #12 __CFRUNLOOP_IS_SERVICING_THE_MAIN_DISPATCH_QUEUE__
 #13 __CFRunLoopRun
 #14 CFRunLoopRunSpecific
 #15 RunCurrentEventLoopInMode
 #16 ReceiveNextEventCommon
 #17 _BlockUntilNextEventMatchingListInModeWithFilter
 #18 _DPSNextEvent
 #19 -[NSApplication(NSEvent) _nextEventMatchingEventMask:untilDate:inMode:dequeue:]
 #20 -[NSApplication run]
 #21 NSApplicationMain
 #22 EditorMain(int, char const**)
 #23 main
 #24 start

Begin MonoManager ReloadAssembly
- Loaded All Assemblies, in  0.819 seconds
Native extension for WindowsStandalone target not found
Native extension for iOS target not found
Native extension for Android target not found
Native extension for OSXStandalone target not found
Mono: successfully reloaded assembly
[Package Manager] Server::EnsureServerProcessIsRunning -- launch failed, reason: Unity was launched with the -noUpm command-line argument
[Package Manager] UpmClient::Send -- Unable to send message (not connected to UPM process).
[Package Manager] Cannot connect to Unity Package Manager local server
- Finished resetting the current domain, in  1.741 seconds
Domain Reload Profiling: 2559ms
	BeginReloadAssembly (260ms)
		ExecutionOrderSort (0ms)
		DisableScriptedObjects (20ms)
		BackupInstance (0ms)
		ReleaseScriptingObjects (0ms)
		CreateAndSetChildDomain (83ms)
	RebuildCommonClasses (76ms)
	RebuildNativeTypeToScriptingClass (26ms)
	initialDomainReloadingComplete (42ms)
	LoadAllAssembliesAndSetupDomain (413ms)
		LoadAssemblies (503ms)
		RebuildTransferFunctionScriptingTraits (0ms)
		AnalyzeDomain (27ms)
			TypeCache.Refresh (9ms)
				TypeCache.ScanAssembly (0ms)
			ScanForSourceGeneratedMonoScriptInfo (0ms)
			ResolveRequiredComponents (14ms)
	FinalizeReload (1742ms)
		ReleaseScriptCaches (0ms)
		RebuildScriptCaches (0ms)
		SetupLoadedEditorAssemblies (1007ms)
			LogAssemblyErrors (0ms)
			InitializePlatformSupportModulesInManaged (52ms)
			SetLoadedEditorAssemblies (9ms)
			RefreshPlugins (0ms)
			BeforeProcessingInitializeOnLoad (120ms)
			ProcessInitializeOnLoadAttributes (740ms)
			ProcessInitializeOnLoadMethodAttributes (82ms)
			AfterProcessingInitializeOnLoad (4ms)
			EditorAssembliesLoaded (1ms)
		ExecutionOrderSort2 (0ms)
		AwakeInstancesAfterBackupRestoration (24ms)
Refreshing native plugins compatible for Editor in 6.93 ms, found 3 plugins.
Preloading 0 native plugins for Editor in 0.00 ms.
Unloading 4317 Unused Serialized files (Serialized files now loaded: 0)
Unloading 19 unused Assets / (31.4 KB). Loaded Objects now: 4913.
Memory consumption went from 206.4 MB to 206.4 MB.
Total: 8.860655 ms (FindLiveObjects: 0.552391 ms CreateObjectMapping: 0.617077 ms MarkObjects: 7.574022 ms  DeleteObjects: 0.115506 ms)

Prepare: number of updated asset objects reloaded= 0
AssetImportParameters requested are different than current active one (requested -> active):
  custom:container-demuxer-ogg: 62fdf1f143b41e24485cea50d1cbac27 -> 
  custom:video-decoder-ogg-theora: a1e56fd34408186e4bbccfd4996cb3dc -> 
  custom:CustomObjectIndexerAttribute: 9a22284fe3817be447336de3de66b15e -> 
  custom:container-demuxer-webm: 4f35f7cbe854078d1ac9338744f61a02 -> 
  custom:container-muxer-webm: aa71ff27fc2769a1b78a27578f13a17b -> 
  custom:video-decoder-webm-vp8: 9c59270c3fd7afecdb556c50c9e8de78 -> 
  custom:SearchIndexIgnoredProperties: e643bd26f0fe6173181afceb89e7c659 -> 
  custom:AudioImporter_EditorPlatform: 3918e3fc78b5a79bad01e8451be0beb8 -> 
  custom:framework-osx-AVFoundation: e770b220cccbd017edd2c1fefb359320 -> 
  custom:video-encoder-webm-vp8: eb34c28f22e8b96e1ab97ce403110664 -> 
  custom:audio-decoder-ogg-vorbis: bf7c407c2cedff20999df2af8eb42d56 -> 
  custom:audio-encoder-webm-vorbis: bf7c407c2cedff20999df2af8eb42d56 -> 
========================================================================
Received Prepare
Caller must complete domain reload
 #0 GetStacktrace(int)
 #1 DebugStringToFile(DebugStringToFileData const&)
 #2 AssertImplementation(int, char const*, int, int, char const*)
 #3 Internal_ADB_WorkerOnly_DomainReload(AssemblyLoadReason)
 #4 WorkerDomainReloadV2()
 #5 AssetImportWorkerClient::ReloadMonoDomain(AssetResolver&)
 #6 invocation function for block in AssetImportWorkerClient::HandleMessage(PrepareMessage const&)::$_4::operator()() const
 #7 _dispatch_client_callout
 #8 _dispatch_async_and_wait_invoke
 #9 _dispatch_client_callout
 #10 _dispatch_main_queue_drain
 #11 _dispatch_main_queue_callback_4CF
 #12 __CFRUNLOOP_IS_SERVICING_THE_MAIN_DISPATCH_QUEUE__
 #13 __CFRunLoopRun
 #14 CFRunLoopRunSpecific
 #15 RunCurrentEventLoopInMode
 #16 ReceiveNextEventCommon
 #17 _BlockUntilNextEventMatchingListInModeWithFilter
 #18 _DPSNextEvent
 #19 -[NSApplication(NSEvent) _nextEventMatchingEventMask:untilDate:inMode:dequeue:]
 #20 -[NSApplication run]
 #21 NSApplicationMain
 #22 EditorMain(int, char const**)
 #23 main
 #24 start

Begin MonoManager ReloadAssembly
- Loaded All Assemblies, in  0.836 seconds
Native extension for WindowsStandalone target not found
Native extension for iOS target not found
Native extension for Android target not found
Native extension for OSXStandalone target not found
Mono: successfully reloaded assembly
[Package Manager] Server::EnsureServerProcessIsRunning -- launch failed, reason: Unity was launched with the -noUpm command-line argument
[Package Manager] UpmClient::Send -- Unable to send message (not connected to UPM process).
[Package Manager] Cannot connect to Unity Package Manager local server
- Finished resetting the current domain, in  2.020 seconds
Domain Reload Profiling: 2856ms
	BeginReloadAssembly (262ms)
		ExecutionOrderSort (0ms)
		DisableScriptedObjects (20ms)
		BackupInstance (0ms)
		ReleaseScriptingObjects (0ms)
		CreateAndSetChildDomain (81ms)
	RebuildCommonClasses (71ms)
	RebuildNativeTypeToScriptingClass (24ms)
	initialDomainReloadingComplete (47ms)
	LoadAllAssembliesAndSetupDomain (431ms)
		LoadAssemblies (525ms)
		RebuildTransferFunctionScriptingTraits (0ms)
		AnalyzeDomain (27ms)
			TypeCache.Refresh (10ms)
				TypeCache.ScanAssembly (0ms)
			ScanForSourceGeneratedMonoScriptInfo (0ms)
			ResolveRequiredComponents (14ms)
	FinalizeReload (2021ms)
		ReleaseScriptCaches (0ms)
		RebuildScriptCaches (0ms)
		SetupLoadedEditorAssemblies (964ms)
			LogAssemblyErrors (0ms)
			InitializePlatformSupportModulesInManaged (66ms)
			SetLoadedEditorAssemblies (12ms)
			RefreshPlugins (0ms)
			BeforeProcessingInitializeOnLoad (144ms)
			ProcessInitializeOnLoadAttributes (638ms)
			ProcessInitializeOnLoadMethodAttributes (99ms)
			AfterProcessingInitializeOnLoad (4ms)
			EditorAssembliesLoaded (1ms)
		ExecutionOrderSort2 (0ms)
		AwakeInstancesAfterBackupRestoration (27ms)
Refreshing native plugins compatible for Editor in 7.41 ms, found 3 plugins.
Preloading 0 native plugins for Editor in 0.00 ms.
Unloading 4318 Unused Serialized files (Serialized files now loaded: 0)
Unloading 19 unused Assets / (31.4 KB). Loaded Objects now: 4917.
Memory consumption went from 211.0 MB to 211.0 MB.
Total: 6.736226 ms (FindLiveObjects: 0.511944 ms CreateObjectMapping: 0.554948 ms MarkObjects: 5.568746 ms  DeleteObjects: 0.098915 ms)

Prepare: number of updated asset objects reloaded= 0
AssetImportParameters requested are different than current active one (requested -> active):
  custom:container-demuxer-ogg: 62fdf1f143b41e24485cea50d1cbac27 -> 
  custom:video-decoder-ogg-theora: a1e56fd34408186e4bbccfd4996cb3dc -> 
  custom:CustomObjectIndexerAttribute: 9a22284fe3817be447336de3de66b15e -> 
  custom:container-demuxer-webm: 4f35f7cbe854078d1ac9338744f61a02 -> 
  custom:container-muxer-webm: aa71ff27fc2769a1b78a27578f13a17b -> 
  custom:video-decoder-webm-vp8: 9c59270c3fd7afecdb556c50c9e8de78 -> 
  custom:SearchIndexIgnoredProperties: e643bd26f0fe6173181afceb89e7c659 -> 
  custom:AudioImporter_EditorPlatform: 3918e3fc78b5a79bad01e8451be0beb8 -> 
  custom:framework-osx-AVFoundation: e770b220cccbd017edd2c1fefb359320 -> 
  custom:video-encoder-webm-vp8: eb34c28f22e8b96e1ab97ce403110664 -> 
  custom:audio-decoder-ogg-vorbis: bf7c407c2cedff20999df2af8eb42d56 -> 
  custom:audio-encoder-webm-vorbis: bf7c407c2cedff20999df2af8eb42d56 -> 
========================================================================
Received Prepare
Caller must complete domain reload
 #0 GetStacktrace(int)
 #1 DebugStringToFile(DebugStringToFileData const&)
 #2 AssertImplementation(int, char const*, int, int, char const*)
 #3 Internal_ADB_WorkerOnly_DomainReload(AssemblyLoadReason)
 #4 WorkerDomainReloadV2()
 #5 AssetImportWorkerClient::ReloadMonoDomain(AssetResolver&)
 #6 invocation function for block in AssetImportWorkerClient::HandleMessage(PrepareMessage const&)::$_4::operator()() const
 #7 _dispatch_client_callout
 #8 _dispatch_async_and_wait_invoke
 #9 _dispatch_client_callout
 #10 _dispatch_main_queue_drain
 #11 _dispatch_main_queue_callback_4CF
 #12 __CFRUNLOOP_IS_SERVICING_THE_MAIN_DISPATCH_QUEUE__
 #13 __CFRunLoopRun
 #14 CFRunLoopRunSpecific
 #15 RunCurrentEventLoopInMode
 #16 ReceiveNextEventCommon
 #17 _BlockUntilNextEventMatchingListInModeWithFilter
 #18 _DPSNextEvent
 #19 -[NSApplication(NSEvent) _nextEventMatchingEventMask:untilDate:inMode:dequeue:]
 #20 -[NSApplication run]
 #21 NSApplicationMain
 #22 EditorMain(int, char const**)
 #23 main
 #24 start

Begin MonoManager ReloadAssembly
- Loaded All Assemblies, in  0.797 seconds
Native extension for WindowsStandalone target not found
Native extension for iOS target not found
Native extension for Android target not found
Native extension for OSXStandalone target not found
Mono: successfully reloaded assembly
[Package Manager] Server::EnsureServerProcessIsRunning -- launch failed, reason: Unity was launched with the -noUpm command-line argument
[Package Manager] UpmClient::Send -- Unable to send message (not connected to UPM process).
[Package Manager] Cannot connect to Unity Package Manager local server
- Finished resetting the current domain, in  1.866 seconds
Domain Reload Profiling: 2662ms
	BeginReloadAssembly (253ms)
		ExecutionOrderSort (0ms)
		DisableScriptedObjects (20ms)
		BackupInstance (0ms)
		ReleaseScriptingObjects (0ms)
		CreateAndSetChildDomain (84ms)
	RebuildCommonClasses (67ms)
	RebuildNativeTypeToScriptingClass (23ms)
	initialDomainReloadingComplete (42ms)
	LoadAllAssembliesAndSetupDomain (410ms)
		LoadAssemblies (484ms)
		RebuildTransferFunctionScriptingTraits (0ms)
		AnalyzeDomain (37ms)
			TypeCache.Refresh (11ms)
				TypeCache.ScanAssembly (0ms)
			ScanForSourceGeneratedMonoScriptInfo (1ms)
			ResolveRequiredComponents (20ms)
	FinalizeReload (1866ms)
		ReleaseScriptCaches (0ms)
		RebuildScriptCaches (0ms)
		SetupLoadedEditorAssemblies (952ms)
			LogAssemblyErrors (0ms)
			InitializePlatformSupportModulesInManaged (56ms)
			SetLoadedEditorAssemblies (9ms)
			RefreshPlugins (0ms)
			BeforeProcessingInitializeOnLoad (114ms)
			ProcessInitializeOnLoadAttributes (672ms)
			ProcessInitializeOnLoadMethodAttributes (98ms)
			AfterProcessingInitializeOnLoad (3ms)
			EditorAssembliesLoaded (1ms)
		ExecutionOrderSort2 (0ms)
		AwakeInstancesAfterBackupRestoration (23ms)
Refreshing native plugins compatible for Editor in 5.49 ms, found 3 plugins.
Preloading 0 native plugins for Editor in 0.00 ms.
Unloading 4318 Unused Serialized files (Serialized files now loaded: 0)
Unloading 19 unused Assets / (31.3 KB). Loaded Objects now: 4921.
Memory consumption went from 215.3 MB to 215.3 MB.
Total: 6.978086 ms (FindLiveObjects: 0.537883 ms CreateObjectMapping: 0.590300 ms MarkObjects: 5.778341 ms  DeleteObjects: 0.070224 ms)

Prepare: number of updated asset objects reloaded= 0
AssetImportParameters requested are different than current active one (requested -> active):
  custom:container-demuxer-ogg: 62fdf1f143b41e24485cea50d1cbac27 -> 
  custom:video-decoder-ogg-theora: a1e56fd34408186e4bbccfd4996cb3dc -> 
  custom:CustomObjectIndexerAttribute: 9a22284fe3817be447336de3de66b15e -> 
  custom:container-demuxer-webm: 4f35f7cbe854078d1ac9338744f61a02 -> 
  custom:container-muxer-webm: aa71ff27fc2769a1b78a27578f13a17b -> 
  custom:video-decoder-webm-vp8: 9c59270c3fd7afecdb556c50c9e8de78 -> 
  custom:SearchIndexIgnoredProperties: e643bd26f0fe6173181afceb89e7c659 -> 
  custom:AudioImporter_EditorPlatform: 3918e3fc78b5a79bad01e8451be0beb8 -> 
  custom:framework-osx-AVFoundation: e770b220cccbd017edd2c1fefb359320 -> 
  custom:video-encoder-webm-vp8: eb34c28f22e8b96e1ab97ce403110664 -> 
  custom:audio-decoder-ogg-vorbis: bf7c407c2cedff20999df2af8eb42d56 -> 
  custom:audio-encoder-webm-vorbis: bf7c407c2cedff20999df2af8eb42d56 -> 
========================================================================
Received Import Request.
  Time since last request: 1462.181736 seconds.
  path: Assets/Scripts/Backend/LeaderBoardManager.cs
  artifactKey: Guid(cef489c01a5b149c18446f9bd68ff651) Importer(815301076,1909f56bfc062723c751e8b465ee728b)
Start importing Assets/Scripts/Backend/LeaderBoardManager.cs using Guid(cef489c01a5b149c18446f9bd68ff651) Importer(815301076,1909f56bfc062723c751e8b465ee728b) [PhysX] Initialized MultithreadedTaskDispatcher with 8 workers.
 -> (artifact id: 'f99c4ea88258615816e2d3b95d9e7ced') in 0.004575 seconds
Number of updated asset objects reloaded before import = 0
Number of asset objects unloaded after import = 0
========================================================================
Received Prepare
Caller must complete domain reload
 #0 GetStacktrace(int)
 #1 DebugStringToFile(DebugStringToFileData const&)
 #2 AssertImplementation(int, char const*, int, int, char const*)
 #3 Internal_ADB_WorkerOnly_DomainReload(AssemblyLoadReason)
 #4 WorkerDomainReloadV2()
 #5 AssetImportWorkerClient::ReloadMonoDomain(AssetResolver&)
 #6 invocation function for block in AssetImportWorkerClient::HandleMessage(PrepareMessage const&)::$_4::operator()() const
 #7 _dispatch_client_callout
 #8 _dispatch_async_and_wait_invoke
 #9 _dispatch_client_callout
 #10 _dispatch_main_queue_drain
 #11 _dispatch_main_queue_callback_4CF
 #12 __CFRUNLOOP_IS_SERVICING_THE_MAIN_DISPATCH_QUEUE__
 #13 __CFRunLoopRun
 #14 CFRunLoopRunSpecific
 #15 RunCurrentEventLoopInMode
 #16 ReceiveNextEventCommon
 #17 _BlockUntilNextEventMatchingListInModeWithFilter
 #18 _DPSNextEvent
 #19 -[NSApplication(NSEvent) _nextEventMatchingEventMask:untilDate:inMode:dequeue:]
 #20 -[NSApplication run]
 #21 NSApplicationMain
 #22 EditorMain(int, char const**)
 #23 main
 #24 start

Begin MonoManager ReloadAssembly
- Loaded All Assemblies, in  0.859 seconds
Native extension for WindowsStandalone target not found
Native extension for iOS target not found
Native extension for Android target not found
Native extension for OSXStandalone target not found
Mono: successfully reloaded assembly
[Package Manager] Server::EnsureServerProcessIsRunning -- launch failed, reason: Unity was launched with the -noUpm command-line argument
[Package Manager] UpmClient::Send -- Unable to send message (not connected to UPM process).
[Package Manager] Cannot connect to Unity Package Manager local server
- Finished resetting the current domain, in  2.231 seconds
Domain Reload Profiling: 3089ms
	BeginReloadAssembly (252ms)
		ExecutionOrderSort (0ms)
		DisableScriptedObjects (21ms)
		BackupInstance (0ms)
		ReleaseScriptingObjects (0ms)
		CreateAndSetChildDomain (79ms)
	RebuildCommonClasses (67ms)
	RebuildNativeTypeToScriptingClass (22ms)
	initialDomainReloadingComplete (43ms)
	LoadAllAssembliesAndSetupDomain (472ms)
		LoadAssemblies (517ms)
		RebuildTransferFunctionScriptingTraits (0ms)
		AnalyzeDomain (64ms)
			TypeCache.Refresh (20ms)
				TypeCache.ScanAssembly (3ms)
			ScanForSourceGeneratedMonoScriptInfo (27ms)
			ResolveRequiredComponents (14ms)
	FinalizeReload (2231ms)
		ReleaseScriptCaches (0ms)
		RebuildScriptCaches (0ms)
		SetupLoadedEditorAssemblies (765ms)
			LogAssemblyErrors (0ms)
			InitializePlatformSupportModulesInManaged (61ms)
			SetLoadedEditorAssemblies (9ms)
			RefreshPlugins (0ms)
			BeforeProcessingInitializeOnLoad (115ms)
			ProcessInitializeOnLoadAttributes (514ms)
			ProcessInitializeOnLoadMethodAttributes (63ms)
			AfterProcessingInitializeOnLoad (2ms)
			EditorAssembliesLoaded (0ms)
		ExecutionOrderSort2 (0ms)
		AwakeInstancesAfterBackupRestoration (18ms)
Refreshing native plugins compatible for Editor in 4.76 ms, found 3 plugins.
Preloading 0 native plugins for Editor in 0.00 ms.
Unloading 4318 Unused Serialized files (Serialized files now loaded: 0)
Unloading 19 unused Assets / (31.4 KB). Loaded Objects now: 4926.
Memory consumption went from 219.7 MB to 219.7 MB.
Total: 5.300545 ms (FindLiveObjects: 0.390376 ms CreateObjectMapping: 0.406185 ms MarkObjects: 4.449788 ms  DeleteObjects: 0.053117 ms)

Prepare: number of updated asset objects reloaded= 0
AssetImportParameters requested are different than current active one (requested -> active):
  custom:container-demuxer-ogg: 62fdf1f143b41e24485cea50d1cbac27 -> 
  custom:video-decoder-ogg-theora: a1e56fd34408186e4bbccfd4996cb3dc -> 
  custom:CustomObjectIndexerAttribute: 9a22284fe3817be447336de3de66b15e -> 
  custom:container-demuxer-webm: 4f35f7cbe854078d1ac9338744f61a02 -> 
  custom:container-muxer-webm: aa71ff27fc2769a1b78a27578f13a17b -> 
  custom:scripting/monoscript/fileName/LeaderBoardManager.cs: 56cdfa7d10a310f6bdd9a0ebfa01b67e -> 
  custom:video-decoder-webm-vp8: 9c59270c3fd7afecdb556c50c9e8de78 -> 
  custom:SearchIndexIgnoredProperties: e643bd26f0fe6173181afceb89e7c659 -> 
  custom:AudioImporter_EditorPlatform: 3918e3fc78b5a79bad01e8451be0beb8 -> 
  custom:framework-osx-AVFoundation: e770b220cccbd017edd2c1fefb359320 -> 
  custom:video-encoder-webm-vp8: eb34c28f22e8b96e1ab97ce403110664 -> 
  custom:audio-decoder-ogg-vorbis: bf7c407c2cedff20999df2af8eb42d56 -> 
  custom:audio-encoder-webm-vorbis: bf7c407c2cedff20999df2af8eb42d56 -> 
  custom:scripting/precompiled-assembly-types:Assembly-CSharp: a1e58be4565aefca066c8e54cfc06ec1 -> 3f7dda8ccb1a71ee7bfa3df822b70911
========================================================================
Received Import Request.
  Time since last request: 17.223750 seconds.
  path: Assets/Scripts/Backend/LeaderBoardManager.cs
  artifactKey: Guid(cef489c01a5b149c18446f9bd68ff651) Importer(815301076,1909f56bfc062723c751e8b465ee728b)
Start importing Assets/Scripts/Backend/LeaderBoardManager.cs using Guid(cef489c01a5b149c18446f9bd68ff651) Importer(815301076,1909f56bfc062723c751e8b465ee728b) [PhysX] Initialized MultithreadedTaskDispatcher with 8 workers.
 -> (artifact id: '87816d98b37cda51483d7afcd89c7c81') in 0.002186 seconds
Number of updated asset objects reloaded before import = 0
Number of asset objects unloaded after import = 0
========================================================================
Received Import Request.
  Time since last request: 48.645871 seconds.
  path: Assets/Scripts/Backend/LeaderBoardManager.cs
  artifactKey: Guid(cef489c01a5b149c18446f9bd68ff651) Importer(815301076,1909f56bfc062723c751e8b465ee728b)
Start importing Assets/Scripts/Backend/LeaderBoardManager.cs using Guid(cef489c01a5b149c18446f9bd68ff651) Importer(815301076,1909f56bfc062723c751e8b465ee728b) [PhysX] Initialized MultithreadedTaskDispatcher with 8 workers.
 -> (artifact id: 'e7681d2e920bbd1cf2e20fb1c3a2ddaf') in 0.000732 seconds
Number of updated asset objects reloaded before import = 0
Number of asset objects unloaded after import = 0
========================================================================
Received Import Request.
  Time since last request: 45.923250 seconds.
  path: Assets/Scripts/Backend/LeaderBoardManager.cs
  artifactKey: Guid(cef489c01a5b149c18446f9bd68ff651) Importer(815301076,1909f56bfc062723c751e8b465ee728b)
Start importing Assets/Scripts/Backend/LeaderBoardManager.cs using Guid(cef489c01a5b149c18446f9bd68ff651) Importer(815301076,1909f56bfc062723c751e8b465ee728b) [PhysX] Initialized MultithreadedTaskDispatcher with 8 workers.
 -> (artifact id: '03eb1c87ad54799be216130d11a42b7e') in 0.000870 seconds
Number of updated asset objects reloaded before import = 0
Number of asset objects unloaded after import = 0
========================================================================
Received Prepare
Caller must complete domain reload
 #0 GetStacktrace(int)
 #1 DebugStringToFile(DebugStringToFileData const&)
 #2 AssertImplementation(int, char const*, int, int, char const*)
 #3 Internal_ADB_WorkerOnly_DomainReload(AssemblyLoadReason)
 #4 WorkerDomainReloadV2()
 #5 AssetImportWorkerClient::ReloadMonoDomain(AssetResolver&)
 #6 invocation function for block in AssetImportWorkerClient::HandleMessage(PrepareMessage const&)::$_4::operator()() const
 #7 _dispatch_client_callout
 #8 _dispatch_async_and_wait_invoke
 #9 _dispatch_client_callout
 #10 _dispatch_main_queue_drain
 #11 _dispatch_main_queue_callback_4CF
 #12 __CFRUNLOOP_IS_SERVICING_THE_MAIN_DISPATCH_QUEUE__
 #13 __CFRunLoopRun
 #14 CFRunLoopRunSpecific
 #15 RunCurrentEventLoopInMode
 #16 ReceiveNextEventCommon
 #17 _BlockUntilNextEventMatchingListInModeWithFilter
 #18 _DPSNextEvent
 #19 -[NSApplication(NSEvent) _nextEventMatchingEventMask:untilDate:inMode:dequeue:]
 #20 -[NSApplication run]
 #21 NSApplicationMain
 #22 EditorMain(int, char const**)
 #23 main
 #24 start

Begin MonoManager ReloadAssembly
- Loaded All Assemblies, in  0.868 seconds
Native extension for WindowsStandalone target not found
Native extension for iOS target not found
Native extension for Android target not found
Native extension for OSXStandalone target not found
Mono: successfully reloaded assembly
[Package Manager] Server::EnsureServerProcessIsRunning -- launch failed, reason: Unity was launched with the -noUpm command-line argument
[Package Manager] UpmClient::Send -- Unable to send message (not connected to UPM process).
[Package Manager] Cannot connect to Unity Package Manager local server
- Finished resetting the current domain, in  2.496 seconds
Domain Reload Profiling: 3363ms
	BeginReloadAssembly (269ms)
		ExecutionOrderSort (0ms)
		DisableScriptedObjects (21ms)
		BackupInstance (0ms)
		ReleaseScriptingObjects (0ms)
		CreateAndSetChildDomain (87ms)
	RebuildCommonClasses (67ms)
	RebuildNativeTypeToScriptingClass (22ms)
	initialDomainReloadingComplete (52ms)
	LoadAllAssembliesAndSetupDomain (456ms)
		LoadAssemblies (516ms)
		RebuildTransferFunctionScriptingTraits (0ms)
		AnalyzeDomain (58ms)
			TypeCache.Refresh (18ms)
				TypeCache.ScanAssembly (3ms)
			ScanForSourceGeneratedMonoScriptInfo (23ms)
			ResolveRequiredComponents (14ms)
	FinalizeReload (2497ms)
		ReleaseScriptCaches (0ms)
		RebuildScriptCaches (0ms)
		SetupLoadedEditorAssemblies (919ms)
			LogAssemblyErrors (0ms)
			InitializePlatformSupportModulesInManaged (66ms)
			SetLoadedEditorAssemblies (11ms)
			RefreshPlugins (0ms)
			BeforeProcessingInitializeOnLoad (139ms)
			ProcessInitializeOnLoadAttributes (626ms)
			ProcessInitializeOnLoadMethodAttributes (74ms)
			AfterProcessingInitializeOnLoad (3ms)
			EditorAssembliesLoaded (0ms)
		ExecutionOrderSort2 (0ms)
		AwakeInstancesAfterBackupRestoration (23ms)
Refreshing native plugins compatible for Editor in 5.64 ms, found 3 plugins.
Preloading 0 native plugins for Editor in 0.00 ms.
Unloading 4318 Unused Serialized files (Serialized files now loaded: 0)
Unloading 19 unused Assets / (31.4 KB). Loaded Objects now: 4930.
Memory consumption went from 224.3 MB to 224.3 MB.
Total: 9.391711 ms (FindLiveObjects: 0.423358 ms CreateObjectMapping: 0.444489 ms MarkObjects: 8.460003 ms  DeleteObjects: 0.062603 ms)

Prepare: number of updated asset objects reloaded= 0
AssetImportParameters requested are different than current active one (requested -> active):
  custom:container-demuxer-ogg: 62fdf1f143b41e24485cea50d1cbac27 -> 
  custom:video-decoder-ogg-theora: a1e56fd34408186e4bbccfd4996cb3dc -> 
  custom:CustomObjectIndexerAttribute: 9a22284fe3817be447336de3de66b15e -> 
  custom:container-demuxer-webm: 4f35f7cbe854078d1ac9338744f61a02 -> 
  custom:container-muxer-webm: aa71ff27fc2769a1b78a27578f13a17b -> 
  custom:scripting/monoscript/fileName/LeaderBoardManager.cs: f79d843b29a22d0e6cb463c849a18400 -> 
  custom:video-decoder-webm-vp8: 9c59270c3fd7afecdb556c50c9e8de78 -> 
  custom:SearchIndexIgnoredProperties: e643bd26f0fe6173181afceb89e7c659 -> 
  custom:AudioImporter_EditorPlatform: 3918e3fc78b5a79bad01e8451be0beb8 -> 
  custom:framework-osx-AVFoundation: e770b220cccbd017edd2c1fefb359320 -> 
  custom:video-encoder-webm-vp8: eb34c28f22e8b96e1ab97ce403110664 -> 
  custom:audio-decoder-ogg-vorbis: bf7c407c2cedff20999df2af8eb42d56 -> 
  custom:audio-encoder-webm-vorbis: bf7c407c2cedff20999df2af8eb42d56 -> 
  custom:scripting/precompiled-assembly-types:Assembly-CSharp: 1f27dfd5b15c4a447e0e2945d8c943e9 -> 3f7dda8ccb1a71ee7bfa3df822b70911
========================================================================
Received Import Request.
  Time since last request: 470.172560 seconds.
  path: Assets/Scenes/Menu/Leaderboard.unity
  artifactKey: Guid(8a46337671ec64ebfa20680a71b5f2b3) Importer(815301076,1909f56bfc062723c751e8b465ee728b)
Start importing Assets/Scenes/Menu/Leaderboard.unity using Guid(8a46337671ec64ebfa20680a71b5f2b3) Importer(815301076,1909f56bfc062723c751e8b465ee728b) [PhysX] Initialized MultithreadedTaskDispatcher with 8 workers.
 -> (artifact id: '069e772582f8cb5465af3dd0ac978a32') in 0.002754 seconds
Number of updated asset objects reloaded before import = 0
Number of asset objects unloaded after import = 0
========================================================================
Received Import Request.
  Time since last request: 939.572018 seconds.
  path: Assets/Prefabs/Enemy.prefab
  artifactKey: Guid(e32c7187df252413e87490bdd2e72c9f) Importer(815301076,1909f56bfc062723c751e8b465ee728b)
Start importing Assets/Prefabs/Enemy.prefab using Guid(e32c7187df252413e87490bdd2e72c9f) Importer(815301076,1909f56bfc062723c751e8b465ee728b) [PhysX] Initialized MultithreadedTaskDispatcher with 8 workers.
WARNING: RGBA Compressed ASTC6X6 UNorm format is not supported, decompressing texture
[PhysX] Initialized MultithreadedTaskDispatcher with 8 workers.
 -> (artifact id: '807849f31eaae5f6a7af7869ff340afd') in 0.159409 seconds
Number of updated asset objects reloaded before import = 0
Number of asset objects unloaded after import = 67
========================================================================
Received Import Request.
  Time since last request: 2.507741 seconds.
  path: Assets/Prefabs/Entry.prefab
  artifactKey: Guid(416945f3f307a480aa4456351903d4bc) Importer(815301076,1909f56bfc062723c751e8b465ee728b)
Start importing Assets/Prefabs/Entry.prefab using Guid(416945f3f307a480aa4456351903d4bc) Importer(815301076,1909f56bfc062723c751e8b465ee728b) [PhysX] Initialized MultithreadedTaskDispatcher with 8 workers.
 -> (artifact id: 'befb45ea7e704dfa46c51ab3df78f16f') in 0.062384 seconds
Number of updated asset objects reloaded before import = 0
Number of asset objects unloaded after import = 14
========================================================================
Received Import Request.
  Time since last request: 469.881208 seconds.
  path: Assets/Sprite/Leaderboard
  artifactKey: Guid(1837f23ae814845e0bdcbba84c8197ec) Importer(815301076,1909f56bfc062723c751e8b465ee728b)
Start importing Assets/Sprite/Leaderboard using Guid(1837f23ae814845e0bdcbba84c8197ec) Importer(815301076,1909f56bfc062723c751e8b465ee728b) [PhysX] Initialized MultithreadedTaskDispatcher with 8 workers.
 -> (artifact id: 'a219c6ec5dbc6c9cfc25f32ac5e2371e') in 0.005384 seconds
Number of updated asset objects reloaded before import = 0
Number of asset objects unloaded after import = 0
========================================================================
Received Import Request.
  Time since last request: 15.635367 seconds.
  path: Assets/Sprite/Leaderboard/leaderboard.png
  artifactKey: Guid(15d43012067034bb8b5034c8ccaddb44) Importer(815301076,1909f56bfc062723c751e8b465ee728b)
Start importing Assets/Sprite/Leaderboard/leaderboard.png using Guid(15d43012067034bb8b5034c8ccaddb44) Importer(815301076,1909f56bfc062723c751e8b465ee728b) [PhysX] Initialized MultithreadedTaskDispatcher with 8 workers.
WARNING: RGBA Compressed ASTC6X6 UNorm format is not supported, decompressing texture
[PhysX] Initialized MultithreadedTaskDispatcher with 8 workers.
 -> (artifact id: 'd0f5fd4cf8690e7d212b4c007044ce63') in 0.161098 seconds
Number of updated asset objects reloaded before import = 0
Number of asset objects unloaded after import = 3
========================================================================
Received Prepare
Caller must complete domain reload
 #0 GetStacktrace(int)
 #1 DebugStringToFile(DebugStringToFileData const&)
 #2 AssertImplementation(int, char const*, int, int, char const*)
 #3 Internal_ADB_WorkerOnly_DomainReload(AssemblyLoadReason)
 #4 WorkerDomainReloadV2()
 #5 AssetImportWorkerClient::ReloadMonoDomain(AssetResolver&)
 #6 invocation function for block in AssetImportWorkerClient::HandleMessage(PrepareMessage const&)::$_4::operator()() const
 #7 _dispatch_client_callout
 #8 _dispatch_async_and_wait_invoke
 #9 _dispatch_client_callout
 #10 _dispatch_main_queue_drain
 #11 _dispatch_main_queue_callback_4CF
 #12 __CFRUNLOOP_IS_SERVICING_THE_MAIN_DISPATCH_QUEUE__
 #13 __CFRunLoopRun
 #14 CFRunLoopRunSpecific
 #15 RunCurrentEventLoopInMode
 #16 ReceiveNextEventCommon
 #17 _BlockUntilNextEventMatchingListInModeWithFilter
 #18 _DPSNextEvent
 #19 -[NSApplication(NSEvent) _nextEventMatchingEventMask:untilDate:inMode:dequeue:]
 #20 -[NSApplication run]
 #21 NSApplicationMain
 #22 EditorMain(int, char const**)
 #23 main
 #24 start

Begin MonoManager ReloadAssembly
- Loaded All Assemblies, in  0.954 seconds
Native extension for WindowsStandalone target not found
Native extension for iOS target not found
Native extension for Android target not found
Native extension for OSXStandalone target not found
Mono: successfully reloaded assembly
[Package Manager] Server::EnsureServerProcessIsRunning -- launch failed, reason: Unity was launched with the -noUpm command-line argument
[Package Manager] UpmClient::Send -- Unable to send message (not connected to UPM process).
[Package Manager] Cannot connect to Unity Package Manager local server
- Finished resetting the current domain, in  2.680 seconds
Domain Reload Profiling: 3636ms
	BeginReloadAssembly (351ms)
		ExecutionOrderSort (0ms)
		DisableScriptedObjects (25ms)
		BackupInstance (0ms)
		ReleaseScriptingObjects (0ms)
		CreateAndSetChildDomain (136ms)
	RebuildCommonClasses (73ms)
	RebuildNativeTypeToScriptingClass (23ms)
	initialDomainReloadingComplete (62ms)
	LoadAllAssembliesAndSetupDomain (446ms)
		LoadAssemblies (557ms)
		RebuildTransferFunctionScriptingTraits (0ms)
		AnalyzeDomain (30ms)
			TypeCache.Refresh (11ms)
				TypeCache.ScanAssembly (0ms)
			ScanForSourceGeneratedMonoScriptInfo (0ms)
			ResolveRequiredComponents (16ms)
	FinalizeReload (2681ms)
		ReleaseScriptCaches (0ms)
		RebuildScriptCaches (0ms)
		SetupLoadedEditorAssemblies (990ms)
			LogAssemblyErrors (0ms)
			InitializePlatformSupportModulesInManaged (68ms)
			SetLoadedEditorAssemblies (12ms)
			RefreshPlugins (0ms)
			BeforeProcessingInitializeOnLoad (144ms)
			ProcessInitializeOnLoadAttributes (660ms)
			ProcessInitializeOnLoadMethodAttributes (101ms)
			AfterProcessingInitializeOnLoad (4ms)
			EditorAssembliesLoaded (1ms)
		ExecutionOrderSort2 (0ms)
		AwakeInstancesAfterBackupRestoration (31ms)
Refreshing native plugins compatible for Editor in 6.13 ms, found 3 plugins.
Preloading 0 native plugins for Editor in 0.00 ms.
Unloading 4318 Unused Serialized files (Serialized files now loaded: 0)
Unloading 19 unused Assets / (31.3 KB). Loaded Objects now: 4935.
Memory consumption went from 259.1 MB to 259.1 MB.
Total: 7.604962 ms (FindLiveObjects: 0.566791 ms CreateObjectMapping: 0.535673 ms MarkObjects: 6.440102 ms  DeleteObjects: 0.061010 ms)

Prepare: number of updated asset objects reloaded= 0
AssetImportParameters requested are different than current active one (requested -> active):
  custom:container-demuxer-ogg: 62fdf1f143b41e24485cea50d1cbac27 -> 
  custom:video-decoder-ogg-theora: a1e56fd34408186e4bbccfd4996cb3dc -> 
  custom:CustomObjectIndexerAttribute: 9a22284fe3817be447336de3de66b15e -> 
  custom:container-demuxer-webm: 4f35f7cbe854078d1ac9338744f61a02 -> 
  custom:container-muxer-webm: aa71ff27fc2769a1b78a27578f13a17b -> 
  custom:scripting/monoscript/fileName/LeaderBoardManager.cs: f79d843b29a22d0e6cb463c849a18400 -> 
  custom:video-decoder-webm-vp8: 9c59270c3fd7afecdb556c50c9e8de78 -> 
  custom:SearchIndexIgnoredProperties: e643bd26f0fe6173181afceb89e7c659 -> 
  custom:AudioImporter_EditorPlatform: 3918e3fc78b5a79bad01e8451be0beb8 -> 
  custom:framework-osx-AVFoundation: e770b220cccbd017edd2c1fefb359320 -> 
  custom:video-encoder-webm-vp8: eb34c28f22e8b96e1ab97ce403110664 -> 
  custom:audio-decoder-ogg-vorbis: bf7c407c2cedff20999df2af8eb42d56 -> 
  custom:audio-encoder-webm-vorbis: bf7c407c2cedff20999df2af8eb42d56 -> 
  custom:scripting/precompiled-assembly-types:Assembly-CSharp: 1f27dfd5b15c4a447e0e2945d8c943e9 -> 3f7dda8ccb1a71ee7bfa3df822b70911
========================================================================
Received Prepare
Caller must complete domain reload
 #0 GetStacktrace(int)
 #1 DebugStringToFile(DebugStringToFileData const&)
 #2 AssertImplementation(int, char const*, int, int, char const*)
 #3 Internal_ADB_WorkerOnly_DomainReload(AssemblyLoadReason)
 #4 WorkerDomainReloadV2()
 #5 AssetImportWorkerClient::ReloadMonoDomain(AssetResolver&)
 #6 invocation function for block in AssetImportWorkerClient::HandleMessage(PrepareMessage const&)::$_4::operator()() const
 #7 _dispatch_client_callout
 #8 _dispatch_async_and_wait_invoke
 #9 _dispatch_client_callout
 #10 _dispatch_main_queue_drain
 #11 _dispatch_main_queue_callback_4CF
 #12 __CFRUNLOOP_IS_SERVICING_THE_MAIN_DISPATCH_QUEUE__
 #13 __CFRunLoopRun
 #14 CFRunLoopRunSpecific
 #15 RunCurrentEventLoopInMode
 #16 ReceiveNextEventCommon
 #17 _BlockUntilNextEventMatchingListInModeWithFilter
 #18 _DPSNextEvent
 #19 -[NSApplication(NSEvent) _nextEventMatchingEventMask:untilDate:inMode:dequeue:]
 #20 -[NSApplication run]
 #21 NSApplicationMain
 #22 EditorMain(int, char const**)
 #23 main
 #24 start

Begin MonoManager ReloadAssembly
- Loaded All Assemblies, in  1.026 seconds
Native extension for WindowsStandalone target not found
Native extension for iOS target not found
Native extension for Android target not found
Native extension for OSXStandalone target not found
Mono: successfully reloaded assembly
[Package Manager] Server::EnsureServerProcessIsRunning -- launch failed, reason: Unity was launched with the -noUpm command-line argument
[Package Manager] UpmClient::Send -- Unable to send message (not connected to UPM process).
[Package Manager] Cannot connect to Unity Package Manager local server
- Finished resetting the current domain, in  2.300 seconds
Domain Reload Profiling: 3326ms
	BeginReloadAssembly (318ms)
		ExecutionOrderSort (0ms)
		DisableScriptedObjects (28ms)
		BackupInstance (0ms)
		ReleaseScriptingObjects (0ms)
		CreateAndSetChildDomain (122ms)
	RebuildCommonClasses (68ms)
	RebuildNativeTypeToScriptingClass (22ms)
	initialDomainReloadingComplete (52ms)
	LoadAllAssembliesAndSetupDomain (565ms)
		LoadAssemblies (598ms)
		RebuildTransferFunctionScriptingTraits (0ms)
		AnalyzeDomain (83ms)
			TypeCache.Refresh (33ms)
				TypeCache.ScanAssembly (7ms)
			ScanForSourceGeneratedMonoScriptInfo (28ms)
			ResolveRequiredComponents (17ms)
	FinalizeReload (2301ms)
		ReleaseScriptCaches (0ms)
		RebuildScriptCaches (0ms)
		SetupLoadedEditorAssemblies (756ms)
			LogAssemblyErrors (0ms)
			InitializePlatformSupportModulesInManaged (53ms)
			SetLoadedEditorAssemblies (9ms)
			RefreshPlugins (0ms)
			BeforeProcessingInitializeOnLoad (117ms)
			ProcessInitializeOnLoadAttributes (510ms)
			ProcessInitializeOnLoadMethodAttributes (63ms)
			AfterProcessingInitializeOnLoad (2ms)
			EditorAssembliesLoaded (0ms)
		ExecutionOrderSort2 (0ms)
		AwakeInstancesAfterBackupRestoration (18ms)
Refreshing native plugins compatible for Editor in 5.31 ms, found 3 plugins.
Preloading 0 native plugins for Editor in 0.00 ms.
Unloading 4319 Unused Serialized files (Serialized files now loaded: 0)
Unloading 19 unused Assets / (31.3 KB). Loaded Objects now: 4939.
Memory consumption went from 263.7 MB to 263.7 MB.
Total: 5.931977 ms (FindLiveObjects: 0.462719 ms CreateObjectMapping: 0.440919 ms MarkObjects: 4.971837 ms  DeleteObjects: 0.055381 ms)

Prepare: number of updated asset objects reloaded= 0
AssetImportParameters requested are different than current active one (requested -> active):
  custom:container-demuxer-ogg: 62fdf1f143b41e24485cea50d1cbac27 -> 
  custom:video-decoder-ogg-theora: a1e56fd34408186e4bbccfd4996cb3dc -> 
  custom:CustomObjectIndexerAttribute: 9a22284fe3817be447336de3de66b15e -> 
  custom:container-demuxer-webm: 4f35f7cbe854078d1ac9338744f61a02 -> 
  custom:container-muxer-webm: aa71ff27fc2769a1b78a27578f13a17b -> 
  custom:scripting/monoscript/fileName/LeaderBoardManager.cs: f79d843b29a22d0e6cb463c849a18400 -> 
  custom:scripting/monoscript/fileName/NetworkManager.cs: 5d227a124a4f614b5ab5a58e0800fccb -> e4fa93220985ebf211f3da91d4ced24a
  custom:video-decoder-webm-vp8: 9c59270c3fd7afecdb556c50c9e8de78 -> 
  custom:SearchIndexIgnoredProperties: e643bd26f0fe6173181afceb89e7c659 -> 
  custom:AudioImporter_EditorPlatform: 3918e3fc78b5a79bad01e8451be0beb8 -> 
  custom:framework-osx-AVFoundation: e770b220cccbd017edd2c1fefb359320 -> 
  custom:video-encoder-webm-vp8: eb34c28f22e8b96e1ab97ce403110664 -> 
  custom:audio-decoder-ogg-vorbis: bf7c407c2cedff20999df2af8eb42d56 -> 
  custom:audio-encoder-webm-vorbis: bf7c407c2cedff20999df2af8eb42d56 -> 
  custom:scripting/precompiled-assembly-types:Assembly-CSharp: 31966e1862859111dc001e2d3fb9f51a -> 3f7dda8ccb1a71ee7bfa3df822b70911
========================================================================
Received Prepare
Caller must complete domain reload
 #0 GetStacktrace(int)
 #1 DebugStringToFile(DebugStringToFileData const&)
 #2 AssertImplementation(int, char const*, int, int, char const*)
 #3 Internal_ADB_WorkerOnly_DomainReload(AssemblyLoadReason)
 #4 WorkerDomainReloadV2()
 #5 AssetImportWorkerClient::ReloadMonoDomain(AssetResolver&)
 #6 invocation function for block in AssetImportWorkerClient::HandleMessage(PrepareMessage const&)::$_4::operator()() const
 #7 _dispatch_client_callout
 #8 _dispatch_async_and_wait_invoke
 #9 _dispatch_client_callout
 #10 _dispatch_main_queue_drain
 #11 _dispatch_main_queue_callback_4CF
 #12 __CFRUNLOOP_IS_SERVICING_THE_MAIN_DISPATCH_QUEUE__
 #13 __CFRunLoopRun
 #14 CFRunLoopRunSpecific
 #15 RunCurrentEventLoopInMode
 #16 ReceiveNextEventCommon
 #17 _BlockUntilNextEventMatchingListInModeWithFilter
 #18 _DPSNextEvent
 #19 -[NSApplication(NSEvent) _nextEventMatchingEventMask:untilDate:inMode:dequeue:]
 #20 -[NSApplication run]
 #21 NSApplicationMain
 #22 EditorMain(int, char const**)
 #23 main
 #24 start

Begin MonoManager ReloadAssembly
- Loaded All Assemblies, in  0.826 seconds
Native extension for WindowsStandalone target not found
Native extension for iOS target not found
Native extension for Android target not found
Native extension for OSXStandalone target not found
Mono: successfully reloaded assembly
[Package Manager] Server::EnsureServerProcessIsRunning -- launch failed, reason: Unity was launched with the -noUpm command-line argument
[Package Manager] UpmClient::Send -- Unable to send message (not connected to UPM process).
[Package Manager] Cannot connect to Unity Package Manager local server
- Finished resetting the current domain, in  1.953 seconds
Domain Reload Profiling: 2780ms
	BeginReloadAssembly (274ms)
		ExecutionOrderSort (0ms)
		DisableScriptedObjects (25ms)
		BackupInstance (0ms)
		ReleaseScriptingObjects (0ms)
		CreateAndSetChildDomain (98ms)
	RebuildCommonClasses (57ms)
	RebuildNativeTypeToScriptingClass (19ms)
	initialDomainReloadingComplete (36ms)
	LoadAllAssembliesAndSetupDomain (439ms)
		LoadAssemblies (476ms)
		RebuildTransferFunctionScriptingTraits (0ms)
		AnalyzeDomain (66ms)
			TypeCache.Refresh (30ms)
				TypeCache.ScanAssembly (6ms)
			ScanForSourceGeneratedMonoScriptInfo (20ms)
			ResolveRequiredComponents (12ms)
	FinalizeReload (1954ms)
		ReleaseScriptCaches (0ms)
		RebuildScriptCaches (0ms)
		SetupLoadedEditorAssemblies (577ms)
			LogAssemblyErrors (0ms)
			InitializePlatformSupportModulesInManaged (45ms)
			SetLoadedEditorAssemblies (7ms)
			RefreshPlugins (0ms)
			BeforeProcessingInitializeOnLoad (88ms)
			ProcessInitializeOnLoadAttributes (387ms)
			ProcessInitializeOnLoadMethodAttributes (47ms)
			AfterProcessingInitializeOnLoad (2ms)
			EditorAssembliesLoaded (0ms)
		ExecutionOrderSort2 (0ms)
		AwakeInstancesAfterBackupRestoration (14ms)
Refreshing native plugins compatible for Editor in 3.79 ms, found 3 plugins.
Preloading 0 native plugins for Editor in 0.00 ms.
Unloading 4319 Unused Serialized files (Serialized files now loaded: 0)
Unloading 19 unused Assets / (31.3 KB). Loaded Objects now: 4943.
Memory consumption went from 268.1 MB to 268.1 MB.
Total: 4.939743 ms (FindLiveObjects: 0.343526 ms CreateObjectMapping: 0.400374 ms MarkObjects: 4.111749 ms  DeleteObjects: 0.082930 ms)

Prepare: number of updated asset objects reloaded= 0
AssetImportParameters requested are different than current active one (requested -> active):
  custom:container-demuxer-ogg: 62fdf1f143b41e24485cea50d1cbac27 -> 
  custom:video-decoder-ogg-theora: a1e56fd34408186e4bbccfd4996cb3dc -> 
  custom:CustomObjectIndexerAttribute: 9a22284fe3817be447336de3de66b15e -> 
  custom:container-demuxer-webm: 4f35f7cbe854078d1ac9338744f61a02 -> 
  custom:container-muxer-webm: aa71ff27fc2769a1b78a27578f13a17b -> 
  custom:scripting/monoscript/fileName/LeaderBoardManager.cs: f79d843b29a22d0e6cb463c849a18400 -> 
  custom:scripting/monoscript/fileName/NetworkManager.cs: 5d227a124a4f614b5ab5a58e0800fccb -> e4fa93220985ebf211f3da91d4ced24a
  custom:video-decoder-webm-vp8: 9c59270c3fd7afecdb556c50c9e8de78 -> 
  custom:SearchIndexIgnoredProperties: e643bd26f0fe6173181afceb89e7c659 -> 
  custom:AudioImporter_EditorPlatform: 3918e3fc78b5a79bad01e8451be0beb8 -> 
  custom:framework-osx-AVFoundation: e770b220cccbd017edd2c1fefb359320 -> 
  custom:video-encoder-webm-vp8: eb34c28f22e8b96e1ab97ce403110664 -> 
  custom:audio-decoder-ogg-vorbis: bf7c407c2cedff20999df2af8eb42d56 -> 
  custom:audio-encoder-webm-vorbis: bf7c407c2cedff20999df2af8eb42d56 -> 
  custom:scripting/precompiled-assembly-types:Assembly-CSharp: 9b8369c9a2d6c80140847ccf45c2d527 -> 3f7dda8ccb1a71ee7bfa3df822b70911
========================================================================
Received Prepare
Caller must complete domain reload
 #0 GetStacktrace(int)
 #1 DebugStringToFile(DebugStringToFileData const&)
 #2 AssertImplementation(int, char const*, int, int, char const*)
 #3 Internal_ADB_WorkerOnly_DomainReload(AssemblyLoadReason)
 #4 WorkerDomainReloadV2()
 #5 AssetImportWorkerClient::ReloadMonoDomain(AssetResolver&)
 #6 invocation function for block in AssetImportWorkerClient::HandleMessage(PrepareMessage const&)::$_4::operator()() const
 #7 _dispatch_client_callout
 #8 _dispatch_async_and_wait_invoke
 #9 _dispatch_client_callout
 #10 _dispatch_main_queue_drain
 #11 _dispatch_main_queue_callback_4CF
 #12 __CFRUNLOOP_IS_SERVICING_THE_MAIN_DISPATCH_QUEUE__
 #13 __CFRunLoopRun
 #14 CFRunLoopRunSpecific
 #15 RunCurrentEventLoopInMode
 #16 ReceiveNextEventCommon
 #17 _BlockUntilNextEventMatchingListInModeWithFilter
 #18 _DPSNextEvent
 #19 -[NSApplication(NSEvent) _nextEventMatchingEventMask:untilDate:inMode:dequeue:]
 #20 -[NSApplication run]
 #21 NSApplicationMain
 #22 EditorMain(int, char const**)
 #23 main
 #24 start

Begin MonoManager ReloadAssembly
- Loaded All Assemblies, in  0.986 seconds
Native extension for WindowsStandalone target not found
Native extension for iOS target not found
Native extension for Android target not found
Native extension for OSXStandalone target not found
Mono: successfully reloaded assembly
[Package Manager] Server::EnsureServerProcessIsRunning -- launch failed, reason: Unity was launched with the -noUpm command-line argument
[Package Manager] UpmClient::Send -- Unable to send message (not connected to UPM process).
[Package Manager] Cannot connect to Unity Package Manager local server
- Finished resetting the current domain, in  2.006 seconds
Domain Reload Profiling: 2993ms
	BeginReloadAssembly (470ms)
		ExecutionOrderSort (0ms)
		DisableScriptedObjects (30ms)
		BackupInstance (0ms)
		ReleaseScriptingObjects (0ms)
		CreateAndSetChildDomain (173ms)
	RebuildCommonClasses (60ms)
	RebuildNativeTypeToScriptingClass (18ms)
	initialDomainReloadingComplete (41ms)
	LoadAllAssembliesAndSetupDomain (397ms)
		LoadAssemblies (564ms)
		RebuildTransferFunctionScriptingTraits (0ms)
		AnalyzeDomain (55ms)
			TypeCache.Refresh (19ms)
				TypeCache.ScanAssembly (3ms)
			ScanForSourceGeneratedMonoScriptInfo (21ms)
			ResolveRequiredComponents (12ms)
	FinalizeReload (2007ms)
		ReleaseScriptCaches (0ms)
		RebuildScriptCaches (0ms)
		SetupLoadedEditorAssemblies (623ms)
			LogAssemblyErrors (0ms)
			InitializePlatformSupportModulesInManaged (43ms)
			SetLoadedEditorAssemblies (7ms)
			RefreshPlugins (0ms)
			BeforeProcessingInitializeOnLoad (87ms)
			ProcessInitializeOnLoadAttributes (420ms)
			ProcessInitializeOnLoadMethodAttributes (62ms)
			AfterProcessingInitializeOnLoad (2ms)
			EditorAssembliesLoaded (0ms)
		ExecutionOrderSort2 (0ms)
		AwakeInstancesAfterBackupRestoration (18ms)
Refreshing native plugins compatible for Editor in 4.27 ms, found 3 plugins.
Preloading 0 native plugins for Editor in 0.00 ms.
Unloading 4319 Unused Serialized files (Serialized files now loaded: 0)
Unloading 19 unused Assets / (31.5 KB). Loaded Objects now: 4947.
Memory consumption went from 272.4 MB to 272.4 MB.
Total: 5.246957 ms (FindLiveObjects: 0.366461 ms CreateObjectMapping: 0.396017 ms MarkObjects: 4.419219 ms  DeleteObjects: 0.064209 ms)

Prepare: number of updated asset objects reloaded= 0
AssetImportParameters requested are different than current active one (requested -> active):
  custom:container-demuxer-ogg: 62fdf1f143b41e24485cea50d1cbac27 -> 
  custom:video-decoder-ogg-theora: a1e56fd34408186e4bbccfd4996cb3dc -> 
  custom:CustomObjectIndexerAttribute: 9a22284fe3817be447336de3de66b15e -> 
  custom:container-demuxer-webm: 4f35f7cbe854078d1ac9338744f61a02 -> 
  custom:container-muxer-webm: aa71ff27fc2769a1b78a27578f13a17b -> 
  custom:scripting/monoscript/fileName/LeaderBoardManager.cs: f79d843b29a22d0e6cb463c849a18400 -> 
  custom:scripting/monoscript/fileName/NetworkManager.cs: 5d227a124a4f614b5ab5a58e0800fccb -> e4fa93220985ebf211f3da91d4ced24a
  custom:video-decoder-webm-vp8: 9c59270c3fd7afecdb556c50c9e8de78 -> 
  custom:SearchIndexIgnoredProperties: e643bd26f0fe6173181afceb89e7c659 -> 
  custom:AudioImporter_EditorPlatform: 3918e3fc78b5a79bad01e8451be0beb8 -> 
  custom:framework-osx-AVFoundation: e770b220cccbd017edd2c1fefb359320 -> 
  custom:video-encoder-webm-vp8: eb34c28f22e8b96e1ab97ce403110664 -> 
  custom:audio-decoder-ogg-vorbis: bf7c407c2cedff20999df2af8eb42d56 -> 
  custom:audio-encoder-webm-vorbis: bf7c407c2cedff20999df2af8eb42d56 -> 
  custom:scripting/precompiled-assembly-types:Assembly-CSharp: 39fa54828574140d7ea9734c046c3f5e -> 3f7dda8ccb1a71ee7bfa3df822b70911
========================================================================
Received Prepare
Caller must complete domain reload
 #0 GetStacktrace(int)
 #1 DebugStringToFile(DebugStringToFileData const&)
 #2 AssertImplementation(int, char const*, int, int, char const*)
 #3 Internal_ADB_WorkerOnly_DomainReload(AssemblyLoadReason)
 #4 WorkerDomainReloadV2()
 #5 AssetImportWorkerClient::ReloadMonoDomain(AssetResolver&)
 #6 invocation function for block in AssetImportWorkerClient::HandleMessage(PrepareMessage const&)::$_4::operator()() const
 #7 _dispatch_client_callout
 #8 _dispatch_async_and_wait_invoke
 #9 _dispatch_client_callout
 #10 _dispatch_main_queue_drain
 #11 _dispatch_main_queue_callback_4CF
 #12 __CFRUNLOOP_IS_SERVICING_THE_MAIN_DISPATCH_QUEUE__
 #13 __CFRunLoopRun
 #14 CFRunLoopRunSpecific
 #15 RunCurrentEventLoopInMode
 #16 ReceiveNextEventCommon
 #17 _BlockUntilNextEventMatchingListInModeWithFilter
 #18 _DPSNextEvent
 #19 -[NSApplication(NSEvent) _nextEventMatchingEventMask:untilDate:inMode:dequeue:]
 #20 -[NSApplication run]
 #21 NSApplicationMain
 #22 EditorMain(int, char const**)
 #23 main
 #24 start

Begin MonoManager ReloadAssembly
- Loaded All Assemblies, in  0.686 seconds
Native extension for WindowsStandalone target not found
Native extension for iOS target not found
Native extension for Android target not found
Native extension for OSXStandalone target not found
Mono: successfully reloaded assembly
[Package Manager] Server::EnsureServerProcessIsRunning -- launch failed, reason: Unity was launched with the -noUpm command-line argument
[Package Manager] UpmClient::Send -- Unable to send message (not connected to UPM process).
[Package Manager] Cannot connect to Unity Package Manager local server
- Finished resetting the current domain, in  2.031 seconds
Domain Reload Profiling: 2717ms
	BeginReloadAssembly (232ms)
		ExecutionOrderSort (0ms)
		DisableScriptedObjects (16ms)
		BackupInstance (0ms)
		ReleaseScriptingObjects (0ms)
		CreateAndSetChildDomain (71ms)
	RebuildCommonClasses (55ms)
	RebuildNativeTypeToScriptingClass (16ms)
	initialDomainReloadingComplete (32ms)
	LoadAllAssembliesAndSetupDomain (349ms)
		LoadAssemblies (431ms)
		RebuildTransferFunctionScriptingTraits (0ms)
		AnalyzeDomain (30ms)
			TypeCache.Refresh (11ms)
				TypeCache.ScanAssembly (0ms)
			ScanForSourceGeneratedMonoScriptInfo (0ms)
			ResolveRequiredComponents (15ms)
	FinalizeReload (2032ms)
		ReleaseScriptCaches (0ms)
		RebuildScriptCaches (0ms)
		SetupLoadedEditorAssemblies (683ms)
			LogAssemblyErrors (0ms)
			InitializePlatformSupportModulesInManaged (58ms)
			SetLoadedEditorAssemblies (8ms)
			RefreshPlugins (0ms)
			BeforeProcessingInitializeOnLoad (103ms)
			ProcessInitializeOnLoadAttributes (455ms)
			ProcessInitializeOnLoadMethodAttributes (56ms)
			AfterProcessingInitializeOnLoad (2ms)
			EditorAssembliesLoaded (0ms)
		ExecutionOrderSort2 (0ms)
		AwakeInstancesAfterBackupRestoration (16ms)
Refreshing native plugins compatible for Editor in 3.93 ms, found 3 plugins.
Preloading 0 native plugins for Editor in 0.00 ms.
Unloading 4319 Unused Serialized files (Serialized files now loaded: 0)
Unloading 19 unused Assets / (31.4 KB). Loaded Objects now: 4951.
Memory consumption went from 276.8 MB to 276.8 MB.
Total: 4.945843 ms (FindLiveObjects: 0.511004 ms CreateObjectMapping: 0.403255 ms MarkObjects: 3.932371 ms  DeleteObjects: 0.098090 ms)

Prepare: number of updated asset objects reloaded= 0
AssetImportParameters requested are different than current active one (requested -> active):
  custom:container-demuxer-ogg: 62fdf1f143b41e24485cea50d1cbac27 -> 
  custom:video-decoder-ogg-theora: a1e56fd34408186e4bbccfd4996cb3dc -> 
  custom:CustomObjectIndexerAttribute: 9a22284fe3817be447336de3de66b15e -> 
  custom:container-demuxer-webm: 4f35f7cbe854078d1ac9338744f61a02 -> 
  custom:container-muxer-webm: aa71ff27fc2769a1b78a27578f13a17b -> 
  custom:scripting/monoscript/fileName/LeaderBoardManager.cs: f79d843b29a22d0e6cb463c849a18400 -> 
  custom:scripting/monoscript/fileName/NetworkManager.cs: 5d227a124a4f614b5ab5a58e0800fccb -> e4fa93220985ebf211f3da91d4ced24a
  custom:video-decoder-webm-vp8: 9c59270c3fd7afecdb556c50c9e8de78 -> 
  custom:SearchIndexIgnoredProperties: e643bd26f0fe6173181afceb89e7c659 -> 
  custom:AudioImporter_EditorPlatform: 3918e3fc78b5a79bad01e8451be0beb8 -> 
  custom:framework-osx-AVFoundation: e770b220cccbd017edd2c1fefb359320 -> 
  custom:video-encoder-webm-vp8: eb34c28f22e8b96e1ab97ce403110664 -> 
  custom:audio-decoder-ogg-vorbis: bf7c407c2cedff20999df2af8eb42d56 -> 
  custom:audio-encoder-webm-vorbis: bf7c407c2cedff20999df2af8eb42d56 -> 
  custom:scripting/precompiled-assembly-types:Assembly-CSharp: 39fa54828574140d7ea9734c046c3f5e -> 3f7dda8ccb1a71ee7bfa3df822b70911
========================================================================
Received Import Request.
  Time since last request: 6350.226704 seconds.
  path: Assets/Scenes/Menu/Leaderboard.unity
  artifactKey: Guid(8a46337671ec64ebfa20680a71b5f2b3) Importer(815301076,1909f56bfc062723c751e8b465ee728b)
Start importing Assets/Scenes/Menu/Leaderboard.unity using Guid(8a46337671ec64ebfa20680a71b5f2b3) Importer(815301076,1909f56bfc062723c751e8b465ee728b) [PhysX] Initialized MultithreadedTaskDispatcher with 8 workers.
 -> (artifact id: '8cd59c0e36b6eb0cc043416d425dd757') in 0.002574 seconds
Number of updated asset objects reloaded before import = 0
Number of asset objects unloaded after import = 0
========================================================================
Received Prepare
Caller must complete domain reload
 #0 GetStacktrace(int)
 #1 DebugStringToFile(DebugStringToFileData const&)
 #2 AssertImplementation(int, char const*, int, int, char const*)
 #3 Internal_ADB_WorkerOnly_DomainReload(AssemblyLoadReason)
 #4 WorkerDomainReloadV2()
 #5 AssetImportWorkerClient::ReloadMonoDomain(AssetResolver&)
 #6 invocation function for block in AssetImportWorkerClient::HandleMessage(PrepareMessage const&)::$_4::operator()() const
 #7 _dispatch_client_callout
 #8 _dispatch_async_and_wait_invoke
 #9 _dispatch_client_callout
 #10 _dispatch_main_queue_drain
 #11 _dispatch_main_queue_callback_4CF
 #12 __CFRUNLOOP_IS_SERVICING_THE_MAIN_DISPATCH_QUEUE__
 #13 __CFRunLoopRun
 #14 CFRunLoopRunSpecific
 #15 RunCurrentEventLoopInMode
 #16 ReceiveNextEventCommon
 #17 _BlockUntilNextEventMatchingListInModeWithFilter
 #18 _DPSNextEvent
 #19 -[NSApplication(NSEvent) _nextEventMatchingEventMask:untilDate:inMode:dequeue:]
 #20 -[NSApplication run]
 #21 NSApplicationMain
 #22 EditorMain(int, char const**)
 #23 main
 #24 start

Begin MonoManager ReloadAssembly
- Loaded All Assemblies, in  0.635 seconds
Native extension for WindowsStandalone target not found
Native extension for iOS target not found
Native extension for Android target not found
Native extension for OSXStandalone target not found
Mono: successfully reloaded assembly
[Package Manager] Server::EnsureServerProcessIsRunning -- launch failed, reason: Unity was launched with the -noUpm command-line argument
[Package Manager] UpmClient::Send -- Unable to send message (not connected to UPM process).
[Package Manager] Cannot connect to Unity Package Manager local server
- Finished resetting the current domain, in  2.189 seconds
Domain Reload Profiling: 2824ms
	BeginReloadAssembly (211ms)
		ExecutionOrderSort (0ms)
		DisableScriptedObjects (18ms)
		BackupInstance (0ms)
		ReleaseScriptingObjects (0ms)
		CreateAndSetChildDomain (71ms)
	RebuildCommonClasses (50ms)
	RebuildNativeTypeToScriptingClass (16ms)
	initialDomainReloadingComplete (33ms)
	LoadAllAssembliesAndSetupDomain (324ms)
		LoadAssemblies (389ms)
		RebuildTransferFunctionScriptingTraits (0ms)
		AnalyzeDomain (22ms)
			TypeCache.Refresh (8ms)
				TypeCache.ScanAssembly (0ms)
			ScanForSourceGeneratedMonoScriptInfo (0ms)
			ResolveRequiredComponents (11ms)
	FinalizeReload (2190ms)
		ReleaseScriptCaches (0ms)
		RebuildScriptCaches (0ms)
		SetupLoadedEditorAssemblies (815ms)
			LogAssemblyErrors (0ms)
			InitializePlatformSupportModulesInManaged (68ms)
			SetLoadedEditorAssemblies (11ms)
			RefreshPlugins (0ms)
			BeforeProcessingInitializeOnLoad (120ms)
			ProcessInitializeOnLoadAttributes (555ms)
			ProcessInitializeOnLoadMethodAttributes (58ms)
			AfterProcessingInitializeOnLoad (2ms)
			EditorAssembliesLoaded (1ms)
		ExecutionOrderSort2 (0ms)
		AwakeInstancesAfterBackupRestoration (15ms)
Refreshing native plugins compatible for Editor in 6.55 ms, found 3 plugins.
Preloading 0 native plugins for Editor in 0.00 ms.
Unloading 4318 Unused Serialized files (Serialized files now loaded: 0)
Unloading 19 unused Assets / (31.5 KB). Loaded Objects now: 4955.
Memory consumption went from 281.1 MB to 281.1 MB.
Total: 6.040740 ms (FindLiveObjects: 0.596186 ms CreateObjectMapping: 0.567720 ms MarkObjects: 4.789441 ms  DeleteObjects: 0.086040 ms)

Prepare: number of updated asset objects reloaded= 0
AssetImportParameters requested are different than current active one (requested -> active):
  custom:container-demuxer-ogg: 62fdf1f143b41e24485cea50d1cbac27 -> 
  custom:video-decoder-ogg-theora: a1e56fd34408186e4bbccfd4996cb3dc -> 
  custom:CustomObjectIndexerAttribute: 9a22284fe3817be447336de3de66b15e -> 
  custom:container-demuxer-webm: 4f35f7cbe854078d1ac9338744f61a02 -> 
  custom:container-muxer-webm: aa71ff27fc2769a1b78a27578f13a17b -> 
  custom:scripting/monoscript/fileName/LeaderBoardManager.cs: f79d843b29a22d0e6cb463c849a18400 -> 
  custom:scripting/monoscript/fileName/NetworkManager.cs: 5d227a124a4f614b5ab5a58e0800fccb -> e4fa93220985ebf211f3da91d4ced24a
  custom:video-decoder-webm-vp8: 9c59270c3fd7afecdb556c50c9e8de78 -> 
  custom:SearchIndexIgnoredProperties: e643bd26f0fe6173181afceb89e7c659 -> 
  custom:AudioImporter_EditorPlatform: 3918e3fc78b5a79bad01e8451be0beb8 -> 
  custom:framework-osx-AVFoundation: e770b220cccbd017edd2c1fefb359320 -> 
  custom:video-encoder-webm-vp8: eb34c28f22e8b96e1ab97ce403110664 -> 
  custom:audio-decoder-ogg-vorbis: bf7c407c2cedff20999df2af8eb42d56 -> 
  custom:audio-encoder-webm-vorbis: bf7c407c2cedff20999df2af8eb42d56 -> 
  custom:scripting/precompiled-assembly-types:Assembly-CSharp: 39fa54828574140d7ea9734c046c3f5e -> 3f7dda8ccb1a71ee7bfa3df822b70911
========================================================================
Received Prepare
Caller must complete domain reload
 #0 GetStacktrace(int)
 #1 DebugStringToFile(DebugStringToFileData const&)
 #2 AssertImplementation(int, char const*, int, int, char const*)
 #3 Internal_ADB_WorkerOnly_DomainReload(AssemblyLoadReason)
 #4 WorkerDomainReloadV2()
 #5 AssetImportWorkerClient::ReloadMonoDomain(AssetResolver&)
 #6 invocation function for block in AssetImportWorkerClient::HandleMessage(PrepareMessage const&)::$_4::operator()() const
 #7 _dispatch_client_callout
 #8 _dispatch_async_and_wait_invoke
 #9 _dispatch_client_callout
 #10 _dispatch_main_queue_drain
 #11 _dispatch_main_queue_callback_4CF
 #12 __CFRUNLOOP_IS_SERVICING_THE_MAIN_DISPATCH_QUEUE__
 #13 __CFRunLoopRun
 #14 CFRunLoopRunSpecific
 #15 RunCurrentEventLoopInMode
 #16 ReceiveNextEventCommon
 #17 _BlockUntilNextEventMatchingListInModeWithFilter
 #18 _DPSNextEvent
 #19 -[NSApplication(NSEvent) _nextEventMatchingEventMask:untilDate:inMode:dequeue:]
 #20 -[NSApplication run]
 #21 NSApplicationMain
 #22 EditorMain(int, char const**)
 #23 main
 #24 start

Begin MonoManager ReloadAssembly
- Loaded All Assemblies, in  0.630 seconds
Native extension for WindowsStandalone target not found
Native extension for iOS target not found
Native extension for Android target not found
Native extension for OSXStandalone target not found
Mono: successfully reloaded assembly
[Package Manager] Server::EnsureServerProcessIsRunning -- launch failed, reason: Unity was launched with the -noUpm command-line argument
[Package Manager] UpmClient::Send -- Unable to send message (not connected to UPM process).
[Package Manager] Cannot connect to Unity Package Manager local server
- Finished resetting the current domain, in  1.186 seconds
Domain Reload Profiling: 1816ms
	BeginReloadAssembly (207ms)
		ExecutionOrderSort (0ms)
		DisableScriptedObjects (15ms)
		BackupInstance (0ms)
		ReleaseScriptingObjects (0ms)
		CreateAndSetChildDomain (67ms)
	RebuildCommonClasses (51ms)
	RebuildNativeTypeToScriptingClass (17ms)
	initialDomainReloadingComplete (32ms)
	LoadAllAssembliesAndSetupDomain (322ms)
		LoadAssemblies (393ms)
		RebuildTransferFunctionScriptingTraits (0ms)
		AnalyzeDomain (23ms)
			TypeCache.Refresh (8ms)
				TypeCache.ScanAssembly (0ms)
			ScanForSourceGeneratedMonoScriptInfo (0ms)
			ResolveRequiredComponents (11ms)
	FinalizeReload (1187ms)
		ReleaseScriptCaches (0ms)
		RebuildScriptCaches (0ms)
		SetupLoadedEditorAssemblies (634ms)
			LogAssemblyErrors (0ms)
			InitializePlatformSupportModulesInManaged (44ms)
			SetLoadedEditorAssemblies (7ms)
			RefreshPlugins (0ms)
			BeforeProcessingInitializeOnLoad (91ms)
			ProcessInitializeOnLoadAttributes (431ms)
			ProcessInitializeOnLoadMethodAttributes (59ms)
			AfterProcessingInitializeOnLoad (2ms)
			EditorAssembliesLoaded (0ms)
		ExecutionOrderSort2 (0ms)
		AwakeInstancesAfterBackupRestoration (16ms)
Refreshing native plugins compatible for Editor in 8.16 ms, found 3 plugins.
Preloading 0 native plugins for Editor in 0.00 ms.
Unloading 4319 Unused Serialized files (Serialized files now loaded: 0)
Unloading 19 unused Assets / (31.5 KB). Loaded Objects now: 4959.
Memory consumption went from 285.7 MB to 285.7 MB.
Total: 7.154546 ms (FindLiveObjects: 0.550148 ms CreateObjectMapping: 0.514015 ms MarkObjects: 6.020355 ms  DeleteObjects: 0.068611 ms)

Prepare: number of updated asset objects reloaded= 0
AssetImportParameters requested are different than current active one (requested -> active):
  custom:container-demuxer-ogg: 62fdf1f143b41e24485cea50d1cbac27 -> 
  custom:video-decoder-ogg-theora: a1e56fd34408186e4bbccfd4996cb3dc -> 
  custom:CustomObjectIndexerAttribute: 9a22284fe3817be447336de3de66b15e -> 
  custom:container-demuxer-webm: 4f35f7cbe854078d1ac9338744f61a02 -> 
  custom:container-muxer-webm: aa71ff27fc2769a1b78a27578f13a17b -> 
  custom:scripting/monoscript/fileName/LeaderBoardManager.cs: f79d843b29a22d0e6cb463c849a18400 -> 
  custom:scripting/monoscript/fileName/NetworkManager.cs: 5d227a124a4f614b5ab5a58e0800fccb -> e4fa93220985ebf211f3da91d4ced24a
  custom:video-decoder-webm-vp8: 9c59270c3fd7afecdb556c50c9e8de78 -> 
  custom:SearchIndexIgnoredProperties: e643bd26f0fe6173181afceb89e7c659 -> 
  custom:AudioImporter_EditorPlatform: 3918e3fc78b5a79bad01e8451be0beb8 -> 
  custom:framework-osx-AVFoundation: e770b220cccbd017edd2c1fefb359320 -> 
  custom:video-encoder-webm-vp8: eb34c28f22e8b96e1ab97ce403110664 -> 
  custom:audio-decoder-ogg-vorbis: bf7c407c2cedff20999df2af8eb42d56 -> 
  custom:audio-encoder-webm-vorbis: bf7c407c2cedff20999df2af8eb42d56 -> 
  custom:scripting/precompiled-assembly-types:Assembly-CSharp: 39fa54828574140d7ea9734c046c3f5e -> 3f7dda8ccb1a71ee7bfa3df822b70911
========================================================================
Received Import Request.
  Time since last request: 222.187802 seconds.
  path: Assets/Scenes/Menu/Main Menu.unity
  artifactKey: Guid(9919c6d3d994f4626b32bf63780ff9ce) Importer(815301076,1909f56bfc062723c751e8b465ee728b)
Start importing Assets/Scenes/Menu/Main Menu.unity using Guid(9919c6d3d994f4626b32bf63780ff9ce) Importer(815301076,1909f56bfc062723c751e8b465ee728b) [PhysX] Initialized MultithreadedTaskDispatcher with 8 workers.
 -> (artifact id: '2b3531a9b4c98bf2d3d6792029e1b4da') in 0.001925 seconds
Number of updated asset objects reloaded before import = 0
Number of asset objects unloaded after import = 0
========================================================================
Received Import Request.
  Time since last request: 40.194498 seconds.
  path: Assets/Scenes/Menu/Leaderboard.unity
  artifactKey: Guid(8a46337671ec64ebfa20680a71b5f2b3) Importer(815301076,1909f56bfc062723c751e8b465ee728b)
Start importing Assets/Scenes/Menu/Leaderboard.unity using Guid(8a46337671ec64ebfa20680a71b5f2b3) Importer(815301076,1909f56bfc062723c751e8b465ee728b) [PhysX] Initialized MultithreadedTaskDispatcher with 8 workers.
 -> (artifact id: 'dc759989996bda585a6d5bc918a7385c') in 0.001379 seconds
Number of updated asset objects reloaded before import = 0
Number of asset objects unloaded after import = 0
========================================================================
Received Prepare
Caller must complete domain reload
 #0 GetStacktrace(int)
 #1 DebugStringToFile(DebugStringToFileData const&)
 #2 AssertImplementation(int, char const*, int, int, char const*)
 #3 Internal_ADB_WorkerOnly_DomainReload(AssemblyLoadReason)
 #4 WorkerDomainReloadV2()
 #5 AssetImportWorkerClient::ReloadMonoDomain(AssetResolver&)
 #6 invocation function for block in AssetImportWorkerClient::HandleMessage(PrepareMessage const&)::$_4::operator()() const
 #7 _dispatch_client_callout
 #8 _dispatch_async_and_wait_invoke
 #9 _dispatch_client_callout
 #10 _dispatch_main_queue_drain
 #11 _dispatch_main_queue_callback_4CF
 #12 __CFRUNLOOP_IS_SERVICING_THE_MAIN_DISPATCH_QUEUE__
 #13 __CFRunLoopRun
 #14 CFRunLoopRunSpecific
 #15 RunCurrentEventLoopInMode
 #16 ReceiveNextEventCommon
 #17 _BlockUntilNextEventMatchingListInModeWithFilter
 #18 _DPSNextEvent
 #19 -[NSApplication(NSEvent) _nextEventMatchingEventMask:untilDate:inMode:dequeue:]
 #20 -[NSApplication run]
 #21 NSApplicationMain
 #22 EditorMain(int, char const**)
 #23 main
 #24 start

Begin MonoManager ReloadAssembly
- Loaded All Assemblies, in  0.729 seconds
Native extension for WindowsStandalone target not found
Native extension for iOS target not found
Native extension for Android target not found
Native extension for OSXStandalone target not found
Mono: successfully reloaded assembly
[Package Manager] Server::EnsureServerProcessIsRunning -- launch failed, reason: Unity was launched with the -noUpm command-line argument
[Package Manager] UpmClient::Send -- Unable to send message (not connected to UPM process).
[Package Manager] Cannot connect to Unity Package Manager local server
- Finished resetting the current domain, in  2.179 seconds
Domain Reload Profiling: 2909ms
	BeginReloadAssembly (201ms)
		ExecutionOrderSort (0ms)
		DisableScriptedObjects (15ms)
		BackupInstance (0ms)
		ReleaseScriptingObjects (0ms)
		CreateAndSetChildDomain (69ms)
	RebuildCommonClasses (58ms)
	RebuildNativeTypeToScriptingClass (17ms)
	initialDomainReloadingComplete (32ms)
	LoadAllAssembliesAndSetupDomain (421ms)
		LoadAssemblies (472ms)
		RebuildTransferFunctionScriptingTraits (0ms)
		AnalyzeDomain (32ms)
			TypeCache.Refresh (10ms)
				TypeCache.ScanAssembly (0ms)
			ScanForSourceGeneratedMonoScriptInfo (0ms)
			ResolveRequiredComponents (18ms)
	FinalizeReload (2180ms)
		ReleaseScriptCaches (0ms)
		RebuildScriptCaches (0ms)
		SetupLoadedEditorAssemblies (832ms)
			LogAssemblyErrors (0ms)
			InitializePlatformSupportModulesInManaged (60ms)
			SetLoadedEditorAssemblies (12ms)
			RefreshPlugins (0ms)
			BeforeProcessingInitializeOnLoad (141ms)
			ProcessInitializeOnLoadAttributes (557ms)
			ProcessInitializeOnLoadMethodAttributes (59ms)
			AfterProcessingInitializeOnLoad (2ms)
			EditorAssembliesLoaded (0ms)
		ExecutionOrderSort2 (0ms)
		AwakeInstancesAfterBackupRestoration (16ms)
Refreshing native plugins compatible for Editor in 4.71 ms, found 3 plugins.
Preloading 0 native plugins for Editor in 0.00 ms.
Unloading 4318 Unused Serialized files (Serialized files now loaded: 0)
Unloading 19 unused Assets / (31.5 KB). Loaded Objects now: 4963.
Memory consumption went from 290.0 MB to 290.0 MB.
Total: 5.562626 ms (FindLiveObjects: 0.411155 ms CreateObjectMapping: 0.642339 ms MarkObjects: 4.456066 ms  DeleteObjects: 0.051962 ms)

Prepare: number of updated asset objects reloaded= 0
AssetImportParameters requested are different than current active one (requested -> active):
  custom:container-demuxer-ogg: 62fdf1f143b41e24485cea50d1cbac27 -> 
  custom:video-decoder-ogg-theora: a1e56fd34408186e4bbccfd4996cb3dc -> 
  custom:CustomObjectIndexerAttribute: 9a22284fe3817be447336de3de66b15e -> 
  custom:container-demuxer-webm: 4f35f7cbe854078d1ac9338744f61a02 -> 
  custom:container-muxer-webm: aa71ff27fc2769a1b78a27578f13a17b -> 
  custom:scripting/monoscript/fileName/LeaderBoardManager.cs: f79d843b29a22d0e6cb463c849a18400 -> 
  custom:scripting/monoscript/fileName/NetworkManager.cs: 5d227a124a4f614b5ab5a58e0800fccb -> e4fa93220985ebf211f3da91d4ced24a
  custom:video-decoder-webm-vp8: 9c59270c3fd7afecdb556c50c9e8de78 -> 
  custom:SearchIndexIgnoredProperties: e643bd26f0fe6173181afceb89e7c659 -> 
  custom:AudioImporter_EditorPlatform: 3918e3fc78b5a79bad01e8451be0beb8 -> 
  custom:framework-osx-AVFoundation: e770b220cccbd017edd2c1fefb359320 -> 
  custom:video-encoder-webm-vp8: eb34c28f22e8b96e1ab97ce403110664 -> 
  custom:audio-decoder-ogg-vorbis: bf7c407c2cedff20999df2af8eb42d56 -> 
  custom:audio-encoder-webm-vorbis: bf7c407c2cedff20999df2af8eb42d56 -> 
  custom:scripting/precompiled-assembly-types:Assembly-CSharp: 39fa54828574140d7ea9734c046c3f5e -> 3f7dda8ccb1a71ee7bfa3df822b70911
========================================================================
Received Prepare
Caller must complete domain reload
 #0 GetStacktrace(int)
 #1 DebugStringToFile(DebugStringToFileData const&)
 #2 AssertImplementation(int, char const*, int, int, char const*)
 #3 Internal_ADB_WorkerOnly_DomainReload(AssemblyLoadReason)
 #4 WorkerDomainReloadV2()
 #5 AssetImportWorkerClient::ReloadMonoDomain(AssetResolver&)
 #6 invocation function for block in AssetImportWorkerClient::HandleMessage(PrepareMessage const&)::$_4::operator()() const
 #7 _dispatch_client_callout
 #8 _dispatch_async_and_wait_invoke
 #9 _dispatch_client_callout
 #10 _dispatch_main_queue_drain
 #11 _dispatch_main_queue_callback_4CF
 #12 __CFRUNLOOP_IS_SERVICING_THE_MAIN_DISPATCH_QUEUE__
 #13 __CFRunLoopRun
 #14 CFRunLoopRunSpecific
 #15 RunCurrentEventLoopInMode
 #16 ReceiveNextEventCommon
 #17 _BlockUntilNextEventMatchingListInModeWithFilter
 #18 _DPSNextEvent
 #19 -[NSApplication(NSEvent) _nextEventMatchingEventMask:untilDate:inMode:dequeue:]
 #20 -[NSApplication run]
 #21 NSApplicationMain
 #22 EditorMain(int, char const**)
 #23 main
 #24 start

Begin MonoManager ReloadAssembly
- Loaded All Assemblies, in  0.591 seconds
Native extension for WindowsStandalone target not found
Native extension for iOS target not found
Native extension for Android target not found
Native extension for OSXStandalone target not found
Mono: successfully reloaded assembly
[Package Manager] Server::EnsureServerProcessIsRunning -- launch failed, reason: Unity was launched with the -noUpm command-line argument
[Package Manager] UpmClient::Send -- Unable to send message (not connected to UPM process).
[Package Manager] Cannot connect to Unity Package Manager local server
- Finished resetting the current domain, in  1.197 seconds
Domain Reload Profiling: 1788ms
	BeginReloadAssembly (199ms)
		ExecutionOrderSort (0ms)
		DisableScriptedObjects (16ms)
		BackupInstance (0ms)
		ReleaseScriptingObjects (0ms)
		CreateAndSetChildDomain (68ms)
	RebuildCommonClasses (48ms)
	RebuildNativeTypeToScriptingClass (16ms)
	initialDomainReloadingComplete (31ms)
	LoadAllAssembliesAndSetupDomain (297ms)
		LoadAssemblies (355ms)
		RebuildTransferFunctionScriptingTraits (0ms)
		AnalyzeDomain (22ms)
			TypeCache.Refresh (8ms)
				TypeCache.ScanAssembly (0ms)
			ScanForSourceGeneratedMonoScriptInfo (0ms)
			ResolveRequiredComponents (11ms)
	FinalizeReload (1198ms)
		ReleaseScriptCaches (0ms)
		RebuildScriptCaches (0ms)
		SetupLoadedEditorAssemblies (652ms)
			LogAssemblyErrors (0ms)
			InitializePlatformSupportModulesInManaged (40ms)
			SetLoadedEditorAssemblies (7ms)
			RefreshPlugins (0ms)
			BeforeProcessingInitializeOnLoad (88ms)
			ProcessInitializeOnLoadAttributes (457ms)
			ProcessInitializeOnLoadMethodAttributes (57ms)
			AfterProcessingInitializeOnLoad (2ms)
			EditorAssembliesLoaded (1ms)
		ExecutionOrderSort2 (0ms)
		AwakeInstancesAfterBackupRestoration (20ms)
Refreshing native plugins compatible for Editor in 4.59 ms, found 3 plugins.
Preloading 0 native plugins for Editor in 0.00 ms.
Unloading 4319 Unused Serialized files (Serialized files now loaded: 0)
Unloading 19 unused Assets / (31.3 KB). Loaded Objects now: 4967.
Memory consumption went from 294.6 MB to 294.6 MB.
Total: 5.709835 ms (FindLiveObjects: 0.481962 ms CreateObjectMapping: 0.424432 ms MarkObjects: 4.746969 ms  DeleteObjects: 0.055158 ms)

Prepare: number of updated asset objects reloaded= 0
AssetImportParameters requested are different than current active one (requested -> active):
  custom:container-demuxer-ogg: 62fdf1f143b41e24485cea50d1cbac27 -> 
  custom:video-decoder-ogg-theora: a1e56fd34408186e4bbccfd4996cb3dc -> 
  custom:CustomObjectIndexerAttribute: 9a22284fe3817be447336de3de66b15e -> 
  custom:container-demuxer-webm: 4f35f7cbe854078d1ac9338744f61a02 -> 
  custom:container-muxer-webm: aa71ff27fc2769a1b78a27578f13a17b -> 
  custom:scripting/monoscript/fileName/LeaderBoardManager.cs: f79d843b29a22d0e6cb463c849a18400 -> 
  custom:scripting/monoscript/fileName/NetworkManager.cs: 5d227a124a4f614b5ab5a58e0800fccb -> e4fa93220985ebf211f3da91d4ced24a
  custom:video-decoder-webm-vp8: 9c59270c3fd7afecdb556c50c9e8de78 -> 
  custom:SearchIndexIgnoredProperties: e643bd26f0fe6173181afceb89e7c659 -> 
  custom:AudioImporter_EditorPlatform: 3918e3fc78b5a79bad01e8451be0beb8 -> 
  custom:framework-osx-AVFoundation: e770b220cccbd017edd2c1fefb359320 -> 
  custom:video-encoder-webm-vp8: eb34c28f22e8b96e1ab97ce403110664 -> 
  custom:audio-decoder-ogg-vorbis: bf7c407c2cedff20999df2af8eb42d56 -> 
  custom:audio-encoder-webm-vorbis: bf7c407c2cedff20999df2af8eb42d56 -> 
  custom:scripting/precompiled-assembly-types:Assembly-CSharp: 39fa54828574140d7ea9734c046c3f5e -> 3f7dda8ccb1a71ee7bfa3df822b70911
========================================================================
Received Prepare
Caller must complete domain reload
 #0 GetStacktrace(int)
 #1 DebugStringToFile(DebugStringToFileData const&)
 #2 AssertImplementation(int, char const*, int, int, char const*)
 #3 Internal_ADB_WorkerOnly_DomainReload(AssemblyLoadReason)
 #4 WorkerDomainReloadV2()
 #5 AssetImportWorkerClient::ReloadMonoDomain(AssetResolver&)
 #6 invocation function for block in AssetImportWorkerClient::HandleMessage(PrepareMessage const&)::$_4::operator()() const
 #7 _dispatch_client_callout
 #8 _dispatch_async_and_wait_invoke
 #9 _dispatch_client_callout
 #10 _dispatch_main_queue_drain
 #11 _dispatch_main_queue_callback_4CF
 #12 __CFRUNLOOP_IS_SERVICING_THE_MAIN_DISPATCH_QUEUE__
 #13 __CFRunLoopRun
 #14 CFRunLoopRunSpecific
 #15 RunCurrentEventLoopInMode
 #16 ReceiveNextEventCommon
 #17 _BlockUntilNextEventMatchingListInModeWithFilter
 #18 _DPSNextEvent
 #19 -[NSApplication(NSEvent) _nextEventMatchingEventMask:untilDate:inMode:dequeue:]
 #20 -[NSApplication run]
 #21 NSApplicationMain
 #22 EditorMain(int, char const**)
 #23 main
 #24 start

Begin MonoManager ReloadAssembly
- Loaded All Assemblies, in  0.665 seconds
Native extension for WindowsStandalone target not found
Native extension for iOS target not found
Native extension for Android target not found
Native extension for OSXStandalone target not found
Mono: successfully reloaded assembly
[Package Manager] Server::EnsureServerProcessIsRunning -- launch failed, reason: Unity was launched with the -noUpm command-line argument
[Package Manager] UpmClient::Send -- Unable to send message (not connected to UPM process).
[Package Manager] Cannot connect to Unity Package Manager local server
- Finished resetting the current domain, in  2.034 seconds
Domain Reload Profiling: 2699ms
	BeginReloadAssembly (213ms)
		ExecutionOrderSort (0ms)
		DisableScriptedObjects (20ms)
		BackupInstance (0ms)
		ReleaseScriptingObjects (0ms)
		CreateAndSetChildDomain (70ms)
	RebuildCommonClasses (52ms)
	RebuildNativeTypeToScriptingClass (19ms)
	initialDomainReloadingComplete (36ms)
	LoadAllAssembliesAndSetupDomain (344ms)
		LoadAssemblies (412ms)
		RebuildTransferFunctionScriptingTraits (0ms)
		AnalyzeDomain (22ms)
			TypeCache.Refresh (9ms)
				TypeCache.ScanAssembly (0ms)
			ScanForSourceGeneratedMonoScriptInfo (0ms)
			ResolveRequiredComponents (10ms)
	FinalizeReload (2035ms)
		ReleaseScriptCaches (0ms)
		RebuildScriptCaches (0ms)
		SetupLoadedEditorAssemblies (730ms)
			LogAssemblyErrors (0ms)
			InitializePlatformSupportModulesInManaged (50ms)
			SetLoadedEditorAssemblies (9ms)
			RefreshPlugins (0ms)
			BeforeProcessingInitializeOnLoad (112ms)
			ProcessInitializeOnLoadAttributes (496ms)
			ProcessInitializeOnLoadMethodAttributes (61ms)
			AfterProcessingInitializeOnLoad (2ms)
			EditorAssembliesLoaded (1ms)
		ExecutionOrderSort2 (0ms)
		AwakeInstancesAfterBackupRestoration (17ms)
Refreshing native plugins compatible for Editor in 4.22 ms, found 3 plugins.
Preloading 0 native plugins for Editor in 0.00 ms.
Unloading 4319 Unused Serialized files (Serialized files now loaded: 0)
Unloading 19 unused Assets / (31.3 KB). Loaded Objects now: 4971.
Memory consumption went from 298.9 MB to 298.9 MB.
Total: 6.011960 ms (FindLiveObjects: 0.508566 ms CreateObjectMapping: 0.452979 ms MarkObjects: 4.992950 ms  DeleteObjects: 0.056381 ms)

Prepare: number of updated asset objects reloaded= 0
AssetImportParameters requested are different than current active one (requested -> active):
  custom:container-demuxer-ogg: 62fdf1f143b41e24485cea50d1cbac27 -> 
  custom:video-decoder-ogg-theora: a1e56fd34408186e4bbccfd4996cb3dc -> 
  custom:CustomObjectIndexerAttribute: 9a22284fe3817be447336de3de66b15e -> 
  custom:container-demuxer-webm: 4f35f7cbe854078d1ac9338744f61a02 -> 
  custom:container-muxer-webm: aa71ff27fc2769a1b78a27578f13a17b -> 
  custom:scripting/monoscript/fileName/LeaderBoardManager.cs: f79d843b29a22d0e6cb463c849a18400 -> 
  custom:scripting/monoscript/fileName/NetworkManager.cs: 5d227a124a4f614b5ab5a58e0800fccb -> e4fa93220985ebf211f3da91d4ced24a
  custom:video-decoder-webm-vp8: 9c59270c3fd7afecdb556c50c9e8de78 -> 
  custom:SearchIndexIgnoredProperties: e643bd26f0fe6173181afceb89e7c659 -> 
  custom:AudioImporter_EditorPlatform: 3918e3fc78b5a79bad01e8451be0beb8 -> 
  custom:framework-osx-AVFoundation: e770b220cccbd017edd2c1fefb359320 -> 
  custom:video-encoder-webm-vp8: eb34c28f22e8b96e1ab97ce403110664 -> 
  custom:audio-decoder-ogg-vorbis: bf7c407c2cedff20999df2af8eb42d56 -> 
  custom:audio-encoder-webm-vorbis: bf7c407c2cedff20999df2af8eb42d56 -> 
  custom:scripting/precompiled-assembly-types:Assembly-CSharp: 39fa54828574140d7ea9734c046c3f5e -> 3f7dda8ccb1a71ee7bfa3df822b70911
========================================================================
Received Prepare
Caller must complete domain reload
 #0 GetStacktrace(int)
 #1 DebugStringToFile(DebugStringToFileData const&)
 #2 AssertImplementation(int, char const*, int, int, char const*)
 #3 Internal_ADB_WorkerOnly_DomainReload(AssemblyLoadReason)
 #4 WorkerDomainReloadV2()
 #5 AssetImportWorkerClient::ReloadMonoDomain(AssetResolver&)
 #6 invocation function for block in AssetImportWorkerClient::HandleMessage(PrepareMessage const&)::$_4::operator()() const
 #7 _dispatch_client_callout
 #8 _dispatch_async_and_wait_invoke
 #9 _dispatch_client_callout
 #10 _dispatch_main_queue_drain
 #11 _dispatch_main_queue_callback_4CF
 #12 __CFRUNLOOP_IS_SERVICING_THE_MAIN_DISPATCH_QUEUE__
 #13 __CFRunLoopRun
 #14 CFRunLoopRunSpecific
 #15 RunCurrentEventLoopInMode
 #16 ReceiveNextEventCommon
 #17 _BlockUntilNextEventMatchingListInModeWithFilter
 #18 _DPSNextEvent
 #19 -[NSApplication(NSEvent) _nextEventMatchingEventMask:untilDate:inMode:dequeue:]
 #20 -[NSApplication run]
 #21 NSApplicationMain
 #22 EditorMain(int, char const**)
 #23 main
 #24 start

Begin MonoManager ReloadAssembly
- Loaded All Assemblies, in  0.657 seconds
Native extension for WindowsStandalone target not found
Native extension for iOS target not found
Native extension for Android target not found
Native extension for OSXStandalone target not found
Mono: successfully reloaded assembly
[Package Manager] Server::EnsureServerProcessIsRunning -- launch failed, reason: Unity was launched with the -noUpm command-line argument
[Package Manager] UpmClient::Send -- Unable to send message (not connected to UPM process).
[Package Manager] Cannot connect to Unity Package Manager local server
- Finished resetting the current domain, in  2.015 seconds
Domain Reload Profiling: 2671ms
	BeginReloadAssembly (223ms)
		ExecutionOrderSort (0ms)
		DisableScriptedObjects (17ms)
		BackupInstance (0ms)
		ReleaseScriptingObjects (0ms)
		CreateAndSetChildDomain (82ms)
	RebuildCommonClasses (50ms)
	RebuildNativeTypeToScriptingClass (16ms)
	initialDomainReloadingComplete (31ms)
	LoadAllAssembliesAndSetupDomain (336ms)
		LoadAssemblies (400ms)
		RebuildTransferFunctionScriptingTraits (0ms)
		AnalyzeDomain (23ms)
			TypeCache.Refresh (8ms)
				TypeCache.ScanAssembly (0ms)
			ScanForSourceGeneratedMonoScriptInfo (0ms)
			ResolveRequiredComponents (11ms)
	FinalizeReload (2016ms)
		ReleaseScriptCaches (0ms)
		RebuildScriptCaches (0ms)
		SetupLoadedEditorAssemblies (695ms)
			LogAssemblyErrors (0ms)
			InitializePlatformSupportModulesInManaged (64ms)
			SetLoadedEditorAssemblies (9ms)
			RefreshPlugins (0ms)
			BeforeProcessingInitializeOnLoad (120ms)
			ProcessInitializeOnLoadAttributes (452ms)
			ProcessInitializeOnLoadMethodAttributes (48ms)
			AfterProcessingInitializeOnLoad (2ms)
			EditorAssembliesLoaded (0ms)
		ExecutionOrderSort2 (0ms)
		AwakeInstancesAfterBackupRestoration (13ms)
Refreshing native plugins compatible for Editor in 4.11 ms, found 3 plugins.
Preloading 0 native plugins for Editor in 0.00 ms.
Unloading 4319 Unused Serialized files (Serialized files now loaded: 0)
Unloading 19 unused Assets / (31.3 KB). Loaded Objects now: 4975.
Memory consumption went from 303.3 MB to 303.2 MB.
Total: 6.710923 ms (FindLiveObjects: 0.527934 ms CreateObjectMapping: 0.502768 ms MarkObjects: 5.604675 ms  DeleteObjects: 0.074116 ms)

Prepare: number of updated asset objects reloaded= 0
AssetImportParameters requested are different than current active one (requested -> active):
  custom:container-demuxer-ogg: 62fdf1f143b41e24485cea50d1cbac27 -> 
  custom:video-decoder-ogg-theora: a1e56fd34408186e4bbccfd4996cb3dc -> 
  custom:CustomObjectIndexerAttribute: 9a22284fe3817be447336de3de66b15e -> 
  custom:container-demuxer-webm: 4f35f7cbe854078d1ac9338744f61a02 -> 
  custom:container-muxer-webm: aa71ff27fc2769a1b78a27578f13a17b -> 
  custom:scripting/monoscript/fileName/LeaderBoardManager.cs: f79d843b29a22d0e6cb463c849a18400 -> 
  custom:scripting/monoscript/fileName/NetworkManager.cs: 5d227a124a4f614b5ab5a58e0800fccb -> e4fa93220985ebf211f3da91d4ced24a
  custom:video-decoder-webm-vp8: 9c59270c3fd7afecdb556c50c9e8de78 -> 
  custom:SearchIndexIgnoredProperties: e643bd26f0fe6173181afceb89e7c659 -> 
  custom:AudioImporter_EditorPlatform: 3918e3fc78b5a79bad01e8451be0beb8 -> 
  custom:framework-osx-AVFoundation: e770b220cccbd017edd2c1fefb359320 -> 
  custom:video-encoder-webm-vp8: eb34c28f22e8b96e1ab97ce403110664 -> 
  custom:audio-decoder-ogg-vorbis: bf7c407c2cedff20999df2af8eb42d56 -> 
  custom:audio-encoder-webm-vorbis: bf7c407c2cedff20999df2af8eb42d56 -> 
  custom:scripting/precompiled-assembly-types:Assembly-CSharp: 39fa54828574140d7ea9734c046c3f5e -> 3f7dda8ccb1a71ee7bfa3df822b70911
========================================================================
Received Import Request.
  Time since last request: 799.275031 seconds.
  path: Assets/Scenes/Levels/Suit Room.unity
  artifactKey: Guid(d8d219590ca3643b4b88ead4580cdcf5) Importer(815301076,1909f56bfc062723c751e8b465ee728b)
Start importing Assets/Scenes/Levels/Suit Room.unity using Guid(d8d219590ca3643b4b88ead4580cdcf5) Importer(815301076,1909f56bfc062723c751e8b465ee728b) [PhysX] Initialized MultithreadedTaskDispatcher with 8 workers.
 -> (artifact id: '9dd9a330f58fca4b846121b51f21a4c7') in 0.002003 seconds
Number of updated asset objects reloaded before import = 0
Number of asset objects unloaded after import = 0
========================================================================
Received Import Request.
  Time since last request: 1.419605 seconds.
  path: Assets/Scenes/Levels/LevelTwo.unity
  artifactKey: Guid(76dbbd45c79fb4784aac9839d0ba0513) Importer(815301076,1909f56bfc062723c751e8b465ee728b)
Start importing Assets/Scenes/Levels/LevelTwo.unity using Guid(76dbbd45c79fb4784aac9839d0ba0513) Importer(815301076,1909f56bfc062723c751e8b465ee728b) [PhysX] Initialized MultithreadedTaskDispatcher with 8 workers.
 -> (artifact id: 'd27fa80a829a7171aa9956e4e9ab171a') in 0.000466 seconds
Number of updated asset objects reloaded before import = 0
Number of asset objects unloaded after import = 0
========================================================================
Received Import Request.
  Time since last request: 1.010684 seconds.
  path: Assets/Scenes/Levels/LevelOne.unity
  artifactKey: Guid(c2be75f7a025b49f28ec61964c1f5bba) Importer(815301076,1909f56bfc062723c751e8b465ee728b)
Start importing Assets/Scenes/Levels/LevelOne.unity using Guid(c2be75f7a025b49f28ec61964c1f5bba) Importer(815301076,1909f56bfc062723c751e8b465ee728b) [PhysX] Initialized MultithreadedTaskDispatcher with 8 workers.
 -> (artifact id: '2d1ca26a474eaaba7f90480f17be2452') in 0.000473 seconds
Number of updated asset objects reloaded before import = 0
Number of asset objects unloaded after import = 0
========================================================================
Received Prepare
Caller must complete domain reload
 #0 GetStacktrace(int)
 #1 DebugStringToFile(DebugStringToFileData const&)
 #2 AssertImplementation(int, char const*, int, int, char const*)
 #3 Internal_ADB_WorkerOnly_DomainReload(AssemblyLoadReason)
 #4 WorkerDomainReloadV2()
 #5 AssetImportWorkerClient::ReloadMonoDomain(AssetResolver&)
 #6 invocation function for block in AssetImportWorkerClient::HandleMessage(PrepareMessage const&)::$_4::operator()() const
 #7 _dispatch_client_callout
 #8 _dispatch_async_and_wait_invoke
 #9 _dispatch_client_callout
 #10 _dispatch_main_queue_drain
 #11 _dispatch_main_queue_callback_4CF
 #12 __CFRUNLOOP_IS_SERVICING_THE_MAIN_DISPATCH_QUEUE__
 #13 __CFRunLoopRun
 #14 CFRunLoopRunSpecific
 #15 RunCurrentEventLoopInMode
 #16 ReceiveNextEventCommon
 #17 _BlockUntilNextEventMatchingListInModeWithFilter
 #18 _DPSNextEvent
 #19 -[NSApplication(NSEvent) _nextEventMatchingEventMask:untilDate:inMode:dequeue:]
 #20 -[NSApplication run]
 #21 NSApplicationMain
 #22 EditorMain(int, char const**)
 #23 main
 #24 start

Begin MonoManager ReloadAssembly
- Loaded All Assemblies, in  0.686 seconds
Native extension for WindowsStandalone target not found
Native extension for iOS target not found
Native extension for Android target not found
Native extension for OSXStandalone target not found
Mono: successfully reloaded assembly
[Package Manager] Server::EnsureServerProcessIsRunning -- launch failed, reason: Unity was launched with the -noUpm command-line argument
[Package Manager] UpmClient::Send -- Unable to send message (not connected to UPM process).
[Package Manager] Cannot connect to Unity Package Manager local server
- Finished resetting the current domain, in  1.962 seconds
Domain Reload Profiling: 2648ms
	BeginReloadAssembly (220ms)
		ExecutionOrderSort (0ms)
		DisableScriptedObjects (16ms)
		BackupInstance (0ms)
		ReleaseScriptingObjects (0ms)
		CreateAndSetChildDomain (77ms)
	RebuildCommonClasses (51ms)
	RebuildNativeTypeToScriptingClass (17ms)
	initialDomainReloadingComplete (34ms)
	LoadAllAssembliesAndSetupDomain (362ms)
		LoadAssemblies (409ms)
		RebuildTransferFunctionScriptingTraits (0ms)
		AnalyzeDomain (45ms)
			TypeCache.Refresh (14ms)
				TypeCache.ScanAssembly (3ms)
			ScanForSourceGeneratedMonoScriptInfo (17ms)
			ResolveRequiredComponents (10ms)
	FinalizeReload (1963ms)
		ReleaseScriptCaches (0ms)
		RebuildScriptCaches (0ms)
		SetupLoadedEditorAssemblies (675ms)
			LogAssemblyErrors (0ms)
			InitializePlatformSupportModulesInManaged (56ms)
			SetLoadedEditorAssemblies (8ms)
			RefreshPlugins (0ms)
			BeforeProcessingInitializeOnLoad (114ms)
			ProcessInitializeOnLoadAttributes (431ms)
			ProcessInitializeOnLoadMethodAttributes (62ms)
			AfterProcessingInitializeOnLoad (2ms)
			EditorAssembliesLoaded (0ms)
		ExecutionOrderSort2 (0ms)
		AwakeInstancesAfterBackupRestoration (18ms)
Refreshing native plugins compatible for Editor in 4.72 ms, found 3 plugins.
Preloading 0 native plugins for Editor in 0.00 ms.
Unloading 4318 Unused Serialized files (Serialized files now loaded: 0)
Unloading 19 unused Assets / (31.3 KB). Loaded Objects now: 4979.
Memory consumption went from 307.6 MB to 307.6 MB.
Total: 5.451561 ms (FindLiveObjects: 0.541346 ms CreateObjectMapping: 0.482488 ms MarkObjects: 4.373163 ms  DeleteObjects: 0.053485 ms)

Prepare: number of updated asset objects reloaded= 0
AssetImportParameters requested are different than current active one (requested -> active):
  custom:container-demuxer-ogg: 62fdf1f143b41e24485cea50d1cbac27 -> 
  custom:video-decoder-ogg-theora: a1e56fd34408186e4bbccfd4996cb3dc -> 
  custom:CustomObjectIndexerAttribute: 9a22284fe3817be447336de3de66b15e -> 
  custom:container-demuxer-webm: 4f35f7cbe854078d1ac9338744f61a02 -> 
  custom:container-muxer-webm: aa71ff27fc2769a1b78a27578f13a17b -> 
  custom:scripting/monoscript/fileName/LeaderBoardManager.cs: f79d843b29a22d0e6cb463c849a18400 -> 
  custom:scripting/monoscript/fileName/NetworkManager.cs: 5d227a124a4f614b5ab5a58e0800fccb -> e4fa93220985ebf211f3da91d4ced24a
  custom:video-decoder-webm-vp8: 9c59270c3fd7afecdb556c50c9e8de78 -> 
  custom:SearchIndexIgnoredProperties: e643bd26f0fe6173181afceb89e7c659 -> 
  custom:AudioImporter_EditorPlatform: 3918e3fc78b5a79bad01e8451be0beb8 -> 
  custom:framework-osx-AVFoundation: e770b220cccbd017edd2c1fefb359320 -> 
  custom:video-encoder-webm-vp8: eb34c28f22e8b96e1ab97ce403110664 -> 
  custom:audio-decoder-ogg-vorbis: bf7c407c2cedff20999df2af8eb42d56 -> 
  custom:audio-encoder-webm-vorbis: bf7c407c2cedff20999df2af8eb42d56 -> 
  custom:scripting/precompiled-assembly-types:Assembly-CSharp: 39fa54828574140d7ea9734c046c3f5e -> 3f7dda8ccb1a71ee7bfa3df822b70911
========================================================================
Received Prepare
Caller must complete domain reload
 #0 GetStacktrace(int)
 #1 DebugStringToFile(DebugStringToFileData const&)
 #2 AssertImplementation(int, char const*, int, int, char const*)
 #3 Internal_ADB_WorkerOnly_DomainReload(AssemblyLoadReason)
 #4 WorkerDomainReloadV2()
 #5 AssetImportWorkerClient::ReloadMonoDomain(AssetResolver&)
 #6 invocation function for block in AssetImportWorkerClient::HandleMessage(PrepareMessage const&)::$_4::operator()() const
 #7 _dispatch_client_callout
 #8 _dispatch_async_and_wait_invoke
 #9 _dispatch_client_callout
 #10 _dispatch_main_queue_drain
 #11 _dispatch_main_queue_callback_4CF
 #12 __CFRUNLOOP_IS_SERVICING_THE_MAIN_DISPATCH_QUEUE__
 #13 __CFRunLoopRun
 #14 CFRunLoopRunSpecific
 #15 RunCurrentEventLoopInMode
 #16 ReceiveNextEventCommon
 #17 _BlockUntilNextEventMatchingListInModeWithFilter
 #18 _DPSNextEvent
 #19 -[NSApplication(NSEvent) _nextEventMatchingEventMask:untilDate:inMode:dequeue:]
 #20 -[NSApplication run]
 #21 NSApplicationMain
 #22 EditorMain(int, char const**)
 #23 main
 #24 start

Begin MonoManager ReloadAssembly
- Loaded All Assemblies, in  0.618 seconds
Native extension for WindowsStandalone target not found
Native extension for iOS target not found
Native extension for Android target not found
Native extension for OSXStandalone target not found
Mono: successfully reloaded assembly
[Package Manager] Server::EnsureServerProcessIsRunning -- launch failed, reason: Unity was launched with the -noUpm command-line argument
[Package Manager] UpmClient::Send -- Unable to send message (not connected to UPM process).
[Package Manager] Cannot connect to Unity Package Manager local server
- Finished resetting the current domain, in  1.289 seconds
Domain Reload Profiling: 1907ms
	BeginReloadAssembly (215ms)
		ExecutionOrderSort (0ms)
		DisableScriptedObjects (17ms)
		BackupInstance (0ms)
		ReleaseScriptingObjects (0ms)
		CreateAndSetChildDomain (77ms)
	RebuildCommonClasses (50ms)
	RebuildNativeTypeToScriptingClass (16ms)
	initialDomainReloadingComplete (31ms)
	LoadAllAssembliesAndSetupDomain (304ms)
		LoadAssemblies (367ms)
		RebuildTransferFunctionScriptingTraits (0ms)
		AnalyzeDomain (22ms)
			TypeCache.Refresh (8ms)
				TypeCache.ScanAssembly (0ms)
			ScanForSourceGeneratedMonoScriptInfo (0ms)
			ResolveRequiredComponents (10ms)
	FinalizeReload (1290ms)
		ReleaseScriptCaches (0ms)
		RebuildScriptCaches (0ms)
		SetupLoadedEditorAssemblies (722ms)
			LogAssemblyErrors (0ms)
			InitializePlatformSupportModulesInManaged (53ms)
			SetLoadedEditorAssemblies (10ms)
			RefreshPlugins (0ms)
			BeforeProcessingInitializeOnLoad (114ms)
			ProcessInitializeOnLoadAttributes (489ms)
			ProcessInitializeOnLoadMethodAttributes (53ms)
			AfterProcessingInitializeOnLoad (2ms)
			EditorAssembliesLoaded (0ms)
		ExecutionOrderSort2 (0ms)
		AwakeInstancesAfterBackupRestoration (13ms)
Refreshing native plugins compatible for Editor in 4.30 ms, found 3 plugins.
Preloading 0 native plugins for Editor in 0.00 ms.
Unloading 4319 Unused Serialized files (Serialized files now loaded: 0)
Unloading 19 unused Assets / (31.4 KB). Loaded Objects now: 4983.
Memory consumption went from 312.2 MB to 312.2 MB.
Total: 6.421748 ms (FindLiveObjects: 0.417198 ms CreateObjectMapping: 0.535422 ms MarkObjects: 5.412594 ms  DeleteObjects: 0.055188 ms)

Prepare: number of updated asset objects reloaded= 0
AssetImportParameters requested are different than current active one (requested -> active):
  custom:container-demuxer-ogg: 62fdf1f143b41e24485cea50d1cbac27 -> 
  custom:video-decoder-ogg-theora: a1e56fd34408186e4bbccfd4996cb3dc -> 
  custom:CustomObjectIndexerAttribute: 9a22284fe3817be447336de3de66b15e -> 
  custom:container-demuxer-webm: 4f35f7cbe854078d1ac9338744f61a02 -> 
  custom:container-muxer-webm: aa71ff27fc2769a1b78a27578f13a17b -> 
  custom:scripting/monoscript/fileName/LeaderBoardManager.cs: f79d843b29a22d0e6cb463c849a18400 -> 
  custom:scripting/monoscript/fileName/NetworkManager.cs: 5d227a124a4f614b5ab5a58e0800fccb -> e4fa93220985ebf211f3da91d4ced24a
  custom:video-decoder-webm-vp8: 9c59270c3fd7afecdb556c50c9e8de78 -> 
  custom:SearchIndexIgnoredProperties: e643bd26f0fe6173181afceb89e7c659 -> 
  custom:AudioImporter_EditorPlatform: 3918e3fc78b5a79bad01e8451be0beb8 -> 
  custom:framework-osx-AVFoundation: e770b220cccbd017edd2c1fefb359320 -> 
  custom:video-encoder-webm-vp8: eb34c28f22e8b96e1ab97ce403110664 -> 
  custom:audio-decoder-ogg-vorbis: bf7c407c2cedff20999df2af8eb42d56 -> 
  custom:audio-encoder-webm-vorbis: bf7c407c2cedff20999df2af8eb42d56 -> 
  custom:scripting/precompiled-assembly-types:Assembly-CSharp: 39fa54828574140d7ea9734c046c3f5e -> 3f7dda8ccb1a71ee7bfa3df822b70911
========================================================================
Received Prepare
Caller must complete domain reload
 #0 GetStacktrace(int)
 #1 DebugStringToFile(DebugStringToFileData const&)
 #2 AssertImplementation(int, char const*, int, int, char const*)
 #3 Internal_ADB_WorkerOnly_DomainReload(AssemblyLoadReason)
 #4 WorkerDomainReloadV2()
 #5 AssetImportWorkerClient::ReloadMonoDomain(AssetResolver&)
 #6 invocation function for block in AssetImportWorkerClient::HandleMessage(PrepareMessage const&)::$_4::operator()() const
 #7 _dispatch_client_callout
 #8 _dispatch_async_and_wait_invoke
 #9 _dispatch_client_callout
 #10 _dispatch_main_queue_drain
 #11 _dispatch_main_queue_callback_4CF
 #12 __CFRUNLOOP_IS_SERVICING_THE_MAIN_DISPATCH_QUEUE__
 #13 __CFRunLoopRun
 #14 CFRunLoopRunSpecific
 #15 RunCurrentEventLoopInMode
 #16 ReceiveNextEventCommon
 #17 _BlockUntilNextEventMatchingListInModeWithFilter
 #18 _DPSNextEvent
 #19 -[NSApplication(NSEvent) _nextEventMatchingEventMask:untilDate:inMode:dequeue:]
 #20 -[NSApplication run]
 #21 NSApplicationMain
 #22 EditorMain(int, char const**)
 #23 main
 #24 start

Begin MonoManager ReloadAssembly
- Loaded All Assemblies, in  0.596 seconds
Native extension for WindowsStandalone target not found
Native extension for iOS target not found
Native extension for Android target not found
Native extension for OSXStandalone target not found
Mono: successfully reloaded assembly
[Package Manager] Server::EnsureServerProcessIsRunning -- launch failed, reason: Unity was launched with the -noUpm command-line argument
[Package Manager] UpmClient::Send -- Unable to send message (not connected to UPM process).
[Package Manager] Cannot connect to Unity Package Manager local server
- Finished resetting the current domain, in  1.129 seconds
Domain Reload Profiling: 1725ms
	BeginReloadAssembly (193ms)
		ExecutionOrderSort (0ms)
		DisableScriptedObjects (15ms)
		BackupInstance (0ms)
		ReleaseScriptingObjects (0ms)
		CreateAndSetChildDomain (64ms)
	RebuildCommonClasses (51ms)
	RebuildNativeTypeToScriptingClass (17ms)
	initialDomainReloadingComplete (32ms)
	LoadAllAssembliesAndSetupDomain (303ms)
		LoadAssemblies (362ms)
		RebuildTransferFunctionScriptingTraits (0ms)
		AnalyzeDomain (23ms)
			TypeCache.Refresh (8ms)
				TypeCache.ScanAssembly (0ms)
			ScanForSourceGeneratedMonoScriptInfo (0ms)
			ResolveRequiredComponents (11ms)
	FinalizeReload (1129ms)
		ReleaseScriptCaches (0ms)
		RebuildScriptCaches (0ms)
		SetupLoadedEditorAssemblies (589ms)
			LogAssemblyErrors (0ms)
			InitializePlatformSupportModulesInManaged (37ms)
			SetLoadedEditorAssemblies (8ms)
			RefreshPlugins (0ms)
			BeforeProcessingInitializeOnLoad (88ms)
			ProcessInitializeOnLoadAttributes (401ms)
			ProcessInitializeOnLoadMethodAttributes (52ms)
			AfterProcessingInitializeOnLoad (3ms)
			EditorAssembliesLoaded (0ms)
		ExecutionOrderSort2 (0ms)
		AwakeInstancesAfterBackupRestoration (15ms)
Refreshing native plugins compatible for Editor in 4.09 ms, found 3 plugins.
Preloading 0 native plugins for Editor in 0.00 ms.
Unloading 4319 Unused Serialized files (Serialized files now loaded: 0)
Unloading 19 unused Assets / (31.3 KB). Loaded Objects now: 4987.
Memory consumption went from 316.6 MB to 316.5 MB.
Total: 5.741833 ms (FindLiveObjects: 0.381405 ms CreateObjectMapping: 0.537248 ms MarkObjects: 4.751874 ms  DeleteObjects: 0.070137 ms)

Prepare: number of updated asset objects reloaded= 0
AssetImportParameters requested are different than current active one (requested -> active):
  custom:container-demuxer-ogg: 62fdf1f143b41e24485cea50d1cbac27 -> 
  custom:video-decoder-ogg-theora: a1e56fd34408186e4bbccfd4996cb3dc -> 
  custom:CustomObjectIndexerAttribute: 9a22284fe3817be447336de3de66b15e -> 
  custom:container-demuxer-webm: 4f35f7cbe854078d1ac9338744f61a02 -> 
  custom:container-muxer-webm: aa71ff27fc2769a1b78a27578f13a17b -> 
  custom:scripting/monoscript/fileName/LeaderBoardManager.cs: f79d843b29a22d0e6cb463c849a18400 -> 
  custom:scripting/monoscript/fileName/NetworkManager.cs: 5d227a124a4f614b5ab5a58e0800fccb -> e4fa93220985ebf211f3da91d4ced24a
  custom:video-decoder-webm-vp8: 9c59270c3fd7afecdb556c50c9e8de78 -> 
  custom:SearchIndexIgnoredProperties: e643bd26f0fe6173181afceb89e7c659 -> 
  custom:AudioImporter_EditorPlatform: 3918e3fc78b5a79bad01e8451be0beb8 -> 
  custom:framework-osx-AVFoundation: e770b220cccbd017edd2c1fefb359320 -> 
  custom:video-encoder-webm-vp8: eb34c28f22e8b96e1ab97ce403110664 -> 
  custom:audio-decoder-ogg-vorbis: bf7c407c2cedff20999df2af8eb42d56 -> 
  custom:audio-encoder-webm-vorbis: bf7c407c2cedff20999df2af8eb42d56 -> 
  custom:scripting/precompiled-assembly-types:Assembly-CSharp: 39fa54828574140d7ea9734c046c3f5e -> 3f7dda8ccb1a71ee7bfa3df822b70911
========================================================================
Received Import Request.
  Time since last request: 2281.945693 seconds.
  path: Assets/Scripts/Scene Manager/Scene Manager.cs
  artifactKey: Guid(5d3233c21ab4a44d1899b0ba5d4d331b) Importer(815301076,1909f56bfc062723c751e8b465ee728b)
Start importing Assets/Scripts/Scene Manager/Scene Manager.cs using Guid(5d3233c21ab4a44d1899b0ba5d4d331b) Importer(815301076,1909f56bfc062723c751e8b465ee728b) [PhysX] Initialized MultithreadedTaskDispatcher with 8 workers.
 -> (artifact id: 'a3a88c1927f88e23939a40a26b5b5102') in 0.013158 seconds
Number of updated asset objects reloaded before import = 0
Number of asset objects unloaded after import = 0
========================================================================
Received Prepare
Caller must complete domain reload
 #0 GetStacktrace(int)
 #1 DebugStringToFile(DebugStringToFileData const&)
 #2 AssertImplementation(int, char const*, int, int, char const*)
 #3 Internal_ADB_WorkerOnly_DomainReload(AssemblyLoadReason)
 #4 WorkerDomainReloadV2()
 #5 AssetImportWorkerClient::ReloadMonoDomain(AssetResolver&)
 #6 invocation function for block in AssetImportWorkerClient::HandleMessage(PrepareMessage const&)::$_4::operator()() const
 #7 _dispatch_client_callout
 #8 _dispatch_async_and_wait_invoke
 #9 _dispatch_client_callout
 #10 _dispatch_main_queue_drain
 #11 _dispatch_main_queue_callback_4CF
 #12 __CFRUNLOOP_IS_SERVICING_THE_MAIN_DISPATCH_QUEUE__
 #13 __CFRunLoopRun
 #14 CFRunLoopRunSpecific
 #15 RunCurrentEventLoopInMode
 #16 ReceiveNextEventCommon
 #17 _BlockUntilNextEventMatchingListInModeWithFilter
 #18 _DPSNextEvent
 #19 -[NSApplication(NSEvent) _nextEventMatchingEventMask:untilDate:inMode:dequeue:]
 #20 -[NSApplication run]
 #21 NSApplicationMain
 #22 EditorMain(int, char const**)
 #23 main
 #24 start

Begin MonoManager ReloadAssembly
- Loaded All Assemblies, in  1.141 seconds
Native extension for WindowsStandalone target not found
Native extension for iOS target not found
Native extension for Android target not found
Native extension for OSXStandalone target not found
Mono: successfully reloaded assembly
[Package Manager] Server::EnsureServerProcessIsRunning -- launch failed, reason: Unity was launched with the -noUpm command-line argument
[Package Manager] UpmClient::Send -- Unable to send message (not connected to UPM process).
[Package Manager] Cannot connect to Unity Package Manager local server
- Finished resetting the current domain, in  2.660 seconds
Domain Reload Profiling: 3801ms
	BeginReloadAssembly (346ms)
		ExecutionOrderSort (0ms)
		DisableScriptedObjects (27ms)
		BackupInstance (0ms)
		ReleaseScriptingObjects (0ms)
		CreateAndSetChildDomain (122ms)
	RebuildCommonClasses (68ms)
	RebuildNativeTypeToScriptingClass (22ms)
	initialDomainReloadingComplete (53ms)
	LoadAllAssembliesAndSetupDomain (652ms)
		LoadAssemblies (729ms)
		RebuildTransferFunctionScriptingTraits (0ms)
		AnalyzeDomain (71ms)
			TypeCache.Refresh (23ms)
				TypeCache.ScanAssembly (4ms)
			ScanForSourceGeneratedMonoScriptInfo (27ms)
			ResolveRequiredComponents (16ms)
	FinalizeReload (2661ms)
		ReleaseScriptCaches (0ms)
		RebuildScriptCaches (0ms)
		SetupLoadedEditorAssemblies (886ms)
			LogAssemblyErrors (0ms)
			InitializePlatformSupportModulesInManaged (86ms)
			SetLoadedEditorAssemblies (12ms)
			RefreshPlugins (0ms)
			BeforeProcessingInitializeOnLoad (141ms)
			ProcessInitializeOnLoadAttributes (574ms)
			ProcessInitializeOnLoadMethodAttributes (69ms)
			AfterProcessingInitializeOnLoad (3ms)
			EditorAssembliesLoaded (1ms)
		ExecutionOrderSort2 (0ms)
		AwakeInstancesAfterBackupRestoration (20ms)
Refreshing native plugins compatible for Editor in 5.27 ms, found 3 plugins.
Preloading 0 native plugins for Editor in 0.00 ms.
Unloading 4318 Unused Serialized files (Serialized files now loaded: 0)
Unloading 19 unused Assets / (31.4 KB). Loaded Objects now: 4991.
Memory consumption went from 320.9 MB to 320.9 MB.
Total: 5.903705 ms (FindLiveObjects: 0.470996 ms CreateObjectMapping: 0.465391 ms MarkObjects: 4.912232 ms  DeleteObjects: 0.052977 ms)

Prepare: number of updated asset objects reloaded= 0
AssetImportParameters requested are different than current active one (requested -> active):
  custom:container-demuxer-ogg: 62fdf1f143b41e24485cea50d1cbac27 -> 
  custom:video-decoder-ogg-theora: a1e56fd34408186e4bbccfd4996cb3dc -> 
  custom:CustomObjectIndexerAttribute: 9a22284fe3817be447336de3de66b15e -> 
  custom:container-demuxer-webm: 4f35f7cbe854078d1ac9338744f61a02 -> 
  custom:container-muxer-webm: aa71ff27fc2769a1b78a27578f13a17b -> 
  custom:scripting/monoscript/fileName/LeaderBoardManager.cs: f79d843b29a22d0e6cb463c849a18400 -> 
  custom:scripting/monoscript/fileName/NetworkManager.cs: 5d227a124a4f614b5ab5a58e0800fccb -> e4fa93220985ebf211f3da91d4ced24a
  custom:video-decoder-webm-vp8: 9c59270c3fd7afecdb556c50c9e8de78 -> 
  custom:SearchIndexIgnoredProperties: e643bd26f0fe6173181afceb89e7c659 -> 
  custom:AudioImporter_EditorPlatform: 3918e3fc78b5a79bad01e8451be0beb8 -> 
  custom:framework-osx-AVFoundation: e770b220cccbd017edd2c1fefb359320 -> 
  custom:video-encoder-webm-vp8: eb34c28f22e8b96e1ab97ce403110664 -> 
  custom:audio-decoder-ogg-vorbis: bf7c407c2cedff20999df2af8eb42d56 -> 
  custom:audio-encoder-webm-vorbis: bf7c407c2cedff20999df2af8eb42d56 -> 
  custom:scripting/precompiled-assembly-types:Assembly-CSharp: 39fa54828574140d7ea9734c046c3f5e -> 3f7dda8ccb1a71ee7bfa3df822b70911
========================================================================
Received Import Request.
  Time since last request: 38.759840 seconds.
  path: Assets/Scripts/Scene Manager/Scene Manager.cs
  artifactKey: Guid(5d3233c21ab4a44d1899b0ba5d4d331b) Importer(815301076,1909f56bfc062723c751e8b465ee728b)
Start importing Assets/Scripts/Scene Manager/Scene Manager.cs using Guid(5d3233c21ab4a44d1899b0ba5d4d331b) Importer(815301076,1909f56bfc062723c751e8b465ee728b) [PhysX] Initialized MultithreadedTaskDispatcher with 8 workers.
 -> (artifact id: '9a44871332b03d1b16fe75c049221814') in 0.002244 seconds
Number of updated asset objects reloaded before import = 0
Number of asset objects unloaded after import = 0
========================================================================
Received Prepare
Caller must complete domain reload
 #0 GetStacktrace(int)
 #1 DebugStringToFile(DebugStringToFileData const&)
 #2 AssertImplementation(int, char const*, int, int, char const*)
 #3 Internal_ADB_WorkerOnly_DomainReload(AssemblyLoadReason)
 #4 WorkerDomainReloadV2()
 #5 AssetImportWorkerClient::ReloadMonoDomain(AssetResolver&)
 #6 invocation function for block in AssetImportWorkerClient::HandleMessage(PrepareMessage const&)::$_4::operator()() const
 #7 _dispatch_client_callout
 #8 _dispatch_async_and_wait_invoke
 #9 _dispatch_client_callout
 #10 _dispatch_main_queue_drain
 #11 _dispatch_main_queue_callback_4CF
 #12 __CFRUNLOOP_IS_SERVICING_THE_MAIN_DISPATCH_QUEUE__
 #13 __CFRunLoopRun
 #14 CFRunLoopRunSpecific
 #15 RunCurrentEventLoopInMode
 #16 ReceiveNextEventCommon
 #17 _BlockUntilNextEventMatchingListInModeWithFilter
 #18 _DPSNextEvent
 #19 -[NSApplication(NSEvent) _nextEventMatchingEventMask:untilDate:inMode:dequeue:]
 #20 -[NSApplication run]
 #21 NSApplicationMain
 #22 EditorMain(int, char const**)
 #23 main
 #24 start

Begin MonoManager ReloadAssembly
- Loaded All Assemblies, in  0.812 seconds
Native extension for WindowsStandalone target not found
Native extension for iOS target not found
Native extension for Android target not found
Native extension for OSXStandalone target not found
Mono: successfully reloaded assembly
[Package Manager] Server::EnsureServerProcessIsRunning -- launch failed, reason: Unity was launched with the -noUpm command-line argument
[Package Manager] UpmClient::Send -- Unable to send message (not connected to UPM process).
[Package Manager] Cannot connect to Unity Package Manager local server
- Finished resetting the current domain, in  1.693 seconds
Domain Reload Profiling: 2504ms
	BeginReloadAssembly (254ms)
		ExecutionOrderSort (0ms)
		DisableScriptedObjects (20ms)
		BackupInstance (0ms)
		ReleaseScriptingObjects (0ms)
		CreateAndSetChildDomain (85ms)
	RebuildCommonClasses (67ms)
	RebuildNativeTypeToScriptingClass (21ms)
	initialDomainReloadingComplete (41ms)
	LoadAllAssembliesAndSetupDomain (427ms)
		LoadAssemblies (477ms)
		RebuildTransferFunctionScriptingTraits (0ms)
		AnalyzeDomain (60ms)
			TypeCache.Refresh (17ms)
				TypeCache.ScanAssembly (3ms)
			ScanForSourceGeneratedMonoScriptInfo (22ms)
			ResolveRequiredComponents (14ms)
	FinalizeReload (1694ms)
		ReleaseScriptCaches (0ms)
		RebuildScriptCaches (0ms)
		SetupLoadedEditorAssemblies (922ms)
			LogAssemblyErrors (0ms)
			InitializePlatformSupportModulesInManaged (62ms)
			SetLoadedEditorAssemblies (9ms)
			RefreshPlugins (0ms)
			BeforeProcessingInitializeOnLoad (142ms)
			ProcessInitializeOnLoadAttributes (627ms)
			ProcessInitializeOnLoadMethodAttributes (77ms)
			AfterProcessingInitializeOnLoad (3ms)
			EditorAssembliesLoaded (1ms)
		ExecutionOrderSort2 (0ms)
		AwakeInstancesAfterBackupRestoration (22ms)
Refreshing native plugins compatible for Editor in 5.62 ms, found 3 plugins.
Preloading 0 native plugins for Editor in 0.00 ms.
Unloading 4318 Unused Serialized files (Serialized files now loaded: 0)
Unloading 19 unused Assets / (31.3 KB). Loaded Objects now: 4995.
Memory consumption went from 325.5 MB to 325.4 MB.
Total: 7.169679 ms (FindLiveObjects: 0.531706 ms CreateObjectMapping: 0.492348 ms MarkObjects: 6.086580 ms  DeleteObjects: 0.057632 ms)

Prepare: number of updated asset objects reloaded= 0
AssetImportParameters requested are different than current active one (requested -> active):
  custom:container-demuxer-ogg: 62fdf1f143b41e24485cea50d1cbac27 -> 
  custom:video-decoder-ogg-theora: a1e56fd34408186e4bbccfd4996cb3dc -> 
  custom:CustomObjectIndexerAttribute: 9a22284fe3817be447336de3de66b15e -> 
  custom:container-demuxer-webm: 4f35f7cbe854078d1ac9338744f61a02 -> 
  custom:container-muxer-webm: aa71ff27fc2769a1b78a27578f13a17b -> 
  custom:scripting/monoscript/fileName/LeaderBoardManager.cs: f79d843b29a22d0e6cb463c849a18400 -> 
  custom:scripting/monoscript/fileName/NetworkManager.cs: 5d227a124a4f614b5ab5a58e0800fccb -> e4fa93220985ebf211f3da91d4ced24a
  custom:video-decoder-webm-vp8: 9c59270c3fd7afecdb556c50c9e8de78 -> 
  custom:SearchIndexIgnoredProperties: e643bd26f0fe6173181afceb89e7c659 -> 
  custom:AudioImporter_EditorPlatform: 3918e3fc78b5a79bad01e8451be0beb8 -> 
  custom:framework-osx-AVFoundation: e770b220cccbd017edd2c1fefb359320 -> 
  custom:video-encoder-webm-vp8: eb34c28f22e8b96e1ab97ce403110664 -> 
  custom:audio-decoder-ogg-vorbis: bf7c407c2cedff20999df2af8eb42d56 -> 
  custom:audio-encoder-webm-vorbis: bf7c407c2cedff20999df2af8eb42d56 -> 
  custom:scripting/precompiled-assembly-types:Assembly-CSharp: 39fa54828574140d7ea9734c046c3f5e -> 3f7dda8ccb1a71ee7bfa3df822b70911
========================================================================
Received Prepare
Caller must complete domain reload
 #0 GetStacktrace(int)
 #1 DebugStringToFile(DebugStringToFileData const&)
 #2 AssertImplementation(int, char const*, int, int, char const*)
 #3 Internal_ADB_WorkerOnly_DomainReload(AssemblyLoadReason)
 #4 WorkerDomainReloadV2()
 #5 AssetImportWorkerClient::ReloadMonoDomain(AssetResolver&)
 #6 invocation function for block in AssetImportWorkerClient::HandleMessage(PrepareMessage const&)::$_4::operator()() const
 #7 _dispatch_client_callout
 #8 _dispatch_async_and_wait_invoke
 #9 _dispatch_client_callout
 #10 _dispatch_main_queue_drain
 #11 _dispatch_main_queue_callback_4CF
 #12 __CFRUNLOOP_IS_SERVICING_THE_MAIN_DISPATCH_QUEUE__
 #13 __CFRunLoopRun
 #14 CFRunLoopRunSpecific
 #15 RunCurrentEventLoopInMode
 #16 ReceiveNextEventCommon
 #17 _BlockUntilNextEventMatchingListInModeWithFilter
 #18 _DPSNextEvent
 #19 -[NSApplication(NSEvent) _nextEventMatchingEventMask:untilDate:inMode:dequeue:]
 #20 -[NSApplication run]
 #21 NSApplicationMain
 #22 EditorMain(int, char const**)
 #23 main
 #24 start

Begin MonoManager ReloadAssembly
- Loaded All Assemblies, in  0.969 seconds
Native extension for WindowsStandalone target not found
Native extension for iOS target not found
Native extension for Android target not found
Native extension for OSXStandalone target not found
Mono: successfully reloaded assembly
[Package Manager] Server::EnsureServerProcessIsRunning -- launch failed, reason: Unity was launched with the -noUpm command-line argument
[Package Manager] UpmClient::Send -- Unable to send message (not connected to UPM process).
[Package Manager] Cannot connect to Unity Package Manager local server
- Finished resetting the current domain, in  2.068 seconds
Domain Reload Profiling: 3036ms
	BeginReloadAssembly (297ms)
		ExecutionOrderSort (0ms)
		DisableScriptedObjects (21ms)
		BackupInstance (0ms)
		ReleaseScriptingObjects (0ms)
		CreateAndSetChildDomain (98ms)
	RebuildCommonClasses (78ms)
	RebuildNativeTypeToScriptingClass (24ms)
	initialDomainReloadingComplete (53ms)
	LoadAllAssembliesAndSetupDomain (514ms)
		LoadAssemblies (583ms)
		RebuildTransferFunctionScriptingTraits (0ms)
		AnalyzeDomain (67ms)
			TypeCache.Refresh (18ms)
				TypeCache.ScanAssembly (4ms)
			ScanForSourceGeneratedMonoScriptInfo (25ms)
			ResolveRequiredComponents (19ms)
	FinalizeReload (2069ms)
		ReleaseScriptCaches (0ms)
		RebuildScriptCaches (0ms)
		SetupLoadedEditorAssemblies (797ms)
			LogAssemblyErrors (0ms)
			InitializePlatformSupportModulesInManaged (57ms)
			SetLoadedEditorAssemblies (8ms)
			RefreshPlugins (0ms)
			BeforeProcessingInitializeOnLoad (124ms)
			ProcessInitializeOnLoadAttributes (532ms)
			ProcessInitializeOnLoadMethodAttributes (72ms)
			AfterProcessingInitializeOnLoad (2ms)
			EditorAssembliesLoaded (0ms)
		ExecutionOrderSort2 (0ms)
		AwakeInstancesAfterBackupRestoration (19ms)
Refreshing native plugins compatible for Editor in 5.72 ms, found 3 plugins.
Preloading 0 native plugins for Editor in 0.00 ms.
Unloading 4319 Unused Serialized files (Serialized files now loaded: 0)
Unloading 19 unused Assets / (31.3 KB). Loaded Objects now: 4999.
Memory consumption went from 330.1 MB to 330.1 MB.
Total: 6.222165 ms (FindLiveObjects: 0.595718 ms CreateObjectMapping: 0.564663 ms MarkObjects: 4.991117 ms  DeleteObjects: 0.067589 ms)

Prepare: number of updated asset objects reloaded= 0
AssetImportParameters requested are different than current active one (requested -> active):
  custom:container-demuxer-ogg: 62fdf1f143b41e24485cea50d1cbac27 -> 
  custom:video-decoder-ogg-theora: a1e56fd34408186e4bbccfd4996cb3dc -> 
  custom:CustomObjectIndexerAttribute: 9a22284fe3817be447336de3de66b15e -> 
  custom:container-demuxer-webm: 4f35f7cbe854078d1ac9338744f61a02 -> 
  custom:container-muxer-webm: aa71ff27fc2769a1b78a27578f13a17b -> 
  custom:scripting/monoscript/fileName/LeaderBoardManager.cs: f79d843b29a22d0e6cb463c849a18400 -> 
  custom:scripting/monoscript/fileName/NetworkManager.cs: 5d227a124a4f614b5ab5a58e0800fccb -> e4fa93220985ebf211f3da91d4ced24a
  custom:video-decoder-webm-vp8: 9c59270c3fd7afecdb556c50c9e8de78 -> 
  custom:SearchIndexIgnoredProperties: e643bd26f0fe6173181afceb89e7c659 -> 
  custom:AudioImporter_EditorPlatform: 3918e3fc78b5a79bad01e8451be0beb8 -> 
  custom:framework-osx-AVFoundation: e770b220cccbd017edd2c1fefb359320 -> 
  custom:video-encoder-webm-vp8: eb34c28f22e8b96e1ab97ce403110664 -> 
  custom:audio-decoder-ogg-vorbis: bf7c407c2cedff20999df2af8eb42d56 -> 
  custom:audio-encoder-webm-vorbis: bf7c407c2cedff20999df2af8eb42d56 -> 
  custom:scripting/precompiled-assembly-types:Assembly-CSharp: 39fa54828574140d7ea9734c046c3f5e -> 3f7dda8ccb1a71ee7bfa3df822b70911
========================================================================
Received Prepare
Caller must complete domain reload
 #0 GetStacktrace(int)
 #1 DebugStringToFile(DebugStringToFileData const&)
 #2 AssertImplementation(int, char const*, int, int, char const*)
 #3 Internal_ADB_WorkerOnly_DomainReload(AssemblyLoadReason)
 #4 WorkerDomainReloadV2()
 #5 AssetImportWorkerClient::ReloadMonoDomain(AssetResolver&)
 #6 invocation function for block in AssetImportWorkerClient::HandleMessage(PrepareMessage const&)::$_4::operator()() const
 #7 _dispatch_client_callout
 #8 _dispatch_async_and_wait_invoke
 #9 _dispatch_client_callout
 #10 _dispatch_main_queue_drain
 #11 _dispatch_main_queue_callback_4CF
 #12 __CFRUNLOOP_IS_SERVICING_THE_MAIN_DISPATCH_QUEUE__
 #13 __CFRunLoopRun
 #14 CFRunLoopRunSpecific
 #15 RunCurrentEventLoopInMode
 #16 ReceiveNextEventCommon
 #17 _BlockUntilNextEventMatchingListInModeWithFilter
 #18 _DPSNextEvent
 #19 -[NSApplication(NSEvent) _nextEventMatchingEventMask:untilDate:inMode:dequeue:]
 #20 -[NSApplication run]
 #21 NSApplicationMain
 #22 EditorMain(int, char const**)
 #23 main
 #24 start

Begin MonoManager ReloadAssembly
- Loaded All Assemblies, in  0.796 seconds
Native extension for WindowsStandalone target not found
Native extension for iOS target not found
Native extension for Android target not found
Native extension for OSXStandalone target not found
Mono: successfully reloaded assembly
[Package Manager] Server::EnsureServerProcessIsRunning -- launch failed, reason: Unity was launched with the -noUpm command-line argument
[Package Manager] UpmClient::Send -- Unable to send message (not connected to UPM process).
[Package Manager] Cannot connect to Unity Package Manager local server
- Finished resetting the current domain, in  1.490 seconds
Domain Reload Profiling: 2285ms
	BeginReloadAssembly (254ms)
		ExecutionOrderSort (0ms)
		DisableScriptedObjects (20ms)
		BackupInstance (0ms)
		ReleaseScriptingObjects (0ms)
		CreateAndSetChildDomain (79ms)
	RebuildCommonClasses (66ms)
	RebuildNativeTypeToScriptingClass (22ms)
	initialDomainReloadingComplete (43ms)
	LoadAllAssembliesAndSetupDomain (410ms)
		LoadAssemblies (493ms)
		RebuildTransferFunctionScriptingTraits (0ms)
		AnalyzeDomain (32ms)
			TypeCache.Refresh (10ms)
				TypeCache.ScanAssembly (0ms)
			ScanForSourceGeneratedMonoScriptInfo (0ms)
			ResolveRequiredComponents (15ms)
	FinalizeReload (1490ms)
		ReleaseScriptCaches (0ms)
		RebuildScriptCaches (0ms)
		SetupLoadedEditorAssemblies (783ms)
			LogAssemblyErrors (0ms)
			InitializePlatformSupportModulesInManaged (53ms)
			SetLoadedEditorAssemblies (8ms)
			RefreshPlugins (0ms)
			BeforeProcessingInitializeOnLoad (117ms)
			ProcessInitializeOnLoadAttributes (537ms)
			ProcessInitializeOnLoadMethodAttributes (65ms)
			AfterProcessingInitializeOnLoad (3ms)
			EditorAssembliesLoaded (1ms)
		ExecutionOrderSort2 (0ms)
		AwakeInstancesAfterBackupRestoration (23ms)
Refreshing native plugins compatible for Editor in 7.40 ms, found 3 plugins.
Preloading 0 native plugins for Editor in 0.00 ms.
Unloading 4319 Unused Serialized files (Serialized files now loaded: 0)
Unloading 19 unused Assets / (31.4 KB). Loaded Objects now: 5003.
Memory consumption went from 334.4 MB to 334.4 MB.
Total: 6.837946 ms (FindLiveObjects: 0.586661 ms CreateObjectMapping: 0.622547 ms MarkObjects: 5.568233 ms  DeleteObjects: 0.059030 ms)

Prepare: number of updated asset objects reloaded= 0
AssetImportParameters requested are different than current active one (requested -> active):
  custom:container-demuxer-ogg: 62fdf1f143b41e24485cea50d1cbac27 -> 
  custom:video-decoder-ogg-theora: a1e56fd34408186e4bbccfd4996cb3dc -> 
  custom:CustomObjectIndexerAttribute: 9a22284fe3817be447336de3de66b15e -> 
  custom:container-demuxer-webm: 4f35f7cbe854078d1ac9338744f61a02 -> 
  custom:container-muxer-webm: aa71ff27fc2769a1b78a27578f13a17b -> 
  custom:scripting/monoscript/fileName/LeaderBoardManager.cs: f79d843b29a22d0e6cb463c849a18400 -> 
  custom:scripting/monoscript/fileName/NetworkManager.cs: 5d227a124a4f614b5ab5a58e0800fccb -> e4fa93220985ebf211f3da91d4ced24a
  custom:video-decoder-webm-vp8: 9c59270c3fd7afecdb556c50c9e8de78 -> 
  custom:SearchIndexIgnoredProperties: e643bd26f0fe6173181afceb89e7c659 -> 
  custom:AudioImporter_EditorPlatform: 3918e3fc78b5a79bad01e8451be0beb8 -> 
  custom:framework-osx-AVFoundation: e770b220cccbd017edd2c1fefb359320 -> 
  custom:video-encoder-webm-vp8: eb34c28f22e8b96e1ab97ce403110664 -> 
  custom:audio-decoder-ogg-vorbis: bf7c407c2cedff20999df2af8eb42d56 -> 
  custom:audio-encoder-webm-vorbis: bf7c407c2cedff20999df2af8eb42d56 -> 
  custom:scripting/precompiled-assembly-types:Assembly-CSharp: 39fa54828574140d7ea9734c046c3f5e -> 3f7dda8ccb1a71ee7bfa3df822b70911
========================================================================
Received Prepare
Caller must complete domain reload
 #0 GetStacktrace(int)
 #1 DebugStringToFile(DebugStringToFileData const&)
 #2 AssertImplementation(int, char const*, int, int, char const*)
 #3 Internal_ADB_WorkerOnly_DomainReload(AssemblyLoadReason)
 #4 WorkerDomainReloadV2()
 #5 AssetImportWorkerClient::ReloadMonoDomain(AssetResolver&)
 #6 invocation function for block in AssetImportWorkerClient::HandleMessage(PrepareMessage const&)::$_4::operator()() const
 #7 _dispatch_client_callout
 #8 _dispatch_async_and_wait_invoke
 #9 _dispatch_client_callout
 #10 _dispatch_main_queue_drain
 #11 _dispatch_main_queue_callback_4CF
 #12 __CFRUNLOOP_IS_SERVICING_THE_MAIN_DISPATCH_QUEUE__
 #13 __CFRunLoopRun
 #14 CFRunLoopRunSpecific
 #15 RunCurrentEventLoopInMode
 #16 ReceiveNextEventCommon
 #17 _BlockUntilNextEventMatchingListInModeWithFilter
 #18 _DPSNextEvent
 #19 -[NSApplication(NSEvent) _nextEventMatchingEventMask:untilDate:inMode:dequeue:]
 #20 -[NSApplication run]
 #21 NSApplicationMain
 #22 EditorMain(int, char const**)
 #23 main
 #24 start

Begin MonoManager ReloadAssembly
- Loaded All Assemblies, in  0.879 seconds
Native extension for WindowsStandalone target not found
Native extension for iOS target not found
Native extension for Android target not found
Native extension for OSXStandalone target not found
Mono: successfully reloaded assembly
[Package Manager] Server::EnsureServerProcessIsRunning -- launch failed, reason: Unity was launched with the -noUpm command-line argument
[Package Manager] UpmClient::Send -- Unable to send message (not connected to UPM process).
[Package Manager] Cannot connect to Unity Package Manager local server
- Finished resetting the current domain, in  2.273 seconds
Domain Reload Profiling: 3151ms
	BeginReloadAssembly (261ms)
		ExecutionOrderSort (0ms)
		DisableScriptedObjects (20ms)
		BackupInstance (0ms)
		ReleaseScriptingObjects (0ms)
		CreateAndSetChildDomain (86ms)
	RebuildCommonClasses (70ms)
	RebuildNativeTypeToScriptingClass (28ms)
	initialDomainReloadingComplete (44ms)
	LoadAllAssembliesAndSetupDomain (475ms)
		LoadAssemblies (532ms)
		RebuildTransferFunctionScriptingTraits (0ms)
		AnalyzeDomain (59ms)
			TypeCache.Refresh (18ms)
				TypeCache.ScanAssembly (3ms)
			ScanForSourceGeneratedMonoScriptInfo (24ms)
			ResolveRequiredComponents (14ms)
	FinalizeReload (2273ms)
		ReleaseScriptCaches (0ms)
		RebuildScriptCaches (0ms)
		SetupLoadedEditorAssemblies (756ms)
			LogAssemblyErrors (0ms)
			InitializePlatformSupportModulesInManaged (53ms)
			SetLoadedEditorAssemblies (8ms)
			RefreshPlugins (0ms)
			BeforeProcessingInitializeOnLoad (116ms)
			ProcessInitializeOnLoadAttributes (515ms)
			ProcessInitializeOnLoadMethodAttributes (61ms)
			AfterProcessingInitializeOnLoad (2ms)
			EditorAssembliesLoaded (0ms)
		ExecutionOrderSort2 (0ms)
		AwakeInstancesAfterBackupRestoration (19ms)
Refreshing native plugins compatible for Editor in 5.16 ms, found 3 plugins.
Preloading 0 native plugins for Editor in 0.00 ms.
Unloading 4319 Unused Serialized files (Serialized files now loaded: 0)
Unloading 19 unused Assets / (31.4 KB). Loaded Objects now: 5007.
Memory consumption went from 338.8 MB to 338.7 MB.
Total: 5.530072 ms (FindLiveObjects: 0.406670 ms CreateObjectMapping: 0.384817 ms MarkObjects: 4.673659 ms  DeleteObjects: 0.063657 ms)

Prepare: number of updated asset objects reloaded= 0
AssetImportParameters requested are different than current active one (requested -> active):
  custom:container-demuxer-ogg: 62fdf1f143b41e24485cea50d1cbac27 -> 
  custom:video-decoder-ogg-theora: a1e56fd34408186e4bbccfd4996cb3dc -> 
  custom:CustomObjectIndexerAttribute: 9a22284fe3817be447336de3de66b15e -> 
  custom:container-demuxer-webm: 4f35f7cbe854078d1ac9338744f61a02 -> 
  custom:container-muxer-webm: aa71ff27fc2769a1b78a27578f13a17b -> 
  custom:scripting/monoscript/fileName/LeaderBoardManager.cs: f79d843b29a22d0e6cb463c849a18400 -> 
  custom:scripting/monoscript/fileName/NetworkManager.cs: 5d227a124a4f614b5ab5a58e0800fccb -> e4fa93220985ebf211f3da91d4ced24a
  custom:video-decoder-webm-vp8: 9c59270c3fd7afecdb556c50c9e8de78 -> 
  custom:SearchIndexIgnoredProperties: e643bd26f0fe6173181afceb89e7c659 -> 
  custom:AudioImporter_EditorPlatform: 3918e3fc78b5a79bad01e8451be0beb8 -> 
  custom:framework-osx-AVFoundation: e770b220cccbd017edd2c1fefb359320 -> 
  custom:video-encoder-webm-vp8: eb34c28f22e8b96e1ab97ce403110664 -> 
  custom:audio-decoder-ogg-vorbis: bf7c407c2cedff20999df2af8eb42d56 -> 
  custom:audio-encoder-webm-vorbis: bf7c407c2cedff20999df2af8eb42d56 -> 
  custom:scripting/precompiled-assembly-types:Assembly-CSharp: 39fa54828574140d7ea9734c046c3f5e -> 3f7dda8ccb1a71ee7bfa3df822b70911
========================================================================
Received Import Request.
  Time since last request: 325.982755 seconds.
  path: Assets/Scripts/Scene Manager/ExitTransition.cs
  artifactKey: Guid(e52f7ffd39d5d462e9ac2450d8467f14) Importer(815301076,1909f56bfc062723c751e8b465ee728b)
Start importing Assets/Scripts/Scene Manager/ExitTransition.cs using Guid(e52f7ffd39d5d462e9ac2450d8467f14) Importer(815301076,1909f56bfc062723c751e8b465ee728b) [PhysX] Initialized MultithreadedTaskDispatcher with 8 workers.
 -> (artifact id: '47e19f73e680e1868dda2c60a79aed95') in 0.002271 seconds
Number of updated asset objects reloaded before import = 0
Number of asset objects unloaded after import = 0
========================================================================
Received Prepare
Caller must complete domain reload
 #0 GetStacktrace(int)
 #1 DebugStringToFile(DebugStringToFileData const&)
 #2 AssertImplementation(int, char const*, int, int, char const*)
 #3 Internal_ADB_WorkerOnly_DomainReload(AssemblyLoadReason)
 #4 WorkerDomainReloadV2()
 #5 AssetImportWorkerClient::ReloadMonoDomain(AssetResolver&)
 #6 invocation function for block in AssetImportWorkerClient::HandleMessage(PrepareMessage const&)::$_4::operator()() const
 #7 _dispatch_client_callout
 #8 _dispatch_async_and_wait_invoke
 #9 _dispatch_client_callout
 #10 _dispatch_main_queue_drain
 #11 _dispatch_main_queue_callback_4CF
 #12 __CFRUNLOOP_IS_SERVICING_THE_MAIN_DISPATCH_QUEUE__
 #13 __CFRunLoopRun
 #14 CFRunLoopRunSpecific
 #15 RunCurrentEventLoopInMode
 #16 ReceiveNextEventCommon
 #17 _BlockUntilNextEventMatchingListInModeWithFilter
 #18 _DPSNextEvent
 #19 -[NSApplication(NSEvent) _nextEventMatchingEventMask:untilDate:inMode:dequeue:]
 #20 -[NSApplication run]
 #21 NSApplicationMain
 #22 EditorMain(int, char const**)
 #23 main
 #24 start

Begin MonoManager ReloadAssembly
- Loaded All Assemblies, in  0.844 seconds
Native extension for WindowsStandalone target not found
Native extension for iOS target not found
Native extension for Android target not found
Native extension for OSXStandalone target not found
Mono: successfully reloaded assembly
[Package Manager] Server::EnsureServerProcessIsRunning -- launch failed, reason: Unity was launched with the -noUpm command-line argument
[Package Manager] UpmClient::Send -- Unable to send message (not connected to UPM process).
[Package Manager] Cannot connect to Unity Package Manager local server
- Finished resetting the current domain, in  2.416 seconds
Domain Reload Profiling: 3260ms
	BeginReloadAssembly (261ms)
		ExecutionOrderSort (0ms)
		DisableScriptedObjects (19ms)
		BackupInstance (0ms)
		ReleaseScriptingObjects (0ms)
		CreateAndSetChildDomain (82ms)
	RebuildCommonClasses (72ms)
	RebuildNativeTypeToScriptingClass (22ms)
	initialDomainReloadingComplete (44ms)
	LoadAllAssembliesAndSetupDomain (443ms)
		LoadAssemblies (531ms)
		RebuildTransferFunctionScriptingTraits (0ms)
		AnalyzeDomain (30ms)
			TypeCache.Refresh (10ms)
				TypeCache.ScanAssembly (0ms)
			ScanForSourceGeneratedMonoScriptInfo (0ms)
			ResolveRequiredComponents (14ms)
	FinalizeReload (2418ms)
		ReleaseScriptCaches (0ms)
		RebuildScriptCaches (0ms)
		SetupLoadedEditorAssemblies (862ms)
			LogAssemblyErrors (0ms)
			InitializePlatformSupportModulesInManaged (56ms)
			SetLoadedEditorAssemblies (11ms)
			RefreshPlugins (0ms)
			BeforeProcessingInitializeOnLoad (124ms)
			ProcessInitializeOnLoadAttributes (583ms)
			ProcessInitializeOnLoadMethodAttributes (84ms)
			AfterProcessingInitializeOnLoad (3ms)
			EditorAssembliesLoaded (0ms)
		ExecutionOrderSort2 (0ms)
		AwakeInstancesAfterBackupRestoration (25ms)
Refreshing native plugins compatible for Editor in 6.25 ms, found 3 plugins.
Preloading 0 native plugins for Editor in 0.00 ms.
Unloading 4318 Unused Serialized files (Serialized files now loaded: 0)
Unloading 19 unused Assets / (31.4 KB). Loaded Objects now: 5011.
Memory consumption went from 343.1 MB to 343.0 MB.
Total: 6.980532 ms (FindLiveObjects: 0.429747 ms CreateObjectMapping: 0.425589 ms MarkObjects: 6.061256 ms  DeleteObjects: 0.062658 ms)

Prepare: number of updated asset objects reloaded= 0
AssetImportParameters requested are different than current active one (requested -> active):
  custom:container-demuxer-ogg: 62fdf1f143b41e24485cea50d1cbac27 -> 
  custom:video-decoder-ogg-theora: a1e56fd34408186e4bbccfd4996cb3dc -> 
  custom:CustomObjectIndexerAttribute: 9a22284fe3817be447336de3de66b15e -> 
  custom:container-demuxer-webm: 4f35f7cbe854078d1ac9338744f61a02 -> 
  custom:container-muxer-webm: aa71ff27fc2769a1b78a27578f13a17b -> 
  custom:scripting/monoscript/fileName/LeaderBoardManager.cs: f79d843b29a22d0e6cb463c849a18400 -> 
  custom:scripting/monoscript/fileName/NetworkManager.cs: 5d227a124a4f614b5ab5a58e0800fccb -> e4fa93220985ebf211f3da91d4ced24a
  custom:video-decoder-webm-vp8: 9c59270c3fd7afecdb556c50c9e8de78 -> 
  custom:SearchIndexIgnoredProperties: e643bd26f0fe6173181afceb89e7c659 -> 
  custom:AudioImporter_EditorPlatform: 3918e3fc78b5a79bad01e8451be0beb8 -> 
  custom:framework-osx-AVFoundation: e770b220cccbd017edd2c1fefb359320 -> 
  custom:video-encoder-webm-vp8: eb34c28f22e8b96e1ab97ce403110664 -> 
  custom:audio-decoder-ogg-vorbis: bf7c407c2cedff20999df2af8eb42d56 -> 
  custom:audio-encoder-webm-vorbis: bf7c407c2cedff20999df2af8eb42d56 -> 
  custom:scripting/precompiled-assembly-types:Assembly-CSharp: 39fa54828574140d7ea9734c046c3f5e -> 3f7dda8ccb1a71ee7bfa3df822b70911
========================================================================
Received Import Request.
  Time since last request: 1020.968263 seconds.
  path: Assets/Scenes/Menu/Level Select.unity
  artifactKey: Guid(fb3d99d5b622c4dbf94430d52436bb6d) Importer(815301076,1909f56bfc062723c751e8b465ee728b)
Start importing Assets/Scenes/Menu/Level Select.unity using Guid(fb3d99d5b622c4dbf94430d52436bb6d) Importer(815301076,1909f56bfc062723c751e8b465ee728b) [PhysX] Initialized MultithreadedTaskDispatcher with 8 workers.
 -> (artifact id: '625fb9524b1885e5a52c54490d8865b4') in 0.003513 seconds
Number of updated asset objects reloaded before import = 0
Number of asset objects unloaded after import = 0
========================================================================
Received Prepare
Caller must complete domain reload
 #0 GetStacktrace(int)
 #1 DebugStringToFile(DebugStringToFileData const&)
 #2 AssertImplementation(int, char const*, int, int, char const*)
 #3 Internal_ADB_WorkerOnly_DomainReload(AssemblyLoadReason)
 #4 WorkerDomainReloadV2()
 #5 AssetImportWorkerClient::ReloadMonoDomain(AssetResolver&)
 #6 invocation function for block in AssetImportWorkerClient::HandleMessage(PrepareMessage const&)::$_4::operator()() const
 #7 _dispatch_client_callout
 #8 _dispatch_async_and_wait_invoke
 #9 _dispatch_client_callout
 #10 _dispatch_main_queue_drain
 #11 _dispatch_main_queue_callback_4CF
 #12 __CFRUNLOOP_IS_SERVICING_THE_MAIN_DISPATCH_QUEUE__
 #13 __CFRunLoopRun
 #14 CFRunLoopRunSpecific
 #15 RunCurrentEventLoopInMode
 #16 ReceiveNextEventCommon
 #17 _BlockUntilNextEventMatchingListInModeWithFilter
 #18 _DPSNextEvent
 #19 -[NSApplication(NSEvent) _nextEventMatchingEventMask:untilDate:inMode:dequeue:]
 #20 -[NSApplication run]
 #21 NSApplicationMain
 #22 EditorMain(int, char const**)
 #23 main
 #24 start

Begin MonoManager ReloadAssembly
- Loaded All Assemblies, in  0.831 seconds
Native extension for WindowsStandalone target not found
Native extension for iOS target not found
Native extension for Android target not found
Native extension for OSXStandalone target not found
Mono: successfully reloaded assembly
[Package Manager] Server::EnsureServerProcessIsRunning -- launch failed, reason: Unity was launched with the -noUpm command-line argument
[Package Manager] UpmClient::Send -- Unable to send message (not connected to UPM process).
[Package Manager] Cannot connect to Unity Package Manager local server
- Finished resetting the current domain, in  2.555 seconds
Domain Reload Profiling: 3386ms
	BeginReloadAssembly (266ms)
		ExecutionOrderSort (0ms)
		DisableScriptedObjects (20ms)
		BackupInstance (0ms)
		ReleaseScriptingObjects (0ms)
		CreateAndSetChildDomain (88ms)
	RebuildCommonClasses (66ms)
	RebuildNativeTypeToScriptingClass (22ms)
	initialDomainReloadingComplete (45ms)
	LoadAllAssembliesAndSetupDomain (431ms)
		LoadAssemblies (514ms)
		RebuildTransferFunctionScriptingTraits (0ms)
		AnalyzeDomain (33ms)
			TypeCache.Refresh (10ms)
				TypeCache.ScanAssembly (0ms)
			ScanForSourceGeneratedMonoScriptInfo (0ms)
			ResolveRequiredComponents (18ms)
	FinalizeReload (2556ms)
		ReleaseScriptCaches (0ms)
		RebuildScriptCaches (0ms)
		SetupLoadedEditorAssemblies (981ms)
			LogAssemblyErrors (0ms)
			InitializePlatformSupportModulesInManaged (60ms)
			SetLoadedEditorAssemblies (10ms)
			RefreshPlugins (0ms)
			BeforeProcessingInitializeOnLoad (151ms)
			ProcessInitializeOnLoadAttributes (675ms)
			ProcessInitializeOnLoadMethodAttributes (82ms)
			AfterProcessingInitializeOnLoad (3ms)
			EditorAssembliesLoaded (0ms)
		ExecutionOrderSort2 (0ms)
		AwakeInstancesAfterBackupRestoration (24ms)
Refreshing native plugins compatible for Editor in 14.30 ms, found 3 plugins.
Preloading 0 native plugins for Editor in 0.00 ms.
Unloading 4318 Unused Serialized files (Serialized files now loaded: 0)
Unloading 19 unused Assets / (31.4 KB). Loaded Objects now: 5015.
Memory consumption went from 347.7 MB to 347.6 MB.
Total: 7.906800 ms (FindLiveObjects: 0.632131 ms CreateObjectMapping: 0.580120 ms MarkObjects: 6.630558 ms  DeleteObjects: 0.062488 ms)

Prepare: number of updated asset objects reloaded= 0
AssetImportParameters requested are different than current active one (requested -> active):
  custom:container-demuxer-ogg: 62fdf1f143b41e24485cea50d1cbac27 -> 
  custom:video-decoder-ogg-theora: a1e56fd34408186e4bbccfd4996cb3dc -> 
  custom:CustomObjectIndexerAttribute: 9a22284fe3817be447336de3de66b15e -> 
  custom:container-demuxer-webm: 4f35f7cbe854078d1ac9338744f61a02 -> 
  custom:container-muxer-webm: aa71ff27fc2769a1b78a27578f13a17b -> 
  custom:scripting/monoscript/fileName/LeaderBoardManager.cs: f79d843b29a22d0e6cb463c849a18400 -> 
  custom:scripting/monoscript/fileName/NetworkManager.cs: 5d227a124a4f614b5ab5a58e0800fccb -> e4fa93220985ebf211f3da91d4ced24a
  custom:video-decoder-webm-vp8: 9c59270c3fd7afecdb556c50c9e8de78 -> 
  custom:SearchIndexIgnoredProperties: e643bd26f0fe6173181afceb89e7c659 -> 
  custom:AudioImporter_EditorPlatform: 3918e3fc78b5a79bad01e8451be0beb8 -> 
  custom:framework-osx-AVFoundation: e770b220cccbd017edd2c1fefb359320 -> 
  custom:video-encoder-webm-vp8: eb34c28f22e8b96e1ab97ce403110664 -> 
  custom:audio-decoder-ogg-vorbis: bf7c407c2cedff20999df2af8eb42d56 -> 
  custom:audio-encoder-webm-vorbis: bf7c407c2cedff20999df2af8eb42d56 -> 
  custom:scripting/precompiled-assembly-types:Assembly-CSharp: 39fa54828574140d7ea9734c046c3f5e -> 3f7dda8ccb1a71ee7bfa3df822b70911
========================================================================
Received Prepare
Caller must complete domain reload
 #0 GetStacktrace(int)
 #1 DebugStringToFile(DebugStringToFileData const&)
 #2 AssertImplementation(int, char const*, int, int, char const*)
 #3 Internal_ADB_WorkerOnly_DomainReload(AssemblyLoadReason)
 #4 WorkerDomainReloadV2()
 #5 AssetImportWorkerClient::ReloadMonoDomain(AssetResolver&)
 #6 invocation function for block in AssetImportWorkerClient::HandleMessage(PrepareMessage const&)::$_4::operator()() const
 #7 _dispatch_client_callout
 #8 _dispatch_async_and_wait_invoke
 #9 _dispatch_client_callout
 #10 _dispatch_main_queue_drain
 #11 _dispatch_main_queue_callback_4CF
 #12 __CFRUNLOOP_IS_SERVICING_THE_MAIN_DISPATCH_QUEUE__
 #13 __CFRunLoopRun
 #14 CFRunLoopRunSpecific
 #15 RunCurrentEventLoopInMode
 #16 ReceiveNextEventCommon
 #17 _BlockUntilNextEventMatchingListInModeWithFilter
 #18 _DPSNextEvent
 #19 -[NSApplication(NSEvent) _nextEventMatchingEventMask:untilDate:inMode:dequeue:]
 #20 -[NSApplication run]
 #21 NSApplicationMain
 #22 EditorMain(int, char const**)
 #23 main
 #24 start

Begin MonoManager ReloadAssembly
- Loaded All Assemblies, in  0.887 seconds
Native extension for WindowsStandalone target not found
Native extension for iOS target not found
Native extension for Android target not found
Native extension for OSXStandalone target not found
Mono: successfully reloaded assembly
[Package Manager] Server::EnsureServerProcessIsRunning -- launch failed, reason: Unity was launched with the -noUpm command-line argument
[Package Manager] UpmClient::Send -- Unable to send message (not connected to UPM process).
[Package Manager] Cannot connect to Unity Package Manager local server
- Finished resetting the current domain, in  2.288 seconds
Domain Reload Profiling: 3175ms
	BeginReloadAssembly (278ms)
		ExecutionOrderSort (0ms)
		DisableScriptedObjects (21ms)
		BackupInstance (0ms)
		ReleaseScriptingObjects (0ms)
		CreateAndSetChildDomain (90ms)
	RebuildCommonClasses (67ms)
	RebuildNativeTypeToScriptingClass (22ms)
	initialDomainReloadingComplete (43ms)
	LoadAllAssembliesAndSetupDomain (476ms)
		LoadAssemblies (543ms)
		RebuildTransferFunctionScriptingTraits (0ms)
		AnalyzeDomain (59ms)
			TypeCache.Refresh (18ms)
				TypeCache.ScanAssembly (3ms)
			ScanForSourceGeneratedMonoScriptInfo (22ms)
			ResolveRequiredComponents (15ms)
	FinalizeReload (2289ms)
		ReleaseScriptCaches (0ms)
		RebuildScriptCaches (0ms)
		SetupLoadedEditorAssemblies (766ms)
			LogAssemblyErrors (0ms)
			InitializePlatformSupportModulesInManaged (54ms)
			SetLoadedEditorAssemblies (8ms)
			RefreshPlugins (0ms)
			BeforeProcessingInitializeOnLoad (115ms)
			ProcessInitializeOnLoadAttributes (524ms)
			ProcessInitializeOnLoadMethodAttributes (63ms)
			AfterProcessingInitializeOnLoad (3ms)
			EditorAssembliesLoaded (0ms)
		ExecutionOrderSort2 (0ms)
		AwakeInstancesAfterBackupRestoration (18ms)
Refreshing native plugins compatible for Editor in 7.95 ms, found 3 plugins.
Preloading 0 native plugins for Editor in 0.00 ms.
Unloading 4319 Unused Serialized files (Serialized files now loaded: 0)
Unloading 19 unused Assets / (31.4 KB). Loaded Objects now: 5019.
Memory consumption went from 352.3 MB to 352.2 MB.
Total: 9.894901 ms (FindLiveObjects: 0.556039 ms CreateObjectMapping: 0.500829 ms MarkObjects: 8.747269 ms  DeleteObjects: 0.088929 ms)

Prepare: number of updated asset objects reloaded= 0
AssetImportParameters requested are different than current active one (requested -> active):
  custom:container-demuxer-ogg: 62fdf1f143b41e24485cea50d1cbac27 -> 
  custom:video-decoder-ogg-theora: a1e56fd34408186e4bbccfd4996cb3dc -> 
  custom:CustomObjectIndexerAttribute: 9a22284fe3817be447336de3de66b15e -> 
  custom:container-demuxer-webm: 4f35f7cbe854078d1ac9338744f61a02 -> 
  custom:container-muxer-webm: aa71ff27fc2769a1b78a27578f13a17b -> 
  custom:scripting/monoscript/fileName/LeaderBoardManager.cs: f79d843b29a22d0e6cb463c849a18400 -> 
  custom:scripting/monoscript/fileName/NetworkManager.cs: 5d227a124a4f614b5ab5a58e0800fccb -> e4fa93220985ebf211f3da91d4ced24a
  custom:video-decoder-webm-vp8: 9c59270c3fd7afecdb556c50c9e8de78 -> 
  custom:SearchIndexIgnoredProperties: e643bd26f0fe6173181afceb89e7c659 -> 
  custom:AudioImporter_EditorPlatform: 3918e3fc78b5a79bad01e8451be0beb8 -> 
  custom:framework-osx-AVFoundation: e770b220cccbd017edd2c1fefb359320 -> 
  custom:video-encoder-webm-vp8: eb34c28f22e8b96e1ab97ce403110664 -> 
  custom:audio-decoder-ogg-vorbis: bf7c407c2cedff20999df2af8eb42d56 -> 
  custom:audio-encoder-webm-vorbis: bf7c407c2cedff20999df2af8eb42d56 -> 
  custom:scripting/precompiled-assembly-types:Assembly-CSharp: 758428c41c2d8ba193c4eb01c041a097 -> 3f7dda8ccb1a71ee7bfa3df822b70911
========================================================================
Received Prepare
Caller must complete domain reload
 #0 GetStacktrace(int)
 #1 DebugStringToFile(DebugStringToFileData const&)
 #2 AssertImplementation(int, char const*, int, int, char const*)
 #3 Internal_ADB_WorkerOnly_DomainReload(AssemblyLoadReason)
 #4 WorkerDomainReloadV2()
 #5 AssetImportWorkerClient::ReloadMonoDomain(AssetResolver&)
 #6 invocation function for block in AssetImportWorkerClient::HandleMessage(PrepareMessage const&)::$_4::operator()() const
 #7 _dispatch_client_callout
 #8 _dispatch_async_and_wait_invoke
 #9 _dispatch_client_callout
 #10 _dispatch_main_queue_drain
 #11 _dispatch_main_queue_callback_4CF
 #12 __CFRUNLOOP_IS_SERVICING_THE_MAIN_DISPATCH_QUEUE__
 #13 __CFRunLoopRun
 #14 CFRunLoopRunSpecific
 #15 RunCurrentEventLoopInMode
 #16 ReceiveNextEventCommon
 #17 _BlockUntilNextEventMatchingListInModeWithFilter
 #18 _DPSNextEvent
 #19 -[NSApplication(NSEvent) _nextEventMatchingEventMask:untilDate:inMode:dequeue:]
 #20 -[NSApplication run]
 #21 NSApplicationMain
 #22 EditorMain(int, char const**)
 #23 main
 #24 start

Begin MonoManager ReloadAssembly
- Loaded All Assemblies, in  0.896 seconds
Native extension for WindowsStandalone target not found
Native extension for iOS target not found
Native extension for Android target not found
Native extension for OSXStandalone target not found
Mono: successfully reloaded assembly
[Package Manager] Server::EnsureServerProcessIsRunning -- launch failed, reason: Unity was launched with the -noUpm command-line argument
[Package Manager] UpmClient::Send -- Unable to send message (not connected to UPM process).
[Package Manager] Cannot connect to Unity Package Manager local server
- Finished resetting the current domain, in  1.575 seconds
Domain Reload Profiling: 2471ms
	BeginReloadAssembly (330ms)
		ExecutionOrderSort (0ms)
		DisableScriptedObjects (25ms)
		BackupInstance (0ms)
		ReleaseScriptingObjects (0ms)
		CreateAndSetChildDomain (110ms)
	RebuildCommonClasses (70ms)
	RebuildNativeTypeToScriptingClass (21ms)
	initialDomainReloadingComplete (50ms)
	LoadAllAssembliesAndSetupDomain (424ms)
		LoadAssemblies (546ms)
		RebuildTransferFunctionScriptingTraits (0ms)
		AnalyzeDomain (28ms)
			TypeCache.Refresh (10ms)
				TypeCache.ScanAssembly (0ms)
			ScanForSourceGeneratedMonoScriptInfo (0ms)
			ResolveRequiredComponents (14ms)
	FinalizeReload (1577ms)
		ReleaseScriptCaches (0ms)
		RebuildScriptCaches (0ms)
		SetupLoadedEditorAssemblies (827ms)
			LogAssemblyErrors (0ms)
			InitializePlatformSupportModulesInManaged (63ms)
			SetLoadedEditorAssemblies (10ms)
			RefreshPlugins (0ms)
			BeforeProcessingInitializeOnLoad (123ms)
			ProcessInitializeOnLoadAttributes (546ms)
			ProcessInitializeOnLoadMethodAttributes (81ms)
			AfterProcessingInitializeOnLoad (3ms)
			EditorAssembliesLoaded (0ms)
		ExecutionOrderSort2 (0ms)
		AwakeInstancesAfterBackupRestoration (23ms)
Refreshing native plugins compatible for Editor in 6.87 ms, found 3 plugins.
Preloading 0 native plugins for Editor in 0.00 ms.
Unloading 4319 Unused Serialized files (Serialized files now loaded: 0)
Unloading 19 unused Assets / (31.4 KB). Loaded Objects now: 5023.
Memory consumption went from 356.6 MB to 356.6 MB.
Total: 6.951478 ms (FindLiveObjects: 0.612898 ms CreateObjectMapping: 0.511587 ms MarkObjects: 5.702417 ms  DeleteObjects: 0.122910 ms)

Prepare: number of updated asset objects reloaded= 0
AssetImportParameters requested are different than current active one (requested -> active):
  custom:container-demuxer-ogg: 62fdf1f143b41e24485cea50d1cbac27 -> 
  custom:video-decoder-ogg-theora: a1e56fd34408186e4bbccfd4996cb3dc -> 
  custom:CustomObjectIndexerAttribute: 9a22284fe3817be447336de3de66b15e -> 
  custom:container-demuxer-webm: 4f35f7cbe854078d1ac9338744f61a02 -> 
  custom:container-muxer-webm: aa71ff27fc2769a1b78a27578f13a17b -> 
  custom:scripting/monoscript/fileName/LeaderBoardManager.cs: f79d843b29a22d0e6cb463c849a18400 -> 
  custom:scripting/monoscript/fileName/NetworkManager.cs: 5d227a124a4f614b5ab5a58e0800fccb -> e4fa93220985ebf211f3da91d4ced24a
  custom:video-decoder-webm-vp8: 9c59270c3fd7afecdb556c50c9e8de78 -> 
  custom:SearchIndexIgnoredProperties: e643bd26f0fe6173181afceb89e7c659 -> 
  custom:AudioImporter_EditorPlatform: 3918e3fc78b5a79bad01e8451be0beb8 -> 
  custom:framework-osx-AVFoundation: e770b220cccbd017edd2c1fefb359320 -> 
  custom:video-encoder-webm-vp8: eb34c28f22e8b96e1ab97ce403110664 -> 
  custom:audio-decoder-ogg-vorbis: bf7c407c2cedff20999df2af8eb42d56 -> 
  custom:audio-encoder-webm-vorbis: bf7c407c2cedff20999df2af8eb42d56 -> 
  custom:scripting/precompiled-assembly-types:Assembly-CSharp: 758428c41c2d8ba193c4eb01c041a097 -> 3f7dda8ccb1a71ee7bfa3df822b70911
========================================================================
Received Prepare
Caller must complete domain reload
 #0 GetStacktrace(int)
 #1 DebugStringToFile(DebugStringToFileData const&)
 #2 AssertImplementation(int, char const*, int, int, char const*)
 #3 Internal_ADB_WorkerOnly_DomainReload(AssemblyLoadReason)
 #4 WorkerDomainReloadV2()
 #5 AssetImportWorkerClient::ReloadMonoDomain(AssetResolver&)
 #6 invocation function for block in AssetImportWorkerClient::HandleMessage(PrepareMessage const&)::$_4::operator()() const
 #7 _dispatch_client_callout
 #8 _dispatch_async_and_wait_invoke
 #9 _dispatch_client_callout
 #10 _dispatch_main_queue_drain
 #11 _dispatch_main_queue_callback_4CF
 #12 __CFRUNLOOP_IS_SERVICING_THE_MAIN_DISPATCH_QUEUE__
 #13 __CFRunLoopRun
 #14 CFRunLoopRunSpecific
 #15 RunCurrentEventLoopInMode
 #16 ReceiveNextEventCommon
 #17 _BlockUntilNextEventMatchingListInModeWithFilter
 #18 _DPSNextEvent
 #19 -[NSApplication(NSEvent) _nextEventMatchingEventMask:untilDate:inMode:dequeue:]
 #20 -[NSApplication run]
 #21 NSApplicationMain
 #22 EditorMain(int, char const**)
 #23 main
 #24 start

Begin MonoManager ReloadAssembly
- Loaded All Assemblies, in  0.865 seconds
Native extension for WindowsStandalone target not found
Native extension for iOS target not found
Native extension for Android target not found
Native extension for OSXStandalone target not found
Mono: successfully reloaded assembly
[Package Manager] Server::EnsureServerProcessIsRunning -- launch failed, reason: Unity was launched with the -noUpm command-line argument
[Package Manager] UpmClient::Send -- Unable to send message (not connected to UPM process).
[Package Manager] Cannot connect to Unity Package Manager local server
- Finished resetting the current domain, in  2.310 seconds
Domain Reload Profiling: 3174ms
	BeginReloadAssembly (266ms)
		ExecutionOrderSort (0ms)
		DisableScriptedObjects (20ms)
		BackupInstance (0ms)
		ReleaseScriptingObjects (0ms)
		CreateAndSetChildDomain (88ms)
	RebuildCommonClasses (68ms)
	RebuildNativeTypeToScriptingClass (21ms)
	initialDomainReloadingComplete (45ms)
	LoadAllAssembliesAndSetupDomain (463ms)
		LoadAssemblies (521ms)
		RebuildTransferFunctionScriptingTraits (0ms)
		AnalyzeDomain (59ms)
			TypeCache.Refresh (19ms)
				TypeCache.ScanAssembly (3ms)
			ScanForSourceGeneratedMonoScriptInfo (22ms)
			ResolveRequiredComponents (14ms)
	FinalizeReload (2310ms)
		ReleaseScriptCaches (0ms)
		RebuildScriptCaches (0ms)
		SetupLoadedEditorAssemblies (749ms)
			LogAssemblyErrors (0ms)
			InitializePlatformSupportModulesInManaged (54ms)
			SetLoadedEditorAssemblies (8ms)
			RefreshPlugins (0ms)
			BeforeProcessingInitializeOnLoad (117ms)
			ProcessInitializeOnLoadAttributes (505ms)
			ProcessInitializeOnLoadMethodAttributes (61ms)
			AfterProcessingInitializeOnLoad (2ms)
			EditorAssembliesLoaded (0ms)
		ExecutionOrderSort2 (0ms)
		AwakeInstancesAfterBackupRestoration (18ms)
Refreshing native plugins compatible for Editor in 5.22 ms, found 3 plugins.
Preloading 0 native plugins for Editor in 0.00 ms.
Unloading 4319 Unused Serialized files (Serialized files now loaded: 0)
Unloading 19 unused Assets / (31.4 KB). Loaded Objects now: 5027.
Memory consumption went from 361.0 MB to 360.9 MB.
Total: 5.842870 ms (FindLiveObjects: 0.415131 ms CreateObjectMapping: 0.505778 ms MarkObjects: 4.860415 ms  DeleteObjects: 0.059902 ms)

Prepare: number of updated asset objects reloaded= 0
AssetImportParameters requested are different than current active one (requested -> active):
  custom:container-demuxer-ogg: 62fdf1f143b41e24485cea50d1cbac27 -> 
  custom:video-decoder-ogg-theora: a1e56fd34408186e4bbccfd4996cb3dc -> 
  custom:CustomObjectIndexerAttribute: 9a22284fe3817be447336de3de66b15e -> 
  custom:container-demuxer-webm: 4f35f7cbe854078d1ac9338744f61a02 -> 
  custom:container-muxer-webm: aa71ff27fc2769a1b78a27578f13a17b -> 
  custom:scripting/monoscript/fileName/LeaderBoardManager.cs: f79d843b29a22d0e6cb463c849a18400 -> 
  custom:scripting/monoscript/fileName/NetworkManager.cs: 5d227a124a4f614b5ab5a58e0800fccb -> e4fa93220985ebf211f3da91d4ced24a
  custom:video-decoder-webm-vp8: 9c59270c3fd7afecdb556c50c9e8de78 -> 
  custom:SearchIndexIgnoredProperties: e643bd26f0fe6173181afceb89e7c659 -> 
  custom:AudioImporter_EditorPlatform: 3918e3fc78b5a79bad01e8451be0beb8 -> 
  custom:framework-osx-AVFoundation: e770b220cccbd017edd2c1fefb359320 -> 
  custom:video-encoder-webm-vp8: eb34c28f22e8b96e1ab97ce403110664 -> 
  custom:audio-decoder-ogg-vorbis: bf7c407c2cedff20999df2af8eb42d56 -> 
  custom:audio-encoder-webm-vorbis: bf7c407c2cedff20999df2af8eb42d56 -> 
  custom:scripting/precompiled-assembly-types:Assembly-CSharp: 758428c41c2d8ba193c4eb01c041a097 -> 3f7dda8ccb1a71ee7bfa3df822b70911
========================================================================
Received Prepare
Caller must complete domain reload
 #0 GetStacktrace(int)
 #1 DebugStringToFile(DebugStringToFileData const&)
 #2 AssertImplementation(int, char const*, int, int, char const*)
 #3 Internal_ADB_WorkerOnly_DomainReload(AssemblyLoadReason)
 #4 WorkerDomainReloadV2()
 #5 AssetImportWorkerClient::ReloadMonoDomain(AssetResolver&)
 #6 invocation function for block in AssetImportWorkerClient::HandleMessage(PrepareMessage const&)::$_4::operator()() const
 #7 _dispatch_client_callout
 #8 _dispatch_async_and_wait_invoke
 #9 _dispatch_client_callout
 #10 _dispatch_main_queue_drain
 #11 _dispatch_main_queue_callback_4CF
 #12 __CFRUNLOOP_IS_SERVICING_THE_MAIN_DISPATCH_QUEUE__
 #13 __CFRunLoopRun
 #14 CFRunLoopRunSpecific
 #15 RunCurrentEventLoopInMode
 #16 ReceiveNextEventCommon
 #17 _BlockUntilNextEventMatchingListInModeWithFilter
 #18 _DPSNextEvent
 #19 -[NSApplication(NSEvent) _nextEventMatchingEventMask:untilDate:inMode:dequeue:]
 #20 -[NSApplication run]
 #21 NSApplicationMain
 #22 EditorMain(int, char const**)
 #23 main
 #24 start

Begin MonoManager ReloadAssembly
- Loaded All Assemblies, in  0.772 seconds
Native extension for WindowsStandalone target not found
Native extension for iOS target not found
Native extension for Android target not found
Native extension for OSXStandalone target not found
Mono: successfully reloaded assembly
[Package Manager] Server::EnsureServerProcessIsRunning -- launch failed, reason: Unity was launched with the -noUpm command-line argument
[Package Manager] UpmClient::Send -- Unable to send message (not connected to UPM process).
[Package Manager] Cannot connect to Unity Package Manager local server
- Finished resetting the current domain, in  1.539 seconds
Domain Reload Profiling: 2311ms
	BeginReloadAssembly (251ms)
		ExecutionOrderSort (0ms)
		DisableScriptedObjects (19ms)
		BackupInstance (0ms)
		ReleaseScriptingObjects (0ms)
		CreateAndSetChildDomain (82ms)
	RebuildCommonClasses (64ms)
	RebuildNativeTypeToScriptingClass (22ms)
	initialDomainReloadingComplete (42ms)
	LoadAllAssembliesAndSetupDomain (392ms)
		LoadAssemblies (472ms)
		RebuildTransferFunctionScriptingTraits (0ms)
		AnalyzeDomain (29ms)
			TypeCache.Refresh (9ms)
				TypeCache.ScanAssembly (0ms)
			ScanForSourceGeneratedMonoScriptInfo (0ms)
			ResolveRequiredComponents (14ms)
	FinalizeReload (1540ms)
		ReleaseScriptCaches (0ms)
		RebuildScriptCaches (0ms)
		SetupLoadedEditorAssemblies (822ms)
			LogAssemblyErrors (0ms)
			InitializePlatformSupportModulesInManaged (58ms)
			SetLoadedEditorAssemblies (9ms)
			RefreshPlugins (0ms)
			BeforeProcessingInitializeOnLoad (122ms)
			ProcessInitializeOnLoadAttributes (549ms)
			ProcessInitializeOnLoadMethodAttributes (81ms)
			AfterProcessingInitializeOnLoad (3ms)
			EditorAssembliesLoaded (1ms)
		ExecutionOrderSort2 (0ms)
		AwakeInstancesAfterBackupRestoration (22ms)
Refreshing native plugins compatible for Editor in 6.96 ms, found 3 plugins.
Preloading 0 native plugins for Editor in 0.00 ms.
Unloading 4319 Unused Serialized files (Serialized files now loaded: 0)
Unloading 19 unused Assets / (31.4 KB). Loaded Objects now: 5031.
Memory consumption went from 365.3 MB to 365.3 MB.
Total: 6.076708 ms (FindLiveObjects: 0.433032 ms CreateObjectMapping: 0.483625 ms MarkObjects: 5.098071 ms  DeleteObjects: 0.060636 ms)

Prepare: number of updated asset objects reloaded= 0
AssetImportParameters requested are different than current active one (requested -> active):
  custom:container-demuxer-ogg: 62fdf1f143b41e24485cea50d1cbac27 -> 
  custom:video-decoder-ogg-theora: a1e56fd34408186e4bbccfd4996cb3dc -> 
  custom:CustomObjectIndexerAttribute: 9a22284fe3817be447336de3de66b15e -> 
  custom:container-demuxer-webm: 4f35f7cbe854078d1ac9338744f61a02 -> 
  custom:container-muxer-webm: aa71ff27fc2769a1b78a27578f13a17b -> 
  custom:scripting/monoscript/fileName/LeaderBoardManager.cs: f79d843b29a22d0e6cb463c849a18400 -> 
  custom:scripting/monoscript/fileName/NetworkManager.cs: 5d227a124a4f614b5ab5a58e0800fccb -> e4fa93220985ebf211f3da91d4ced24a
  custom:video-decoder-webm-vp8: 9c59270c3fd7afecdb556c50c9e8de78 -> 
  custom:SearchIndexIgnoredProperties: e643bd26f0fe6173181afceb89e7c659 -> 
  custom:AudioImporter_EditorPlatform: 3918e3fc78b5a79bad01e8451be0beb8 -> 
  custom:framework-osx-AVFoundation: e770b220cccbd017edd2c1fefb359320 -> 
  custom:video-encoder-webm-vp8: eb34c28f22e8b96e1ab97ce403110664 -> 
  custom:audio-decoder-ogg-vorbis: bf7c407c2cedff20999df2af8eb42d56 -> 
  custom:audio-encoder-webm-vorbis: bf7c407c2cedff20999df2af8eb42d56 -> 
  custom:scripting/precompiled-assembly-types:Assembly-CSharp: 758428c41c2d8ba193c4eb01c041a097 -> 3f7dda8ccb1a71ee7bfa3df822b70911
========================================================================
Received Prepare
Caller must complete domain reload
 #0 GetStacktrace(int)
 #1 DebugStringToFile(DebugStringToFileData const&)
 #2 AssertImplementation(int, char const*, int, int, char const*)
 #3 Internal_ADB_WorkerOnly_DomainReload(AssemblyLoadReason)
 #4 WorkerDomainReloadV2()
 #5 AssetImportWorkerClient::ReloadMonoDomain(AssetResolver&)
 #6 invocation function for block in AssetImportWorkerClient::HandleMessage(PrepareMessage const&)::$_4::operator()() const
 #7 _dispatch_client_callout
 #8 _dispatch_async_and_wait_invoke
 #9 _dispatch_client_callout
 #10 _dispatch_main_queue_drain
 #11 _dispatch_main_queue_callback_4CF
 #12 __CFRUNLOOP_IS_SERVICING_THE_MAIN_DISPATCH_QUEUE__
 #13 __CFRunLoopRun
 #14 CFRunLoopRunSpecific
 #15 RunCurrentEventLoopInMode
 #16 ReceiveNextEventCommon
 #17 _BlockUntilNextEventMatchingListInModeWithFilter
 #18 _DPSNextEvent
 #19 -[NSApplication(NSEvent) _nextEventMatchingEventMask:untilDate:inMode:dequeue:]
 #20 -[NSApplication run]
 #21 NSApplicationMain
 #22 EditorMain(int, char const**)
 #23 main
 #24 start

Begin MonoManager ReloadAssembly
- Loaded All Assemblies, in  0.803 seconds
Native extension for WindowsStandalone target not found
Native extension for iOS target not found
Native extension for Android target not found
Native extension for OSXStandalone target not found
Mono: successfully reloaded assembly
[Package Manager] Server::EnsureServerProcessIsRunning -- launch failed, reason: Unity was launched with the -noUpm command-line argument
[Package Manager] UpmClient::Send -- Unable to send message (not connected to UPM process).
[Package Manager] Cannot connect to Unity Package Manager local server
- Finished resetting the current domain, in  1.493 seconds
Domain Reload Profiling: 2295ms
	BeginReloadAssembly (260ms)
		ExecutionOrderSort (0ms)
		DisableScriptedObjects (20ms)
		BackupInstance (0ms)
		ReleaseScriptingObjects (0ms)
		CreateAndSetChildDomain (88ms)
	RebuildCommonClasses (66ms)
	RebuildNativeTypeToScriptingClass (21ms)
	initialDomainReloadingComplete (43ms)
	LoadAllAssembliesAndSetupDomain (410ms)
		LoadAssemblies (493ms)
		RebuildTransferFunctionScriptingTraits (0ms)
		AnalyzeDomain (29ms)
			TypeCache.Refresh (9ms)
				TypeCache.ScanAssembly (0ms)
			ScanForSourceGeneratedMonoScriptInfo (0ms)
			ResolveRequiredComponents (15ms)
	FinalizeReload (1494ms)
		ReleaseScriptCaches (0ms)
		RebuildScriptCaches (0ms)
		SetupLoadedEditorAssemblies (787ms)
			LogAssemblyErrors (0ms)
			InitializePlatformSupportModulesInManaged (54ms)
			SetLoadedEditorAssemblies (10ms)
			RefreshPlugins (0ms)
			BeforeProcessingInitializeOnLoad (119ms)
			ProcessInitializeOnLoadAttributes (533ms)
			ProcessInitializeOnLoadMethodAttributes (68ms)
			AfterProcessingInitializeOnLoad (3ms)
			EditorAssembliesLoaded (0ms)
		ExecutionOrderSort2 (0ms)
		AwakeInstancesAfterBackupRestoration (26ms)
Refreshing native plugins compatible for Editor in 8.31 ms, found 3 plugins.
Preloading 0 native plugins for Editor in 0.00 ms.
Unloading 4319 Unused Serialized files (Serialized files now loaded: 0)
Unloading 19 unused Assets / (31.4 KB). Loaded Objects now: 5035.
Memory consumption went from 369.7 MB to 369.6 MB.
Total: 7.059000 ms (FindLiveObjects: 0.447327 ms CreateObjectMapping: 0.520442 ms MarkObjects: 6.030545 ms  DeleteObjects: 0.059448 ms)

Prepare: number of updated asset objects reloaded= 0
AssetImportParameters requested are different than current active one (requested -> active):
  custom:container-demuxer-ogg: 62fdf1f143b41e24485cea50d1cbac27 -> 
  custom:video-decoder-ogg-theora: a1e56fd34408186e4bbccfd4996cb3dc -> 
  custom:CustomObjectIndexerAttribute: 9a22284fe3817be447336de3de66b15e -> 
  custom:container-demuxer-webm: 4f35f7cbe854078d1ac9338744f61a02 -> 
  custom:container-muxer-webm: aa71ff27fc2769a1b78a27578f13a17b -> 
  custom:scripting/monoscript/fileName/LeaderBoardManager.cs: f79d843b29a22d0e6cb463c849a18400 -> 
  custom:scripting/monoscript/fileName/NetworkManager.cs: 5d227a124a4f614b5ab5a58e0800fccb -> e4fa93220985ebf211f3da91d4ced24a
  custom:video-decoder-webm-vp8: 9c59270c3fd7afecdb556c50c9e8de78 -> 
  custom:SearchIndexIgnoredProperties: e643bd26f0fe6173181afceb89e7c659 -> 
  custom:AudioImporter_EditorPlatform: 3918e3fc78b5a79bad01e8451be0beb8 -> 
  custom:framework-osx-AVFoundation: e770b220cccbd017edd2c1fefb359320 -> 
  custom:video-encoder-webm-vp8: eb34c28f22e8b96e1ab97ce403110664 -> 
  custom:audio-decoder-ogg-vorbis: bf7c407c2cedff20999df2af8eb42d56 -> 
  custom:audio-encoder-webm-vorbis: bf7c407c2cedff20999df2af8eb42d56 -> 
  custom:scripting/precompiled-assembly-types:Assembly-CSharp: 758428c41c2d8ba193c4eb01c041a097 -> 3f7dda8ccb1a71ee7bfa3df822b70911
========================================================================
Received Prepare
Caller must complete domain reload
 #0 GetStacktrace(int)
 #1 DebugStringToFile(DebugStringToFileData const&)
 #2 AssertImplementation(int, char const*, int, int, char const*)
 #3 Internal_ADB_WorkerOnly_DomainReload(AssemblyLoadReason)
 #4 WorkerDomainReloadV2()
 #5 AssetImportWorkerClient::ReloadMonoDomain(AssetResolver&)
 #6 invocation function for block in AssetImportWorkerClient::HandleMessage(PrepareMessage const&)::$_4::operator()() const
 #7 _dispatch_client_callout
 #8 _dispatch_async_and_wait_invoke
 #9 _dispatch_client_callout
 #10 _dispatch_main_queue_drain
 #11 _dispatch_main_queue_callback_4CF
 #12 __CFRUNLOOP_IS_SERVICING_THE_MAIN_DISPATCH_QUEUE__
 #13 __CFRunLoopRun
 #14 CFRunLoopRunSpecific
 #15 RunCurrentEventLoopInMode
 #16 ReceiveNextEventCommon
 #17 _BlockUntilNextEventMatchingListInModeWithFilter
 #18 _DPSNextEvent
 #19 -[NSApplication(NSEvent) _nextEventMatchingEventMask:untilDate:inMode:dequeue:]
 #20 -[NSApplication run]
 #21 NSApplicationMain
 #22 EditorMain(int, char const**)
 #23 main
 #24 start

Begin MonoManager ReloadAssembly
- Loaded All Assemblies, in  1.052 seconds
Native extension for WindowsStandalone target not found
Native extension for iOS target not found
Native extension for Android target not found
Native extension for OSXStandalone target not found
Mono: successfully reloaded assembly
[Package Manager] Server::EnsureServerProcessIsRunning -- launch failed, reason: Unity was launched with the -noUpm command-line argument
[Package Manager] UpmClient::Send -- Unable to send message (not connected to UPM process).
[Package Manager] Cannot connect to Unity Package Manager local server
- Finished resetting the current domain, in  2.335 seconds
Domain Reload Profiling: 3386ms
	BeginReloadAssembly (356ms)
		ExecutionOrderSort (0ms)
		DisableScriptedObjects (21ms)
		BackupInstance (0ms)
		ReleaseScriptingObjects (0ms)
		CreateAndSetChildDomain (101ms)
	RebuildCommonClasses (71ms)
	RebuildNativeTypeToScriptingClass (26ms)
	initialDomainReloadingComplete (46ms)
	LoadAllAssembliesAndSetupDomain (552ms)
		LoadAssemblies (685ms)
		RebuildTransferFunctionScriptingTraits (0ms)
		AnalyzeDomain (58ms)
			TypeCache.Refresh (18ms)
				TypeCache.ScanAssembly (3ms)
			ScanForSourceGeneratedMonoScriptInfo (23ms)
			ResolveRequiredComponents (14ms)
	FinalizeReload (2335ms)
		ReleaseScriptCaches (0ms)
		RebuildScriptCaches (0ms)
		SetupLoadedEditorAssemblies (795ms)
			LogAssemblyErrors (0ms)
			InitializePlatformSupportModulesInManaged (52ms)
			SetLoadedEditorAssemblies (9ms)
			RefreshPlugins (0ms)
			BeforeProcessingInitializeOnLoad (117ms)
			ProcessInitializeOnLoadAttributes (545ms)
			ProcessInitializeOnLoadMethodAttributes (69ms)
			AfterProcessingInitializeOnLoad (3ms)
			EditorAssembliesLoaded (0ms)
		ExecutionOrderSort2 (0ms)
		AwakeInstancesAfterBackupRestoration (19ms)
Refreshing native plugins compatible for Editor in 5.30 ms, found 3 plugins.
Preloading 0 native plugins for Editor in 0.00 ms.
Unloading 4319 Unused Serialized files (Serialized files now loaded: 0)
Unloading 19 unused Assets / (31.4 KB). Loaded Objects now: 5039.
Memory consumption went from 374.0 MB to 374.0 MB.
Total: 7.349437 ms (FindLiveObjects: 0.411732 ms CreateObjectMapping: 0.424970 ms MarkObjects: 6.447742 ms  DeleteObjects: 0.063419 ms)

Prepare: number of updated asset objects reloaded= 0
AssetImportParameters requested are different than current active one (requested -> active):
  custom:container-demuxer-ogg: 62fdf1f143b41e24485cea50d1cbac27 -> 
  custom:video-decoder-ogg-theora: a1e56fd34408186e4bbccfd4996cb3dc -> 
  custom:CustomObjectIndexerAttribute: 9a22284fe3817be447336de3de66b15e -> 
  custom:container-demuxer-webm: 4f35f7cbe854078d1ac9338744f61a02 -> 
  custom:container-muxer-webm: aa71ff27fc2769a1b78a27578f13a17b -> 
  custom:scripting/monoscript/fileName/LeaderBoardManager.cs: f79d843b29a22d0e6cb463c849a18400 -> 
  custom:scripting/monoscript/fileName/NetworkManager.cs: 5d227a124a4f614b5ab5a58e0800fccb -> e4fa93220985ebf211f3da91d4ced24a
  custom:video-decoder-webm-vp8: 9c59270c3fd7afecdb556c50c9e8de78 -> 
  custom:SearchIndexIgnoredProperties: e643bd26f0fe6173181afceb89e7c659 -> 
  custom:AudioImporter_EditorPlatform: 3918e3fc78b5a79bad01e8451be0beb8 -> 
  custom:framework-osx-AVFoundation: e770b220cccbd017edd2c1fefb359320 -> 
  custom:video-encoder-webm-vp8: eb34c28f22e8b96e1ab97ce403110664 -> 
  custom:audio-decoder-ogg-vorbis: bf7c407c2cedff20999df2af8eb42d56 -> 
  custom:audio-encoder-webm-vorbis: bf7c407c2cedff20999df2af8eb42d56 -> 
  custom:scripting/precompiled-assembly-types:Assembly-CSharp: d405e23a2353a58d2221557cfa4e4f94 -> 3f7dda8ccb1a71ee7bfa3df822b70911
========================================================================
Received Prepare
Caller must complete domain reload
 #0 GetStacktrace(int)
 #1 DebugStringToFile(DebugStringToFileData const&)
 #2 AssertImplementation(int, char const*, int, int, char const*)
 #3 Internal_ADB_WorkerOnly_DomainReload(AssemblyLoadReason)
 #4 WorkerDomainReloadV2()
 #5 AssetImportWorkerClient::ReloadMonoDomain(AssetResolver&)
 #6 invocation function for block in AssetImportWorkerClient::HandleMessage(PrepareMessage const&)::$_4::operator()() const
 #7 _dispatch_client_callout
 #8 _dispatch_async_and_wait_invoke
 #9 _dispatch_client_callout
 #10 _dispatch_main_queue_drain
 #11 _dispatch_main_queue_callback_4CF
 #12 __CFRUNLOOP_IS_SERVICING_THE_MAIN_DISPATCH_QUEUE__
 #13 __CFRunLoopRun
 #14 CFRunLoopRunSpecific
 #15 RunCurrentEventLoopInMode
 #16 ReceiveNextEventCommon
 #17 _BlockUntilNextEventMatchingListInModeWithFilter
 #18 _DPSNextEvent
 #19 -[NSApplication(NSEvent) _nextEventMatchingEventMask:untilDate:inMode:dequeue:]
 #20 -[NSApplication run]
 #21 NSApplicationMain
 #22 EditorMain(int, char const**)
 #23 main
 #24 start

Begin MonoManager ReloadAssembly
- Loaded All Assemblies, in  0.851 seconds
Native extension for WindowsStandalone target not found
Native extension for iOS target not found
Native extension for Android target not found
Native extension for OSXStandalone target not found
Mono: successfully reloaded assembly
[Package Manager] Server::EnsureServerProcessIsRunning -- launch failed, reason: Unity was launched with the -noUpm command-line argument
[Package Manager] UpmClient::Send -- Unable to send message (not connected to UPM process).
[Package Manager] Cannot connect to Unity Package Manager local server
- Finished resetting the current domain, in  2.358 seconds
Domain Reload Profiling: 3209ms
	BeginReloadAssembly (257ms)
		ExecutionOrderSort (0ms)
		DisableScriptedObjects (20ms)
		BackupInstance (0ms)
		ReleaseScriptingObjects (0ms)
		CreateAndSetChildDomain (87ms)
	RebuildCommonClasses (66ms)
	RebuildNativeTypeToScriptingClass (22ms)
	initialDomainReloadingComplete (44ms)
	LoadAllAssembliesAndSetupDomain (461ms)
		LoadAssemblies (510ms)
		RebuildTransferFunctionScriptingTraits (0ms)
		AnalyzeDomain (60ms)
			TypeCache.Refresh (18ms)
				TypeCache.ScanAssembly (3ms)
			ScanForSourceGeneratedMonoScriptInfo (23ms)
			ResolveRequiredComponents (14ms)
	FinalizeReload (2359ms)
		ReleaseScriptCaches (0ms)
		RebuildScriptCaches (0ms)
		SetupLoadedEditorAssemblies (837ms)
			LogAssemblyErrors (0ms)
			InitializePlatformSupportModulesInManaged (57ms)
			SetLoadedEditorAssemblies (9ms)
			RefreshPlugins (0ms)
			BeforeProcessingInitializeOnLoad (124ms)
			ProcessInitializeOnLoadAttributes (581ms)
			ProcessInitializeOnLoadMethodAttributes (64ms)
			AfterProcessingInitializeOnLoad (2ms)
			EditorAssembliesLoaded (0ms)
		ExecutionOrderSort2 (0ms)
		AwakeInstancesAfterBackupRestoration (18ms)
Refreshing native plugins compatible for Editor in 5.00 ms, found 3 plugins.
Preloading 0 native plugins for Editor in 0.00 ms.
Unloading 4319 Unused Serialized files (Serialized files now loaded: 0)
Unloading 19 unused Assets / (31.4 KB). Loaded Objects now: 5043.
Memory consumption went from 378.4 MB to 378.3 MB.
Total: 5.621251 ms (FindLiveObjects: 0.427847 ms CreateObjectMapping: 0.425087 ms MarkObjects: 4.710796 ms  DeleteObjects: 0.056290 ms)

Prepare: number of updated asset objects reloaded= 0
AssetImportParameters requested are different than current active one (requested -> active):
  custom:container-demuxer-ogg: 62fdf1f143b41e24485cea50d1cbac27 -> 
  custom:video-decoder-ogg-theora: a1e56fd34408186e4bbccfd4996cb3dc -> 
  custom:CustomObjectIndexerAttribute: 9a22284fe3817be447336de3de66b15e -> 
  custom:container-demuxer-webm: 4f35f7cbe854078d1ac9338744f61a02 -> 
  custom:container-muxer-webm: aa71ff27fc2769a1b78a27578f13a17b -> 
  custom:scripting/monoscript/fileName/LeaderBoardManager.cs: f79d843b29a22d0e6cb463c849a18400 -> 
  custom:scripting/monoscript/fileName/NetworkManager.cs: 5d227a124a4f614b5ab5a58e0800fccb -> e4fa93220985ebf211f3da91d4ced24a
  custom:video-decoder-webm-vp8: 9c59270c3fd7afecdb556c50c9e8de78 -> 
  custom:SearchIndexIgnoredProperties: e643bd26f0fe6173181afceb89e7c659 -> 
  custom:AudioImporter_EditorPlatform: 3918e3fc78b5a79bad01e8451be0beb8 -> 
  custom:framework-osx-AVFoundation: e770b220cccbd017edd2c1fefb359320 -> 
  custom:video-encoder-webm-vp8: eb34c28f22e8b96e1ab97ce403110664 -> 
  custom:audio-decoder-ogg-vorbis: bf7c407c2cedff20999df2af8eb42d56 -> 
  custom:audio-encoder-webm-vorbis: bf7c407c2cedff20999df2af8eb42d56 -> 
  custom:scripting/precompiled-assembly-types:Assembly-CSharp: bd8b3800364436b8596a4a9aa1a09cc1 -> 3f7dda8ccb1a71ee7bfa3df822b70911
========================================================================
Received Prepare
Caller must complete domain reload
 #0 GetStacktrace(int)
 #1 DebugStringToFile(DebugStringToFileData const&)
 #2 AssertImplementation(int, char const*, int, int, char const*)
 #3 Internal_ADB_WorkerOnly_DomainReload(AssemblyLoadReason)
 #4 WorkerDomainReloadV2()
 #5 AssetImportWorkerClient::ReloadMonoDomain(AssetResolver&)
 #6 invocation function for block in AssetImportWorkerClient::HandleMessage(PrepareMessage const&)::$_4::operator()() const
 #7 _dispatch_client_callout
 #8 _dispatch_async_and_wait_invoke
 #9 _dispatch_client_callout
 #10 _dispatch_main_queue_drain
 #11 _dispatch_main_queue_callback_4CF
 #12 __CFRUNLOOP_IS_SERVICING_THE_MAIN_DISPATCH_QUEUE__
 #13 __CFRunLoopRun
 #14 CFRunLoopRunSpecific
 #15 RunCurrentEventLoopInMode
 #16 ReceiveNextEventCommon
 #17 _BlockUntilNextEventMatchingListInModeWithFilter
 #18 _DPSNextEvent
 #19 -[NSApplication(NSEvent) _nextEventMatchingEventMask:untilDate:inMode:dequeue:]
 #20 -[NSApplication run]
 #21 NSApplicationMain
 #22 EditorMain(int, char const**)
 #23 main
 #24 start

Begin MonoManager ReloadAssembly
- Loaded All Assemblies, in  0.783 seconds
Native extension for WindowsStandalone target not found
Native extension for iOS target not found
Native extension for Android target not found
Native extension for OSXStandalone target not found
Mono: successfully reloaded assembly
[Package Manager] Server::EnsureServerProcessIsRunning -- launch failed, reason: Unity was launched with the -noUpm command-line argument
[Package Manager] UpmClient::Send -- Unable to send message (not connected to UPM process).
[Package Manager] Cannot connect to Unity Package Manager local server
- Finished resetting the current domain, in  1.509 seconds
Domain Reload Profiling: 2292ms
	BeginReloadAssembly (254ms)
		ExecutionOrderSort (0ms)
		DisableScriptedObjects (21ms)
		BackupInstance (0ms)
		ReleaseScriptingObjects (0ms)
		CreateAndSetChildDomain (84ms)
	RebuildCommonClasses (66ms)
	RebuildNativeTypeToScriptingClass (22ms)
	initialDomainReloadingComplete (43ms)
	LoadAllAssembliesAndSetupDomain (397ms)
		LoadAssemblies (478ms)
		RebuildTransferFunctionScriptingTraits (0ms)
		AnalyzeDomain (28ms)
			TypeCache.Refresh (10ms)
				TypeCache.ScanAssembly (0ms)
			ScanForSourceGeneratedMonoScriptInfo (0ms)
			ResolveRequiredComponents (14ms)
	FinalizeReload (1510ms)
		ReleaseScriptCaches (0ms)
		RebuildScriptCaches (0ms)
		SetupLoadedEditorAssemblies (796ms)
			LogAssemblyErrors (0ms)
			InitializePlatformSupportModulesInManaged (54ms)
			SetLoadedEditorAssemblies (8ms)
			RefreshPlugins (0ms)
			BeforeProcessingInitializeOnLoad (121ms)
			ProcessInitializeOnLoadAttributes (525ms)
			ProcessInitializeOnLoadMethodAttributes (85ms)
			AfterProcessingInitializeOnLoad (3ms)
			EditorAssembliesLoaded (1ms)
		ExecutionOrderSort2 (0ms)
		AwakeInstancesAfterBackupRestoration (23ms)
Refreshing native plugins compatible for Editor in 6.48 ms, found 3 plugins.
Preloading 0 native plugins for Editor in 0.00 ms.
Unloading 4319 Unused Serialized files (Serialized files now loaded: 0)
Unloading 19 unused Assets / (31.4 KB). Loaded Objects now: 5047.
Memory consumption went from 382.7 MB to 382.7 MB.
Total: 5.960150 ms (FindLiveObjects: 0.416627 ms CreateObjectMapping: 0.386075 ms MarkObjects: 5.087029 ms  DeleteObjects: 0.069037 ms)

Prepare: number of updated asset objects reloaded= 0
AssetImportParameters requested are different than current active one (requested -> active):
  custom:container-demuxer-ogg: 62fdf1f143b41e24485cea50d1cbac27 -> 
  custom:video-decoder-ogg-theora: a1e56fd34408186e4bbccfd4996cb3dc -> 
  custom:CustomObjectIndexerAttribute: 9a22284fe3817be447336de3de66b15e -> 
  custom:container-demuxer-webm: 4f35f7cbe854078d1ac9338744f61a02 -> 
  custom:container-muxer-webm: aa71ff27fc2769a1b78a27578f13a17b -> 
  custom:scripting/monoscript/fileName/LeaderBoardManager.cs: f79d843b29a22d0e6cb463c849a18400 -> 
  custom:scripting/monoscript/fileName/NetworkManager.cs: 5d227a124a4f614b5ab5a58e0800fccb -> e4fa93220985ebf211f3da91d4ced24a
  custom:video-decoder-webm-vp8: 9c59270c3fd7afecdb556c50c9e8de78 -> 
  custom:SearchIndexIgnoredProperties: e643bd26f0fe6173181afceb89e7c659 -> 
  custom:AudioImporter_EditorPlatform: 3918e3fc78b5a79bad01e8451be0beb8 -> 
  custom:framework-osx-AVFoundation: e770b220cccbd017edd2c1fefb359320 -> 
  custom:video-encoder-webm-vp8: eb34c28f22e8b96e1ab97ce403110664 -> 
  custom:audio-decoder-ogg-vorbis: bf7c407c2cedff20999df2af8eb42d56 -> 
  custom:audio-encoder-webm-vorbis: bf7c407c2cedff20999df2af8eb42d56 -> 
  custom:scripting/precompiled-assembly-types:Assembly-CSharp: bd8b3800364436b8596a4a9aa1a09cc1 -> 3f7dda8ccb1a71ee7bfa3df822b70911
========================================================================
Received Prepare
Caller must complete domain reload
 #0 GetStacktrace(int)
 #1 DebugStringToFile(DebugStringToFileData const&)
 #2 AssertImplementation(int, char const*, int, int, char const*)
 #3 Internal_ADB_WorkerOnly_DomainReload(AssemblyLoadReason)
 #4 WorkerDomainReloadV2()
 #5 AssetImportWorkerClient::ReloadMonoDomain(AssetResolver&)
 #6 invocation function for block in AssetImportWorkerClient::HandleMessage(PrepareMessage const&)::$_4::operator()() const
 #7 _dispatch_client_callout
 #8 _dispatch_async_and_wait_invoke
 #9 _dispatch_client_callout
 #10 _dispatch_main_queue_drain
 #11 _dispatch_main_queue_callback_4CF
 #12 __CFRUNLOOP_IS_SERVICING_THE_MAIN_DISPATCH_QUEUE__
 #13 __CFRunLoopRun
 #14 CFRunLoopRunSpecific
 #15 RunCurrentEventLoopInMode
 #16 ReceiveNextEventCommon
 #17 _BlockUntilNextEventMatchingListInModeWithFilter
 #18 _DPSNextEvent
 #19 -[NSApplication(NSEvent) _nextEventMatchingEventMask:untilDate:inMode:dequeue:]
 #20 -[NSApplication run]
 #21 NSApplicationMain
 #22 EditorMain(int, char const**)
 #23 main
 #24 start

Begin MonoManager ReloadAssembly
- Loaded All Assemblies, in  0.896 seconds
Native extension for WindowsStandalone target not found
Native extension for iOS target not found
Native extension for Android target not found
Native extension for OSXStandalone target not found
Mono: successfully reloaded assembly
[Package Manager] Server::EnsureServerProcessIsRunning -- launch failed, reason: Unity was launched with the -noUpm command-line argument
[Package Manager] UpmClient::Send -- Unable to send message (not connected to UPM process).
[Package Manager] Cannot connect to Unity Package Manager local server
- Finished resetting the current domain, in  2.674 seconds
Domain Reload Profiling: 3572ms
	BeginReloadAssembly (313ms)
		ExecutionOrderSort (0ms)
		DisableScriptedObjects (27ms)
		BackupInstance (0ms)
		ReleaseScriptingObjects (0ms)
		CreateAndSetChildDomain (110ms)
	RebuildCommonClasses (71ms)
	RebuildNativeTypeToScriptingClass (22ms)
	initialDomainReloadingComplete (44ms)
	LoadAllAssembliesAndSetupDomain (447ms)
		LoadAssemblies (541ms)
		RebuildTransferFunctionScriptingTraits (0ms)
		AnalyzeDomain (32ms)
			TypeCache.Refresh (12ms)
				TypeCache.ScanAssembly (0ms)
			ScanForSourceGeneratedMonoScriptInfo (0ms)
			ResolveRequiredComponents (16ms)
	FinalizeReload (2675ms)
		ReleaseScriptCaches (0ms)
		RebuildScriptCaches (0ms)
		SetupLoadedEditorAssemblies (1028ms)
			LogAssemblyErrors (0ms)
			InitializePlatformSupportModulesInManaged (71ms)
			SetLoadedEditorAssemblies (12ms)
			RefreshPlugins (0ms)
			BeforeProcessingInitializeOnLoad (159ms)
			ProcessInitializeOnLoadAttributes (698ms)
			ProcessInitializeOnLoadMethodAttributes (84ms)
			AfterProcessingInitializeOnLoad (3ms)
			EditorAssembliesLoaded (1ms)
		ExecutionOrderSort2 (0ms)
		AwakeInstancesAfterBackupRestoration (23ms)
Refreshing native plugins compatible for Editor in 6.75 ms, found 3 plugins.
Preloading 0 native plugins for Editor in 0.00 ms.
Unloading 4319 Unused Serialized files (Serialized files now loaded: 0)
Unloading 19 unused Assets / (31.4 KB). Loaded Objects now: 5051.
Memory consumption went from 387.1 MB to 387.0 MB.
Total: 7.347538 ms (FindLiveObjects: 0.520742 ms CreateObjectMapping: 0.481499 ms MarkObjects: 6.274134 ms  DeleteObjects: 0.069477 ms)

Prepare: number of updated asset objects reloaded= 0
AssetImportParameters requested are different than current active one (requested -> active):
  custom:container-demuxer-ogg: 62fdf1f143b41e24485cea50d1cbac27 -> 
  custom:video-decoder-ogg-theora: a1e56fd34408186e4bbccfd4996cb3dc -> 
  custom:CustomObjectIndexerAttribute: 9a22284fe3817be447336de3de66b15e -> 
  custom:container-demuxer-webm: 4f35f7cbe854078d1ac9338744f61a02 -> 
  custom:container-muxer-webm: aa71ff27fc2769a1b78a27578f13a17b -> 
  custom:scripting/monoscript/fileName/LeaderBoardManager.cs: f79d843b29a22d0e6cb463c849a18400 -> 
  custom:scripting/monoscript/fileName/NetworkManager.cs: 5d227a124a4f614b5ab5a58e0800fccb -> e4fa93220985ebf211f3da91d4ced24a
  custom:video-decoder-webm-vp8: 9c59270c3fd7afecdb556c50c9e8de78 -> 
  custom:SearchIndexIgnoredProperties: e643bd26f0fe6173181afceb89e7c659 -> 
  custom:AudioImporter_EditorPlatform: 3918e3fc78b5a79bad01e8451be0beb8 -> 
  custom:framework-osx-AVFoundation: e770b220cccbd017edd2c1fefb359320 -> 
  custom:video-encoder-webm-vp8: eb34c28f22e8b96e1ab97ce403110664 -> 
  custom:audio-decoder-ogg-vorbis: bf7c407c2cedff20999df2af8eb42d56 -> 
  custom:audio-encoder-webm-vorbis: bf7c407c2cedff20999df2af8eb42d56 -> 
  custom:scripting/precompiled-assembly-types:Assembly-CSharp: bd8b3800364436b8596a4a9aa1a09cc1 -> 3f7dda8ccb1a71ee7bfa3df822b70911
========================================================================
Received Prepare
Caller must complete domain reload
 #0 GetStacktrace(int)
 #1 DebugStringToFile(DebugStringToFileData const&)
 #2 AssertImplementation(int, char const*, int, int, char const*)
 #3 Internal_ADB_WorkerOnly_DomainReload(AssemblyLoadReason)
 #4 WorkerDomainReloadV2()
 #5 AssetImportWorkerClient::ReloadMonoDomain(AssetResolver&)
 #6 invocation function for block in AssetImportWorkerClient::HandleMessage(PrepareMessage const&)::$_4::operator()() const
 #7 _dispatch_client_callout
 #8 _dispatch_async_and_wait_invoke
 #9 _dispatch_client_callout
 #10 _dispatch_main_queue_drain
 #11 _dispatch_main_queue_callback_4CF
 #12 __CFRUNLOOP_IS_SERVICING_THE_MAIN_DISPATCH_QUEUE__
 #13 __CFRunLoopRun
 #14 CFRunLoopRunSpecific
 #15 RunCurrentEventLoopInMode
 #16 ReceiveNextEventCommon
 #17 _BlockUntilNextEventMatchingListInModeWithFilter
 #18 _DPSNextEvent
 #19 -[NSApplication(NSEvent) _nextEventMatchingEventMask:untilDate:inMode:dequeue:]
 #20 -[NSApplication run]
 #21 NSApplicationMain
 #22 EditorMain(int, char const**)
 #23 main
 #24 start

Begin MonoManager ReloadAssembly
- Loaded All Assemblies, in  2.619 seconds
Native extension for WindowsStandalone target not found
Native extension for iOS target not found
Native extension for Android target not found
Native extension for OSXStandalone target not found
Mono: successfully reloaded assembly
[Package Manager] Server::EnsureServerProcessIsRunning -- launch failed, reason: Unity was launched with the -noUpm command-line argument
[Package Manager] UpmClient::Send -- Unable to send message (not connected to UPM process).
[Package Manager] Cannot connect to Unity Package Manager local server
- Finished resetting the current domain, in  3.104 seconds
Domain Reload Profiling: 5720ms
	BeginReloadAssembly (528ms)
		ExecutionOrderSort (0ms)
		DisableScriptedObjects (30ms)
		BackupInstance (0ms)
		ReleaseScriptingObjects (0ms)
		CreateAndSetChildDomain (220ms)
	RebuildCommonClasses (283ms)
	RebuildNativeTypeToScriptingClass (79ms)
	initialDomainReloadingComplete (103ms)
	LoadAllAssembliesAndSetupDomain (1621ms)
		LoadAssemblies (1608ms)
		RebuildTransferFunctionScriptingTraits (0ms)
		AnalyzeDomain (234ms)
			TypeCache.Refresh (59ms)
				TypeCache.ScanAssembly (16ms)
			ScanForSourceGeneratedMonoScriptInfo (80ms)
			ResolveRequiredComponents (68ms)
	FinalizeReload (3105ms)
		ReleaseScriptCaches (0ms)
		RebuildScriptCaches (0ms)
		SetupLoadedEditorAssemblies (911ms)
			LogAssemblyErrors (0ms)
			InitializePlatformSupportModulesInManaged (57ms)
			SetLoadedEditorAssemblies (9ms)
			RefreshPlugins (0ms)
			BeforeProcessingInitializeOnLoad (147ms)
			ProcessInitializeOnLoadAttributes (609ms)
			ProcessInitializeOnLoadMethodAttributes (84ms)
			AfterProcessingInitializeOnLoad (6ms)
			EditorAssembliesLoaded (1ms)
		ExecutionOrderSort2 (0ms)
		AwakeInstancesAfterBackupRestoration (33ms)
Refreshing native plugins compatible for Editor in 6.39 ms, found 3 plugins.
Preloading 0 native plugins for Editor in 0.00 ms.
Unloading 4319 Unused Serialized files (Serialized files now loaded: 0)
Unloading 19 unused Assets / (31.4 KB). Loaded Objects now: 5055.
Memory consumption went from 391.4 MB to 391.4 MB.
Total: 6.214075 ms (FindLiveObjects: 0.418197 ms CreateObjectMapping: 0.405357 ms MarkObjects: 5.323537 ms  DeleteObjects: 0.065664 ms)

Prepare: number of updated asset objects reloaded= 0
AssetImportParameters requested are different than current active one (requested -> active):
  custom:container-demuxer-ogg: 62fdf1f143b41e24485cea50d1cbac27 -> 
  custom:video-decoder-ogg-theora: a1e56fd34408186e4bbccfd4996cb3dc -> 
  custom:CustomObjectIndexerAttribute: 9a22284fe3817be447336de3de66b15e -> 
  custom:container-demuxer-webm: 4f35f7cbe854078d1ac9338744f61a02 -> 
  custom:container-muxer-webm: aa71ff27fc2769a1b78a27578f13a17b -> 
  custom:scripting/monoscript/fileName/LeaderBoardManager.cs: f79d843b29a22d0e6cb463c849a18400 -> 
  custom:scripting/monoscript/fileName/NetworkManager.cs: 5d227a124a4f614b5ab5a58e0800fccb -> e4fa93220985ebf211f3da91d4ced24a
  custom:video-decoder-webm-vp8: 9c59270c3fd7afecdb556c50c9e8de78 -> 
  custom:SearchIndexIgnoredProperties: e643bd26f0fe6173181afceb89e7c659 -> 
  custom:AudioImporter_EditorPlatform: 3918e3fc78b5a79bad01e8451be0beb8 -> 
  custom:framework-osx-AVFoundation: e770b220cccbd017edd2c1fefb359320 -> 
  custom:video-encoder-webm-vp8: eb34c28f22e8b96e1ab97ce403110664 -> 
  custom:audio-decoder-ogg-vorbis: bf7c407c2cedff20999df2af8eb42d56 -> 
  custom:audio-encoder-webm-vorbis: bf7c407c2cedff20999df2af8eb42d56 -> 
  custom:scripting/precompiled-assembly-types:Assembly-CSharp: bd8b3800364436b8596a4a9aa1a09cc1 -> 3f7dda8ccb1a71ee7bfa3df822b70911
========================================================================
Received Prepare
Caller must complete domain reload
 #0 GetStacktrace(int)
 #1 DebugStringToFile(DebugStringToFileData const&)
 #2 AssertImplementation(int, char const*, int, int, char const*)
 #3 Internal_ADB_WorkerOnly_DomainReload(AssemblyLoadReason)
 #4 WorkerDomainReloadV2()
 #5 AssetImportWorkerClient::ReloadMonoDomain(AssetResolver&)
 #6 invocation function for block in AssetImportWorkerClient::HandleMessage(PrepareMessage const&)::$_4::operator()() const
 #7 _dispatch_client_callout
 #8 _dispatch_async_and_wait_invoke
 #9 _dispatch_client_callout
 #10 _dispatch_main_queue_drain
 #11 _dispatch_main_queue_callback_4CF
 #12 __CFRUNLOOP_IS_SERVICING_THE_MAIN_DISPATCH_QUEUE__
 #13 __CFRunLoopRun
 #14 CFRunLoopRunSpecific
 #15 RunCurrentEventLoopInMode
 #16 ReceiveNextEventCommon
 #17 _BlockUntilNextEventMatchingListInModeWithFilter
 #18 _DPSNextEvent
 #19 -[NSApplication(NSEvent) _nextEventMatchingEventMask:untilDate:inMode:dequeue:]
 #20 -[NSApplication run]
 #21 NSApplicationMain
 #22 EditorMain(int, char const**)
 #23 main
 #24 start

Begin MonoManager ReloadAssembly
- Loaded All Assemblies, in  0.846 seconds
Native extension for WindowsStandalone target not found
Native extension for iOS target not found
Native extension for Android target not found
Native extension for OSXStandalone target not found
Mono: successfully reloaded assembly
[Package Manager] Server::EnsureServerProcessIsRunning -- launch failed, reason: Unity was launched with the -noUpm command-line argument
[Package Manager] UpmClient::Send -- Unable to send message (not connected to UPM process).
[Package Manager] Cannot connect to Unity Package Manager local server
- Finished resetting the current domain, in  2.277 seconds
Domain Reload Profiling: 3122ms
	BeginReloadAssembly (251ms)
		ExecutionOrderSort (0ms)
		DisableScriptedObjects (20ms)
		BackupInstance (0ms)
		ReleaseScriptingObjects (0ms)
		CreateAndSetChildDomain (81ms)
	RebuildCommonClasses (65ms)
	RebuildNativeTypeToScriptingClass (22ms)
	initialDomainReloadingComplete (42ms)
	LoadAllAssembliesAndSetupDomain (464ms)
		LoadAssemblies (514ms)
		RebuildTransferFunctionScriptingTraits (0ms)
		AnalyzeDomain (60ms)
			TypeCache.Refresh (19ms)
				TypeCache.ScanAssembly (3ms)
			ScanForSourceGeneratedMonoScriptInfo (22ms)
			ResolveRequiredComponents (14ms)
	FinalizeReload (2278ms)
		ReleaseScriptCaches (0ms)
		RebuildScriptCaches (0ms)
		SetupLoadedEditorAssemblies (751ms)
			LogAssemblyErrors (0ms)
			InitializePlatformSupportModulesInManaged (53ms)
			SetLoadedEditorAssemblies (8ms)
			RefreshPlugins (0ms)
			BeforeProcessingInitializeOnLoad (118ms)
			ProcessInitializeOnLoadAttributes (508ms)
			ProcessInitializeOnLoadMethodAttributes (60ms)
			AfterProcessingInitializeOnLoad (4ms)
			EditorAssembliesLoaded (0ms)
		ExecutionOrderSort2 (0ms)
		AwakeInstancesAfterBackupRestoration (18ms)
Refreshing native plugins compatible for Editor in 5.71 ms, found 3 plugins.
Preloading 0 native plugins for Editor in 0.00 ms.
Unloading 4319 Unused Serialized files (Serialized files now loaded: 0)
Unloading 19 unused Assets / (31.4 KB). Loaded Objects now: 5059.
Memory consumption went from 395.8 MB to 395.7 MB.
Total: 5.503637 ms (FindLiveObjects: 0.381062 ms CreateObjectMapping: 0.433588 ms MarkObjects: 4.632337 ms  DeleteObjects: 0.055403 ms)

Prepare: number of updated asset objects reloaded= 0
AssetImportParameters requested are different than current active one (requested -> active):
  custom:container-demuxer-ogg: 62fdf1f143b41e24485cea50d1cbac27 -> 
  custom:video-decoder-ogg-theora: a1e56fd34408186e4bbccfd4996cb3dc -> 
  custom:CustomObjectIndexerAttribute: 9a22284fe3817be447336de3de66b15e -> 
  custom:container-demuxer-webm: 4f35f7cbe854078d1ac9338744f61a02 -> 
  custom:container-muxer-webm: aa71ff27fc2769a1b78a27578f13a17b -> 
  custom:scripting/monoscript/fileName/LeaderBoardManager.cs: f79d843b29a22d0e6cb463c849a18400 -> 
  custom:scripting/monoscript/fileName/NetworkManager.cs: 5d227a124a4f614b5ab5a58e0800fccb -> e4fa93220985ebf211f3da91d4ced24a
  custom:video-decoder-webm-vp8: 9c59270c3fd7afecdb556c50c9e8de78 -> 
  custom:SearchIndexIgnoredProperties: e643bd26f0fe6173181afceb89e7c659 -> 
  custom:AudioImporter_EditorPlatform: 3918e3fc78b5a79bad01e8451be0beb8 -> 
  custom:framework-osx-AVFoundation: e770b220cccbd017edd2c1fefb359320 -> 
  custom:video-encoder-webm-vp8: eb34c28f22e8b96e1ab97ce403110664 -> 
  custom:audio-decoder-ogg-vorbis: bf7c407c2cedff20999df2af8eb42d56 -> 
  custom:audio-encoder-webm-vorbis: bf7c407c2cedff20999df2af8eb42d56 -> 
  custom:scripting/precompiled-assembly-types:Assembly-CSharp: bd8b3800364436b8596a4a9aa1a09cc1 -> 3f7dda8ccb1a71ee7bfa3df822b70911
========================================================================
Received Prepare
Caller must complete domain reload
 #0 GetStacktrace(int)
 #1 DebugStringToFile(DebugStringToFileData const&)
 #2 AssertImplementation(int, char const*, int, int, char const*)
 #3 Internal_ADB_WorkerOnly_DomainReload(AssemblyLoadReason)
 #4 WorkerDomainReloadV2()
 #5 AssetImportWorkerClient::ReloadMonoDomain(AssetResolver&)
 #6 invocation function for block in AssetImportWorkerClient::HandleMessage(PrepareMessage const&)::$_4::operator()() const
 #7 _dispatch_client_callout
 #8 _dispatch_async_and_wait_invoke
 #9 _dispatch_client_callout
 #10 _dispatch_main_queue_drain
 #11 _dispatch_main_queue_callback_4CF
 #12 __CFRUNLOOP_IS_SERVICING_THE_MAIN_DISPATCH_QUEUE__
 #13 __CFRunLoopRun
 #14 CFRunLoopRunSpecific
 #15 RunCurrentEventLoopInMode
 #16 ReceiveNextEventCommon
 #17 _BlockUntilNextEventMatchingListInModeWithFilter
 #18 _DPSNextEvent
 #19 -[NSApplication(NSEvent) _nextEventMatchingEventMask:untilDate:inMode:dequeue:]
 #20 -[NSApplication run]
 #21 NSApplicationMain
 #22 EditorMain(int, char const**)
 #23 main
 #24 start

Begin MonoManager ReloadAssembly
- Loaded All Assemblies, in  0.860 seconds
Native extension for WindowsStandalone target not found
Native extension for iOS target not found
Native extension for Android target not found
Native extension for OSXStandalone target not found
Mono: successfully reloaded assembly
[Package Manager] Server::EnsureServerProcessIsRunning -- launch failed, reason: Unity was launched with the -noUpm command-line argument
[Package Manager] UpmClient::Send -- Unable to send message (not connected to UPM process).
[Package Manager] Cannot connect to Unity Package Manager local server
- Finished resetting the current domain, in  2.359 seconds
Domain Reload Profiling: 3218ms
	BeginReloadAssembly (260ms)
		ExecutionOrderSort (0ms)
		DisableScriptedObjects (21ms)
		BackupInstance (0ms)
		ReleaseScriptingObjects (0ms)
		CreateAndSetChildDomain (85ms)
	RebuildCommonClasses (67ms)
	RebuildNativeTypeToScriptingClass (22ms)
	initialDomainReloadingComplete (49ms)
	LoadAllAssembliesAndSetupDomain (461ms)
		LoadAssemblies (516ms)
		RebuildTransferFunctionScriptingTraits (0ms)
		AnalyzeDomain (58ms)
			TypeCache.Refresh (18ms)
				TypeCache.ScanAssembly (3ms)
			ScanForSourceGeneratedMonoScriptInfo (22ms)
			ResolveRequiredComponents (14ms)
	FinalizeReload (2360ms)
		ReleaseScriptCaches (0ms)
		RebuildScriptCaches (0ms)
		SetupLoadedEditorAssemblies (831ms)
			LogAssemblyErrors (0ms)
			InitializePlatformSupportModulesInManaged (59ms)
			SetLoadedEditorAssemblies (8ms)
			RefreshPlugins (0ms)
			BeforeProcessingInitializeOnLoad (160ms)
			ProcessInitializeOnLoadAttributes (534ms)
			ProcessInitializeOnLoadMethodAttributes (66ms)
			AfterProcessingInitializeOnLoad (2ms)
			EditorAssembliesLoaded (0ms)
		ExecutionOrderSort2 (0ms)
		AwakeInstancesAfterBackupRestoration (19ms)
Refreshing native plugins compatible for Editor in 4.34 ms, found 3 plugins.
Preloading 0 native plugins for Editor in 0.00 ms.
Unloading 4319 Unused Serialized files (Serialized files now loaded: 0)
Unloading 19 unused Assets / (31.4 KB). Loaded Objects now: 5063.
Memory consumption went from 400.1 MB to 400.1 MB.
Total: 6.066262 ms (FindLiveObjects: 0.387949 ms CreateObjectMapping: 0.452828 ms MarkObjects: 5.165348 ms  DeleteObjects: 0.058854 ms)

Prepare: number of updated asset objects reloaded= 0
AssetImportParameters requested are different than current active one (requested -> active):
  custom:container-demuxer-ogg: 62fdf1f143b41e24485cea50d1cbac27 -> 
  custom:video-decoder-ogg-theora: a1e56fd34408186e4bbccfd4996cb3dc -> 
  custom:CustomObjectIndexerAttribute: 9a22284fe3817be447336de3de66b15e -> 
  custom:container-demuxer-webm: 4f35f7cbe854078d1ac9338744f61a02 -> 
  custom:container-muxer-webm: aa71ff27fc2769a1b78a27578f13a17b -> 
  custom:scripting/monoscript/fileName/LeaderBoardManager.cs: f79d843b29a22d0e6cb463c849a18400 -> 
  custom:scripting/monoscript/fileName/NetworkManager.cs: 5d227a124a4f614b5ab5a58e0800fccb -> e4fa93220985ebf211f3da91d4ced24a
  custom:video-decoder-webm-vp8: 9c59270c3fd7afecdb556c50c9e8de78 -> 
  custom:SearchIndexIgnoredProperties: e643bd26f0fe6173181afceb89e7c659 -> 
  custom:AudioImporter_EditorPlatform: 3918e3fc78b5a79bad01e8451be0beb8 -> 
  custom:framework-osx-AVFoundation: e770b220cccbd017edd2c1fefb359320 -> 
  custom:video-encoder-webm-vp8: eb34c28f22e8b96e1ab97ce403110664 -> 
  custom:audio-decoder-ogg-vorbis: bf7c407c2cedff20999df2af8eb42d56 -> 
  custom:audio-encoder-webm-vorbis: bf7c407c2cedff20999df2af8eb42d56 -> 
  custom:scripting/precompiled-assembly-types:Assembly-CSharp: bd8b3800364436b8596a4a9aa1a09cc1 -> 3f7dda8ccb1a71ee7bfa3df822b70911
========================================================================
Received Prepare
Caller must complete domain reload
 #0 GetStacktrace(int)
 #1 DebugStringToFile(DebugStringToFileData const&)
 #2 AssertImplementation(int, char const*, int, int, char const*)
 #3 Internal_ADB_WorkerOnly_DomainReload(AssemblyLoadReason)
 #4 WorkerDomainReloadV2()
 #5 AssetImportWorkerClient::ReloadMonoDomain(AssetResolver&)
 #6 invocation function for block in AssetImportWorkerClient::HandleMessage(PrepareMessage const&)::$_4::operator()() const
 #7 _dispatch_client_callout
 #8 _dispatch_async_and_wait_invoke
 #9 _dispatch_client_callout
 #10 _dispatch_main_queue_drain
 #11 _dispatch_main_queue_callback_4CF
 #12 __CFRUNLOOP_IS_SERVICING_THE_MAIN_DISPATCH_QUEUE__
 #13 __CFRunLoopRun
 #14 CFRunLoopRunSpecific
 #15 RunCurrentEventLoopInMode
 #16 ReceiveNextEventCommon
 #17 _BlockUntilNextEventMatchingListInModeWithFilter
 #18 _DPSNextEvent
 #19 -[NSApplication(NSEvent) _nextEventMatchingEventMask:untilDate:inMode:dequeue:]
 #20 -[NSApplication run]
 #21 NSApplicationMain
 #22 EditorMain(int, char const**)
 #23 main
 #24 start

Begin MonoManager ReloadAssembly
- Loaded All Assemblies, in  0.799 seconds
Native extension for WindowsStandalone target not found
Native extension for iOS target not found
Native extension for Android target not found
Native extension for OSXStandalone target not found
Mono: successfully reloaded assembly
[Package Manager] Server::EnsureServerProcessIsRunning -- launch failed, reason: Unity was launched with the -noUpm command-line argument
[Package Manager] UpmClient::Send -- Unable to send message (not connected to UPM process).
[Package Manager] Cannot connect to Unity Package Manager local server
- Finished resetting the current domain, in  1.539 seconds
Domain Reload Profiling: 2338ms
	BeginReloadAssembly (269ms)
		ExecutionOrderSort (0ms)
		DisableScriptedObjects (23ms)
		BackupInstance (0ms)
		ReleaseScriptingObjects (0ms)
		CreateAndSetChildDomain (94ms)
	RebuildCommonClasses (66ms)
	RebuildNativeTypeToScriptingClass (22ms)
	initialDomainReloadingComplete (43ms)
	LoadAllAssembliesAndSetupDomain (398ms)
		LoadAssemblies (480ms)
		RebuildTransferFunctionScriptingTraits (0ms)
		AnalyzeDomain (29ms)
			TypeCache.Refresh (10ms)
				TypeCache.ScanAssembly (0ms)
			ScanForSourceGeneratedMonoScriptInfo (0ms)
			ResolveRequiredComponents (14ms)
	FinalizeReload (1540ms)
		ReleaseScriptCaches (0ms)
		RebuildScriptCaches (0ms)
		SetupLoadedEditorAssemblies (810ms)
			LogAssemblyErrors (0ms)
			InitializePlatformSupportModulesInManaged (62ms)
			SetLoadedEditorAssemblies (11ms)
			RefreshPlugins (0ms)
			BeforeProcessingInitializeOnLoad (120ms)
			ProcessInitializeOnLoadAttributes (536ms)
			ProcessInitializeOnLoadMethodAttributes (74ms)
			AfterProcessingInitializeOnLoad (5ms)
			EditorAssembliesLoaded (0ms)
		ExecutionOrderSort2 (0ms)
		AwakeInstancesAfterBackupRestoration (28ms)
Refreshing native plugins compatible for Editor in 5.79 ms, found 3 plugins.
Preloading 0 native plugins for Editor in 0.00 ms.
Unloading 4319 Unused Serialized files (Serialized files now loaded: 0)
Unloading 19 unused Assets / (31.4 KB). Loaded Objects now: 5067.
Memory consumption went from 404.5 MB to 404.4 MB.
Total: 7.958142 ms (FindLiveObjects: 0.646908 ms CreateObjectMapping: 0.647682 ms MarkObjects: 6.598377 ms  DeleteObjects: 0.063441 ms)

Prepare: number of updated asset objects reloaded= 0
AssetImportParameters requested are different than current active one (requested -> active):
  custom:container-demuxer-ogg: 62fdf1f143b41e24485cea50d1cbac27 -> 
  custom:video-decoder-ogg-theora: a1e56fd34408186e4bbccfd4996cb3dc -> 
  custom:CustomObjectIndexerAttribute: 9a22284fe3817be447336de3de66b15e -> 
  custom:container-demuxer-webm: 4f35f7cbe854078d1ac9338744f61a02 -> 
  custom:container-muxer-webm: aa71ff27fc2769a1b78a27578f13a17b -> 
  custom:scripting/monoscript/fileName/LeaderBoardManager.cs: f79d843b29a22d0e6cb463c849a18400 -> 
  custom:scripting/monoscript/fileName/NetworkManager.cs: 5d227a124a4f614b5ab5a58e0800fccb -> e4fa93220985ebf211f3da91d4ced24a
  custom:video-decoder-webm-vp8: 9c59270c3fd7afecdb556c50c9e8de78 -> 
  custom:SearchIndexIgnoredProperties: e643bd26f0fe6173181afceb89e7c659 -> 
  custom:AudioImporter_EditorPlatform: 3918e3fc78b5a79bad01e8451be0beb8 -> 
  custom:framework-osx-AVFoundation: e770b220cccbd017edd2c1fefb359320 -> 
  custom:video-encoder-webm-vp8: eb34c28f22e8b96e1ab97ce403110664 -> 
  custom:audio-decoder-ogg-vorbis: bf7c407c2cedff20999df2af8eb42d56 -> 
  custom:audio-encoder-webm-vorbis: bf7c407c2cedff20999df2af8eb42d56 -> 
  custom:scripting/precompiled-assembly-types:Assembly-CSharp: bd8b3800364436b8596a4a9aa1a09cc1 -> 3f7dda8ccb1a71ee7bfa3df822b70911
========================================================================
Received Prepare
Caller must complete domain reload
 #0 GetStacktrace(int)
 #1 DebugStringToFile(DebugStringToFileData const&)
 #2 AssertImplementation(int, char const*, int, int, char const*)
 #3 Internal_ADB_WorkerOnly_DomainReload(AssemblyLoadReason)
 #4 WorkerDomainReloadV2()
 #5 AssetImportWorkerClient::ReloadMonoDomain(AssetResolver&)
 #6 invocation function for block in AssetImportWorkerClient::HandleMessage(PrepareMessage const&)::$_4::operator()() const
 #7 _dispatch_client_callout
 #8 _dispatch_async_and_wait_invoke
 #9 _dispatch_client_callout
 #10 _dispatch_main_queue_drain
 #11 _dispatch_main_queue_callback_4CF
 #12 __CFRUNLOOP_IS_SERVICING_THE_MAIN_DISPATCH_QUEUE__
 #13 __CFRunLoopRun
 #14 CFRunLoopRunSpecific
 #15 RunCurrentEventLoopInMode
 #16 ReceiveNextEventCommon
 #17 _BlockUntilNextEventMatchingListInModeWithFilter
 #18 _DPSNextEvent
 #19 -[NSApplication(NSEvent) _nextEventMatchingEventMask:untilDate:inMode:dequeue:]
 #20 -[NSApplication run]
 #21 NSApplicationMain
 #22 EditorMain(int, char const**)
 #23 main
 #24 start

Begin MonoManager ReloadAssembly
- Loaded All Assemblies, in  0.853 seconds
Native extension for WindowsStandalone target not found
Native extension for iOS target not found
Native extension for Android target not found
Native extension for OSXStandalone target not found
Mono: successfully reloaded assembly
[Package Manager] Server::EnsureServerProcessIsRunning -- launch failed, reason: Unity was launched with the -noUpm command-line argument
[Package Manager] UpmClient::Send -- Unable to send message (not connected to UPM process).
[Package Manager] Cannot connect to Unity Package Manager local server
- Finished resetting the current domain, in  1.577 seconds
Domain Reload Profiling: 2431ms
	BeginReloadAssembly (279ms)
		ExecutionOrderSort (0ms)
		DisableScriptedObjects (22ms)
		BackupInstance (0ms)
		ReleaseScriptingObjects (0ms)
		CreateAndSetChildDomain (95ms)
	RebuildCommonClasses (75ms)
	RebuildNativeTypeToScriptingClass (34ms)
	initialDomainReloadingComplete (47ms)
	LoadAllAssembliesAndSetupDomain (416ms)
		LoadAssemblies (500ms)
		RebuildTransferFunctionScriptingTraits (0ms)
		AnalyzeDomain (35ms)
			TypeCache.Refresh (10ms)
				TypeCache.ScanAssembly (0ms)
			ScanForSourceGeneratedMonoScriptInfo (0ms)
			ResolveRequiredComponents (18ms)
	FinalizeReload (1578ms)
		ReleaseScriptCaches (0ms)
		RebuildScriptCaches (0ms)
		SetupLoadedEditorAssemblies (838ms)
			LogAssemblyErrors (0ms)
			InitializePlatformSupportModulesInManaged (57ms)
			SetLoadedEditorAssemblies (9ms)
			RefreshPlugins (0ms)
			BeforeProcessingInitializeOnLoad (125ms)
			ProcessInitializeOnLoadAttributes (555ms)
			ProcessInitializeOnLoadMethodAttributes (88ms)
			AfterProcessingInitializeOnLoad (4ms)
			EditorAssembliesLoaded (1ms)
		ExecutionOrderSort2 (0ms)
		AwakeInstancesAfterBackupRestoration (23ms)
Refreshing native plugins compatible for Editor in 6.37 ms, found 3 plugins.
Preloading 0 native plugins for Editor in 0.00 ms.
Unloading 4319 Unused Serialized files (Serialized files now loaded: 0)
Unloading 19 unused Assets / (31.4 KB). Loaded Objects now: 5071.
Memory consumption went from 408.8 MB to 408.8 MB.
Total: 7.471406 ms (FindLiveObjects: 0.418658 ms CreateObjectMapping: 0.478356 ms MarkObjects: 6.498430 ms  DeleteObjects: 0.074537 ms)

Prepare: number of updated asset objects reloaded= 0
AssetImportParameters requested are different than current active one (requested -> active):
  custom:container-demuxer-ogg: 62fdf1f143b41e24485cea50d1cbac27 -> 
  custom:video-decoder-ogg-theora: a1e56fd34408186e4bbccfd4996cb3dc -> 
  custom:CustomObjectIndexerAttribute: 9a22284fe3817be447336de3de66b15e -> 
  custom:container-demuxer-webm: 4f35f7cbe854078d1ac9338744f61a02 -> 
  custom:container-muxer-webm: aa71ff27fc2769a1b78a27578f13a17b -> 
  custom:scripting/monoscript/fileName/LeaderBoardManager.cs: f79d843b29a22d0e6cb463c849a18400 -> 
  custom:scripting/monoscript/fileName/NetworkManager.cs: 5d227a124a4f614b5ab5a58e0800fccb -> e4fa93220985ebf211f3da91d4ced24a
  custom:video-decoder-webm-vp8: 9c59270c3fd7afecdb556c50c9e8de78 -> 
  custom:SearchIndexIgnoredProperties: e643bd26f0fe6173181afceb89e7c659 -> 
  custom:AudioImporter_EditorPlatform: 3918e3fc78b5a79bad01e8451be0beb8 -> 
  custom:framework-osx-AVFoundation: e770b220cccbd017edd2c1fefb359320 -> 
  custom:video-encoder-webm-vp8: eb34c28f22e8b96e1ab97ce403110664 -> 
  custom:audio-decoder-ogg-vorbis: bf7c407c2cedff20999df2af8eb42d56 -> 
  custom:audio-encoder-webm-vorbis: bf7c407c2cedff20999df2af8eb42d56 -> 
  custom:scripting/precompiled-assembly-types:Assembly-CSharp: bd8b3800364436b8596a4a9aa1a09cc1 -> 3f7dda8ccb1a71ee7bfa3df822b70911
========================================================================
Received Import Request.
  Time since last request: 13888.260952 seconds.
  path: Assets/Sprite/Leaderboard/leaderboard buttons.png
  artifactKey: Guid(3b20e14699bcf4426acf91c4091cfe73) Importer(815301076,1909f56bfc062723c751e8b465ee728b)
Start importing Assets/Sprite/Leaderboard/leaderboard buttons.png using Guid(3b20e14699bcf4426acf91c4091cfe73) Importer(815301076,1909f56bfc062723c751e8b465ee728b) [PhysX] Initialized MultithreadedTaskDispatcher with 8 workers.
WARNING: RGBA Compressed ASTC6X6 UNorm format is not supported, decompressing texture
[PhysX] Initialized MultithreadedTaskDispatcher with 8 workers.
 -> (artifact id: 'ebda0e0d92b289c93c4615b1f0eed69c') in 0.144210 seconds
Number of updated asset objects reloaded before import = 0
Number of asset objects unloaded after import = 3
========================================================================
Received Import Request.
  Time since last request: 17.056952 seconds.
  path: Assets/Sprite/Leaderboard/leaderboard buttons.png
  artifactKey: Guid(3b20e14699bcf4426acf91c4091cfe73) Importer(815301076,1909f56bfc062723c751e8b465ee728b)
Start importing Assets/Sprite/Leaderboard/leaderboard buttons.png using Guid(3b20e14699bcf4426acf91c4091cfe73) Importer(815301076,1909f56bfc062723c751e8b465ee728b) [PhysX] Initialized MultithreadedTaskDispatcher with 8 workers.
[PhysX] Initialized MultithreadedTaskDispatcher with 8 workers.
 -> (artifact id: 'e79923ca55689d90127d525b9707130a') in 0.022853 seconds
Number of updated asset objects reloaded before import = 0
Number of asset objects unloaded after import = 2
========================================================================
Received Import Request.
  Time since last request: 198.372011 seconds.
  path: Assets/Sprite/Leaderboard/leaderboard buttons.png
  artifactKey: Guid(3b20e14699bcf4426acf91c4091cfe73) Importer(815301076,1909f56bfc062723c751e8b465ee728b)
Start importing Assets/Sprite/Leaderboard/leaderboard buttons.png using Guid(3b20e14699bcf4426acf91c4091cfe73) Importer(815301076,1909f56bfc062723c751e8b465ee728b) [PhysX] Initialized MultithreadedTaskDispatcher with 8 workers.
[PhysX] Initialized MultithreadedTaskDispatcher with 8 workers.
 -> (artifact id: '2f39581b95ff64eb7c962e9dfb2e76a8') in 0.047180 seconds
Number of updated asset objects reloaded before import = 0
Number of asset objects unloaded after import = 6
========================================================================
Received Prepare
Caller must complete domain reload
 #0 GetStacktrace(int)
 #1 DebugStringToFile(DebugStringToFileData const&)
 #2 AssertImplementation(int, char const*, int, int, char const*)
 #3 Internal_ADB_WorkerOnly_DomainReload(AssemblyLoadReason)
 #4 WorkerDomainReloadV2()
 #5 AssetImportWorkerClient::ReloadMonoDomain(AssetResolver&)
 #6 invocation function for block in AssetImportWorkerClient::HandleMessage(PrepareMessage const&)::$_4::operator()() const
 #7 _dispatch_client_callout
 #8 _dispatch_async_and_wait_invoke
 #9 _dispatch_client_callout
 #10 _dispatch_main_queue_drain
 #11 _dispatch_main_queue_callback_4CF
 #12 __CFRUNLOOP_IS_SERVICING_THE_MAIN_DISPATCH_QUEUE__
 #13 __CFRunLoopRun
 #14 CFRunLoopRunSpecific
 #15 RunCurrentEventLoopInMode
 #16 ReceiveNextEventCommon
 #17 _BlockUntilNextEventMatchingListInModeWithFilter
 #18 _DPSNextEvent
 #19 -[NSApplication(NSEvent) _nextEventMatchingEventMask:untilDate:inMode:dequeue:]
 #20 -[NSApplication run]
 #21 NSApplicationMain
 #22 EditorMain(int, char const**)
 #23 main
 #24 start

Begin MonoManager ReloadAssembly
- Loaded All Assemblies, in  0.815 seconds
Native extension for WindowsStandalone target not found
Native extension for iOS target not found
Native extension for Android target not found
Native extension for OSXStandalone target not found
Mono: successfully reloaded assembly
[Package Manager] Server::EnsureServerProcessIsRunning -- launch failed, reason: Unity was launched with the -noUpm command-line argument
[Package Manager] UpmClient::Send -- Unable to send message (not connected to UPM process).
[Package Manager] Cannot connect to Unity Package Manager local server
- Finished resetting the current domain, in  2.628 seconds
Domain Reload Profiling: 3442ms
	BeginReloadAssembly (260ms)
		ExecutionOrderSort (0ms)
		DisableScriptedObjects (19ms)
		BackupInstance (0ms)
		ReleaseScriptingObjects (0ms)
		CreateAndSetChildDomain (88ms)
	RebuildCommonClasses (68ms)
	RebuildNativeTypeToScriptingClass (22ms)
	initialDomainReloadingComplete (42ms)
	LoadAllAssembliesAndSetupDomain (422ms)
		LoadAssemblies (506ms)
		RebuildTransferFunctionScriptingTraits (0ms)
		AnalyzeDomain (27ms)
			TypeCache.Refresh (9ms)
				TypeCache.ScanAssembly (0ms)
			ScanForSourceGeneratedMonoScriptInfo (0ms)
			ResolveRequiredComponents (14ms)
	FinalizeReload (2629ms)
		ReleaseScriptCaches (0ms)
		RebuildScriptCaches (0ms)
		SetupLoadedEditorAssemblies (958ms)
			LogAssemblyErrors (0ms)
			InitializePlatformSupportModulesInManaged (71ms)
			SetLoadedEditorAssemblies (12ms)
			RefreshPlugins (0ms)
			BeforeProcessingInitializeOnLoad (149ms)
			ProcessInitializeOnLoadAttributes (644ms)
			ProcessInitializeOnLoadMethodAttributes (78ms)
			AfterProcessingInitializeOnLoad (3ms)
			EditorAssembliesLoaded (1ms)
		ExecutionOrderSort2 (0ms)
		AwakeInstancesAfterBackupRestoration (22ms)
Refreshing native plugins compatible for Editor in 7.25 ms, found 3 plugins.
Preloading 0 native plugins for Editor in 0.00 ms.
Unloading 4318 Unused Serialized files (Serialized files now loaded: 0)
Unloading 19 unused Assets / (31.5 KB). Loaded Objects now: 5077.
Memory consumption went from 413.4 MB to 413.4 MB.
Total: 8.151284 ms (FindLiveObjects: 0.594449 ms CreateObjectMapping: 0.589601 ms MarkObjects: 6.890450 ms  DeleteObjects: 0.075381 ms)

Prepare: number of updated asset objects reloaded= 0
AssetImportParameters requested are different than current active one (requested -> active):
  custom:container-demuxer-ogg: 62fdf1f143b41e24485cea50d1cbac27 -> 
  custom:video-decoder-ogg-theora: a1e56fd34408186e4bbccfd4996cb3dc -> 
  custom:CustomObjectIndexerAttribute: 9a22284fe3817be447336de3de66b15e -> 
  custom:container-demuxer-webm: 4f35f7cbe854078d1ac9338744f61a02 -> 
  custom:container-muxer-webm: aa71ff27fc2769a1b78a27578f13a17b -> 
  custom:scripting/monoscript/fileName/LeaderBoardManager.cs: f79d843b29a22d0e6cb463c849a18400 -> 
  custom:scripting/monoscript/fileName/NetworkManager.cs: 5d227a124a4f614b5ab5a58e0800fccb -> e4fa93220985ebf211f3da91d4ced24a
  custom:video-decoder-webm-vp8: 9c59270c3fd7afecdb556c50c9e8de78 -> 
  custom:SearchIndexIgnoredProperties: e643bd26f0fe6173181afceb89e7c659 -> 
  custom:AudioImporter_EditorPlatform: 3918e3fc78b5a79bad01e8451be0beb8 -> 
  custom:framework-osx-AVFoundation: e770b220cccbd017edd2c1fefb359320 -> 
  custom:video-encoder-webm-vp8: eb34c28f22e8b96e1ab97ce403110664 -> 
  custom:audio-decoder-ogg-vorbis: bf7c407c2cedff20999df2af8eb42d56 -> 
  custom:audio-encoder-webm-vorbis: bf7c407c2cedff20999df2af8eb42d56 -> 
  custom:scripting/precompiled-assembly-types:Assembly-CSharp: bd8b3800364436b8596a4a9aa1a09cc1 -> 3f7dda8ccb1a71ee7bfa3df822b70911
========================================================================
Received Prepare
Caller must complete domain reload
 #0 GetStacktrace(int)
 #1 DebugStringToFile(DebugStringToFileData const&)
 #2 AssertImplementation(int, char const*, int, int, char const*)
 #3 Internal_ADB_WorkerOnly_DomainReload(AssemblyLoadReason)
 #4 WorkerDomainReloadV2()
 #5 AssetImportWorkerClient::ReloadMonoDomain(AssetResolver&)
 #6 invocation function for block in AssetImportWorkerClient::HandleMessage(PrepareMessage const&)::$_4::operator()() const
 #7 _dispatch_client_callout
 #8 _dispatch_async_and_wait_invoke
 #9 _dispatch_client_callout
 #10 _dispatch_main_queue_drain
 #11 _dispatch_main_queue_callback_4CF
 #12 __CFRUNLOOP_IS_SERVICING_THE_MAIN_DISPATCH_QUEUE__
 #13 __CFRunLoopRun
 #14 CFRunLoopRunSpecific
 #15 RunCurrentEventLoopInMode
 #16 ReceiveNextEventCommon
 #17 _BlockUntilNextEventMatchingListInModeWithFilter
 #18 _DPSNextEvent
 #19 -[NSApplication(NSEvent) _nextEventMatchingEventMask:untilDate:inMode:dequeue:]
 #20 -[NSApplication run]
 #21 NSApplicationMain
 #22 EditorMain(int, char const**)
 #23 main
 #24 start

Begin MonoManager ReloadAssembly
- Loaded All Assemblies, in  0.791 seconds
Native extension for WindowsStandalone target not found
Native extension for iOS target not found
Native extension for Android target not found
Native extension for OSXStandalone target not found
Mono: successfully reloaded assembly
[Package Manager] Server::EnsureServerProcessIsRunning -- launch failed, reason: Unity was launched with the -noUpm command-line argument
[Package Manager] UpmClient::Send -- Unable to send message (not connected to UPM process).
[Package Manager] Cannot connect to Unity Package Manager local server
- Finished resetting the current domain, in  1.494 seconds
Domain Reload Profiling: 2285ms
	BeginReloadAssembly (255ms)
		ExecutionOrderSort (0ms)
		DisableScriptedObjects (20ms)
		BackupInstance (0ms)
		ReleaseScriptingObjects (0ms)
		CreateAndSetChildDomain (85ms)
	RebuildCommonClasses (66ms)
	RebuildNativeTypeToScriptingClass (22ms)
	initialDomainReloadingComplete (41ms)
	LoadAllAssembliesAndSetupDomain (406ms)
		LoadAssemblies (489ms)
		RebuildTransferFunctionScriptingTraits (0ms)
		AnalyzeDomain (28ms)
			TypeCache.Refresh (10ms)
				TypeCache.ScanAssembly (0ms)
			ScanForSourceGeneratedMonoScriptInfo (0ms)
			ResolveRequiredComponents (13ms)
	FinalizeReload (1495ms)
		ReleaseScriptCaches (0ms)
		RebuildScriptCaches (0ms)
		SetupLoadedEditorAssemblies (785ms)
			LogAssemblyErrors (0ms)
			InitializePlatformSupportModulesInManaged (53ms)
			SetLoadedEditorAssemblies (9ms)
			RefreshPlugins (0ms)
			BeforeProcessingInitializeOnLoad (117ms)
			ProcessInitializeOnLoadAttributes (534ms)
			ProcessInitializeOnLoadMethodAttributes (67ms)
			AfterProcessingInitializeOnLoad (4ms)
			EditorAssembliesLoaded (0ms)
		ExecutionOrderSort2 (0ms)
		AwakeInstancesAfterBackupRestoration (17ms)
Refreshing native plugins compatible for Editor in 6.25 ms, found 3 plugins.
Preloading 0 native plugins for Editor in 0.00 ms.
Unloading 4319 Unused Serialized files (Serialized files now loaded: 0)
Unloading 19 unused Assets / (31.5 KB). Loaded Objects now: 5081.
Memory consumption went from 418.0 MB to 418.0 MB.
Total: 7.375146 ms (FindLiveObjects: 0.517654 ms CreateObjectMapping: 0.609506 ms MarkObjects: 6.172568 ms  DeleteObjects: 0.074065 ms)

Prepare: number of updated asset objects reloaded= 0
AssetImportParameters requested are different than current active one (requested -> active):
  custom:container-demuxer-ogg: 62fdf1f143b41e24485cea50d1cbac27 -> 
  custom:video-decoder-ogg-theora: a1e56fd34408186e4bbccfd4996cb3dc -> 
  custom:CustomObjectIndexerAttribute: 9a22284fe3817be447336de3de66b15e -> 
  custom:container-demuxer-webm: 4f35f7cbe854078d1ac9338744f61a02 -> 
  custom:container-muxer-webm: aa71ff27fc2769a1b78a27578f13a17b -> 
  custom:scripting/monoscript/fileName/LeaderBoardManager.cs: f79d843b29a22d0e6cb463c849a18400 -> 
  custom:scripting/monoscript/fileName/NetworkManager.cs: 5d227a124a4f614b5ab5a58e0800fccb -> e4fa93220985ebf211f3da91d4ced24a
  custom:video-decoder-webm-vp8: 9c59270c3fd7afecdb556c50c9e8de78 -> 
  custom:SearchIndexIgnoredProperties: e643bd26f0fe6173181afceb89e7c659 -> 
  custom:AudioImporter_EditorPlatform: 3918e3fc78b5a79bad01e8451be0beb8 -> 
  custom:framework-osx-AVFoundation: e770b220cccbd017edd2c1fefb359320 -> 
  custom:video-encoder-webm-vp8: eb34c28f22e8b96e1ab97ce403110664 -> 
  custom:audio-decoder-ogg-vorbis: bf7c407c2cedff20999df2af8eb42d56 -> 
  custom:audio-encoder-webm-vorbis: bf7c407c2cedff20999df2af8eb42d56 -> 
  custom:scripting/precompiled-assembly-types:Assembly-CSharp: bd8b3800364436b8596a4a9aa1a09cc1 -> 3f7dda8ccb1a71ee7bfa3df822b70911
========================================================================
Received Import Request.
  Time since last request: 368.971553 seconds.
  path: Assets/Scenes/Menu/Signup.unity
  artifactKey: Guid(48d6e3008fde348a7b6df4684180add7) Importer(815301076,1909f56bfc062723c751e8b465ee728b)
Start importing Assets/Scenes/Menu/Signup.unity using Guid(48d6e3008fde348a7b6df4684180add7) Importer(815301076,1909f56bfc062723c751e8b465ee728b) [PhysX] Initialized MultithreadedTaskDispatcher with 8 workers.
 -> (artifact id: '1f85c4823e6530ef09e4404b52a4c06e') in 0.002385 seconds
Number of updated asset objects reloaded before import = 0
Number of asset objects unloaded after import = 0
========================================================================
Received Prepare
Caller must complete domain reload
 #0 GetStacktrace(int)
 #1 DebugStringToFile(DebugStringToFileData const&)
 #2 AssertImplementation(int, char const*, int, int, char const*)
 #3 Internal_ADB_WorkerOnly_DomainReload(AssemblyLoadReason)
 #4 WorkerDomainReloadV2()
 #5 AssetImportWorkerClient::ReloadMonoDomain(AssetResolver&)
 #6 invocation function for block in AssetImportWorkerClient::HandleMessage(PrepareMessage const&)::$_4::operator()() const
 #7 _dispatch_client_callout
 #8 _dispatch_async_and_wait_invoke
 #9 _dispatch_client_callout
 #10 _dispatch_main_queue_drain
 #11 _dispatch_main_queue_callback_4CF
 #12 __CFRUNLOOP_IS_SERVICING_THE_MAIN_DISPATCH_QUEUE__
 #13 __CFRunLoopRun
 #14 CFRunLoopRunSpecific
 #15 RunCurrentEventLoopInMode
 #16 ReceiveNextEventCommon
 #17 _BlockUntilNextEventMatchingListInModeWithFilter
 #18 _DPSNextEvent
 #19 -[NSApplication(NSEvent) _nextEventMatchingEventMask:untilDate:inMode:dequeue:]
 #20 -[NSApplication run]
 #21 NSApplicationMain
 #22 EditorMain(int, char const**)
 #23 main
 #24 start

Begin MonoManager ReloadAssembly
- Loaded All Assemblies, in  0.870 seconds
Native extension for WindowsStandalone target not found
Native extension for iOS target not found
Native extension for Android target not found
Native extension for OSXStandalone target not found
Mono: successfully reloaded assembly
[Package Manager] Server::EnsureServerProcessIsRunning -- launch failed, reason: Unity was launched with the -noUpm command-line argument
[Package Manager] UpmClient::Send -- Unable to send message (not connected to UPM process).
[Package Manager] Cannot connect to Unity Package Manager local server
- Finished resetting the current domain, in  2.543 seconds
Domain Reload Profiling: 3413ms
	BeginReloadAssembly (269ms)
		ExecutionOrderSort (0ms)
		DisableScriptedObjects (20ms)
		BackupInstance (0ms)
		ReleaseScriptingObjects (0ms)
		CreateAndSetChildDomain (91ms)
	RebuildCommonClasses (67ms)
	RebuildNativeTypeToScriptingClass (23ms)
	initialDomainReloadingComplete (45ms)
	LoadAllAssembliesAndSetupDomain (466ms)
		LoadAssemblies (523ms)
		RebuildTransferFunctionScriptingTraits (0ms)
		AnalyzeDomain (60ms)
			TypeCache.Refresh (18ms)
				TypeCache.ScanAssembly (3ms)
			ScanForSourceGeneratedMonoScriptInfo (22ms)
			ResolveRequiredComponents (15ms)
	FinalizeReload (2544ms)
		ReleaseScriptCaches (0ms)
		RebuildScriptCaches (0ms)
		SetupLoadedEditorAssemblies (958ms)
			LogAssemblyErrors (0ms)
			InitializePlatformSupportModulesInManaged (75ms)
			SetLoadedEditorAssemblies (11ms)
			RefreshPlugins (0ms)
			BeforeProcessingInitializeOnLoad (146ms)
			ProcessInitializeOnLoadAttributes (646ms)
			ProcessInitializeOnLoadMethodAttributes (77ms)
			AfterProcessingInitializeOnLoad (3ms)
			EditorAssembliesLoaded (1ms)
		ExecutionOrderSort2 (0ms)
		AwakeInstancesAfterBackupRestoration (23ms)
Refreshing native plugins compatible for Editor in 6.39 ms, found 3 plugins.
Preloading 0 native plugins for Editor in 0.00 ms.
Unloading 4318 Unused Serialized files (Serialized files now loaded: 0)
Unloading 19 unused Assets / (31.4 KB). Loaded Objects now: 5085.
Memory consumption went from 422.3 MB to 422.3 MB.
Total: 7.014536 ms (FindLiveObjects: 0.576559 ms CreateObjectMapping: 0.612490 ms MarkObjects: 5.753077 ms  DeleteObjects: 0.070798 ms)

Prepare: number of updated asset objects reloaded= 0
AssetImportParameters requested are different than current active one (requested -> active):
  custom:container-demuxer-ogg: 62fdf1f143b41e24485cea50d1cbac27 -> 
  custom:video-decoder-ogg-theora: a1e56fd34408186e4bbccfd4996cb3dc -> 
  custom:CustomObjectIndexerAttribute: 9a22284fe3817be447336de3de66b15e -> 
  custom:container-demuxer-webm: 4f35f7cbe854078d1ac9338744f61a02 -> 
  custom:container-muxer-webm: aa71ff27fc2769a1b78a27578f13a17b -> 
  custom:scripting/monoscript/fileName/LeaderBoardManager.cs: f79d843b29a22d0e6cb463c849a18400 -> 
  custom:scripting/monoscript/fileName/NetworkManager.cs: 5d227a124a4f614b5ab5a58e0800fccb -> e4fa93220985ebf211f3da91d4ced24a
  custom:video-decoder-webm-vp8: 9c59270c3fd7afecdb556c50c9e8de78 -> 
  custom:SearchIndexIgnoredProperties: e643bd26f0fe6173181afceb89e7c659 -> 
  custom:AudioImporter_EditorPlatform: 3918e3fc78b5a79bad01e8451be0beb8 -> 
  custom:framework-osx-AVFoundation: e770b220cccbd017edd2c1fefb359320 -> 
  custom:video-encoder-webm-vp8: eb34c28f22e8b96e1ab97ce403110664 -> 
  custom:audio-decoder-ogg-vorbis: bf7c407c2cedff20999df2af8eb42d56 -> 
  custom:audio-encoder-webm-vorbis: bf7c407c2cedff20999df2af8eb42d56 -> 
  custom:scripting/precompiled-assembly-types:Assembly-CSharp: bd8b3800364436b8596a4a9aa1a09cc1 -> 3f7dda8ccb1a71ee7bfa3df822b70911
========================================================================
Received Prepare
Caller must complete domain reload
 #0 GetStacktrace(int)
 #1 DebugStringToFile(DebugStringToFileData const&)
 #2 AssertImplementation(int, char const*, int, int, char const*)
 #3 Internal_ADB_WorkerOnly_DomainReload(AssemblyLoadReason)
 #4 WorkerDomainReloadV2()
 #5 AssetImportWorkerClient::ReloadMonoDomain(AssetResolver&)
 #6 invocation function for block in AssetImportWorkerClient::HandleMessage(PrepareMessage const&)::$_4::operator()() const
 #7 _dispatch_client_callout
 #8 _dispatch_async_and_wait_invoke
 #9 _dispatch_client_callout
 #10 _dispatch_main_queue_drain
 #11 _dispatch_main_queue_callback_4CF
 #12 __CFRUNLOOP_IS_SERVICING_THE_MAIN_DISPATCH_QUEUE__
 #13 __CFRunLoopRun
 #14 CFRunLoopRunSpecific
 #15 RunCurrentEventLoopInMode
 #16 ReceiveNextEventCommon
 #17 _BlockUntilNextEventMatchingListInModeWithFilter
 #18 _DPSNextEvent
 #19 -[NSApplication(NSEvent) _nextEventMatchingEventMask:untilDate:inMode:dequeue:]
 #20 -[NSApplication run]
 #21 NSApplicationMain
 #22 EditorMain(int, char const**)
 #23 main
 #24 start

Begin MonoManager ReloadAssembly
- Loaded All Assemblies, in  0.784 seconds
Native extension for WindowsStandalone target not found
Native extension for iOS target not found
Native extension for Android target not found
Native extension for OSXStandalone target not found
Mono: successfully reloaded assembly
[Package Manager] Server::EnsureServerProcessIsRunning -- launch failed, reason: Unity was launched with the -noUpm command-line argument
[Package Manager] UpmClient::Send -- Unable to send message (not connected to UPM process).
[Package Manager] Cannot connect to Unity Package Manager local server
- Finished resetting the current domain, in  1.490 seconds
Domain Reload Profiling: 2274ms
	BeginReloadAssembly (256ms)
		ExecutionOrderSort (0ms)
		DisableScriptedObjects (23ms)
		BackupInstance (0ms)
		ReleaseScriptingObjects (0ms)
		CreateAndSetChildDomain (85ms)
	RebuildCommonClasses (70ms)
	RebuildNativeTypeToScriptingClass (22ms)
	initialDomainReloadingComplete (42ms)
	LoadAllAssembliesAndSetupDomain (394ms)
		LoadAssemblies (470ms)
		RebuildTransferFunctionScriptingTraits (0ms)
		AnalyzeDomain (32ms)
			TypeCache.Refresh (10ms)
				TypeCache.ScanAssembly (0ms)
			ScanForSourceGeneratedMonoScriptInfo (0ms)
			ResolveRequiredComponents (16ms)
	FinalizeReload (1491ms)
		ReleaseScriptCaches (0ms)
		RebuildScriptCaches (0ms)
		SetupLoadedEditorAssemblies (779ms)
			LogAssemblyErrors (0ms)
			InitializePlatformSupportModulesInManaged (53ms)
			SetLoadedEditorAssemblies (9ms)
			RefreshPlugins (0ms)
			BeforeProcessingInitializeOnLoad (119ms)
			ProcessInitializeOnLoadAttributes (532ms)
			ProcessInitializeOnLoadMethodAttributes (63ms)
			AfterProcessingInitializeOnLoad (2ms)
			EditorAssembliesLoaded (0ms)
		ExecutionOrderSort2 (0ms)
		AwakeInstancesAfterBackupRestoration (17ms)
Refreshing native plugins compatible for Editor in 6.71 ms, found 3 plugins.
Preloading 0 native plugins for Editor in 0.00 ms.
Unloading 4319 Unused Serialized files (Serialized files now loaded: 0)
Unloading 19 unused Assets / (31.4 KB). Loaded Objects now: 5089.
Memory consumption went from 426.9 MB to 426.9 MB.
Total: 7.039130 ms (FindLiveObjects: 0.571725 ms CreateObjectMapping: 0.523567 ms MarkObjects: 5.819873 ms  DeleteObjects: 0.122241 ms)

Prepare: number of updated asset objects reloaded= 0
AssetImportParameters requested are different than current active one (requested -> active):
  custom:container-demuxer-ogg: 62fdf1f143b41e24485cea50d1cbac27 -> 
  custom:video-decoder-ogg-theora: a1e56fd34408186e4bbccfd4996cb3dc -> 
  custom:CustomObjectIndexerAttribute: 9a22284fe3817be447336de3de66b15e -> 
  custom:container-demuxer-webm: 4f35f7cbe854078d1ac9338744f61a02 -> 
  custom:container-muxer-webm: aa71ff27fc2769a1b78a27578f13a17b -> 
  custom:scripting/monoscript/fileName/LeaderBoardManager.cs: f79d843b29a22d0e6cb463c849a18400 -> 
  custom:scripting/monoscript/fileName/NetworkManager.cs: 5d227a124a4f614b5ab5a58e0800fccb -> e4fa93220985ebf211f3da91d4ced24a
  custom:video-decoder-webm-vp8: 9c59270c3fd7afecdb556c50c9e8de78 -> 
  custom:SearchIndexIgnoredProperties: e643bd26f0fe6173181afceb89e7c659 -> 
  custom:AudioImporter_EditorPlatform: 3918e3fc78b5a79bad01e8451be0beb8 -> 
  custom:framework-osx-AVFoundation: e770b220cccbd017edd2c1fefb359320 -> 
  custom:video-encoder-webm-vp8: eb34c28f22e8b96e1ab97ce403110664 -> 
  custom:audio-decoder-ogg-vorbis: bf7c407c2cedff20999df2af8eb42d56 -> 
  custom:audio-encoder-webm-vorbis: bf7c407c2cedff20999df2af8eb42d56 -> 
  custom:scripting/precompiled-assembly-types:Assembly-CSharp: bd8b3800364436b8596a4a9aa1a09cc1 -> 3f7dda8ccb1a71ee7bfa3df822b70911
========================================================================
Received Import Request.
  Time since last request: 138.124727 seconds.
  path: Assets/Scenes/Menu/Signup.unity
  artifactKey: Guid(48d6e3008fde348a7b6df4684180add7) Importer(815301076,1909f56bfc062723c751e8b465ee728b)
Start importing Assets/Scenes/Menu/Signup.unity using Guid(48d6e3008fde348a7b6df4684180add7) Importer(815301076,1909f56bfc062723c751e8b465ee728b) [PhysX] Initialized MultithreadedTaskDispatcher with 8 workers.
 -> (artifact id: 'c60145233ec940c1b932a7877d666c00') in 0.002739 seconds
Number of updated asset objects reloaded before import = 0
Number of asset objects unloaded after import = 0
========================================================================
Received Prepare
Caller must complete domain reload
 #0 GetStacktrace(int)
 #1 DebugStringToFile(DebugStringToFileData const&)
 #2 AssertImplementation(int, char const*, int, int, char const*)
 #3 Internal_ADB_WorkerOnly_DomainReload(AssemblyLoadReason)
 #4 WorkerDomainReloadV2()
 #5 AssetImportWorkerClient::ReloadMonoDomain(AssetResolver&)
 #6 invocation function for block in AssetImportWorkerClient::HandleMessage(PrepareMessage const&)::$_4::operator()() const
 #7 _dispatch_client_callout
 #8 _dispatch_async_and_wait_invoke
 #9 _dispatch_client_callout
 #10 _dispatch_main_queue_drain
 #11 _dispatch_main_queue_callback_4CF
 #12 __CFRUNLOOP_IS_SERVICING_THE_MAIN_DISPATCH_QUEUE__
 #13 __CFRunLoopRun
 #14 CFRunLoopRunSpecific
 #15 RunCurrentEventLoopInMode
 #16 ReceiveNextEventCommon
 #17 _BlockUntilNextEventMatchingListInModeWithFilter
 #18 _DPSNextEvent
 #19 -[NSApplication(NSEvent) _nextEventMatchingEventMask:untilDate:inMode:dequeue:]
 #20 -[NSApplication run]
 #21 NSApplicationMain
 #22 EditorMain(int, char const**)
 #23 main
 #24 start

Begin MonoManager ReloadAssembly
- Loaded All Assemblies, in  0.790 seconds
Native extension for WindowsStandalone target not found
Native extension for iOS target not found
Native extension for Android target not found
Native extension for OSXStandalone target not found
Mono: successfully reloaded assembly
[Package Manager] Server::EnsureServerProcessIsRunning -- launch failed, reason: Unity was launched with the -noUpm command-line argument
[Package Manager] UpmClient::Send -- Unable to send message (not connected to UPM process).
[Package Manager] Cannot connect to Unity Package Manager local server
- Finished resetting the current domain, in  1.476 seconds
Domain Reload Profiling: 2265ms
	BeginReloadAssembly (259ms)
		ExecutionOrderSort (0ms)
		DisableScriptedObjects (21ms)
		BackupInstance (0ms)
		ReleaseScriptingObjects (0ms)
		CreateAndSetChildDomain (89ms)
	RebuildCommonClasses (67ms)
	RebuildNativeTypeToScriptingClass (22ms)
	initialDomainReloadingComplete (44ms)
	LoadAllAssembliesAndSetupDomain (397ms)
		LoadAssemblies (476ms)
		RebuildTransferFunctionScriptingTraits (0ms)
		AnalyzeDomain (30ms)
			TypeCache.Refresh (9ms)
				TypeCache.ScanAssembly (0ms)
			ScanForSourceGeneratedMonoScriptInfo (0ms)
			ResolveRequiredComponents (14ms)
	FinalizeReload (1476ms)
		ReleaseScriptCaches (0ms)
		RebuildScriptCaches (0ms)
		SetupLoadedEditorAssemblies (776ms)
			LogAssemblyErrors (0ms)
			InitializePlatformSupportModulesInManaged (53ms)
			SetLoadedEditorAssemblies (9ms)
			RefreshPlugins (0ms)
			BeforeProcessingInitializeOnLoad (120ms)
			ProcessInitializeOnLoadAttributes (528ms)
			ProcessInitializeOnLoadMethodAttributes (64ms)
			AfterProcessingInitializeOnLoad (2ms)
			EditorAssembliesLoaded (0ms)
		ExecutionOrderSort2 (0ms)
		AwakeInstancesAfterBackupRestoration (18ms)
Refreshing native plugins compatible for Editor in 5.84 ms, found 3 plugins.
Preloading 0 native plugins for Editor in 0.00 ms.
Unloading 4318 Unused Serialized files (Serialized files now loaded: 0)
Unloading 19 unused Assets / (31.4 KB). Loaded Objects now: 5093.
Memory consumption went from 431.2 MB to 431.2 MB.
Total: 7.356125 ms (FindLiveObjects: 0.622253 ms CreateObjectMapping: 0.634800 ms MarkObjects: 6.031712 ms  DeleteObjects: 0.065445 ms)

Prepare: number of updated asset objects reloaded= 0
AssetImportParameters requested are different than current active one (requested -> active):
  custom:container-demuxer-ogg: 62fdf1f143b41e24485cea50d1cbac27 -> 
  custom:video-decoder-ogg-theora: a1e56fd34408186e4bbccfd4996cb3dc -> 
  custom:CustomObjectIndexerAttribute: 9a22284fe3817be447336de3de66b15e -> 
  custom:container-demuxer-webm: 4f35f7cbe854078d1ac9338744f61a02 -> 
  custom:container-muxer-webm: aa71ff27fc2769a1b78a27578f13a17b -> 
  custom:scripting/monoscript/fileName/LeaderBoardManager.cs: f79d843b29a22d0e6cb463c849a18400 -> 
  custom:scripting/monoscript/fileName/NetworkManager.cs: 5d227a124a4f614b5ab5a58e0800fccb -> e4fa93220985ebf211f3da91d4ced24a
  custom:video-decoder-webm-vp8: 9c59270c3fd7afecdb556c50c9e8de78 -> 
  custom:SearchIndexIgnoredProperties: e643bd26f0fe6173181afceb89e7c659 -> 
  custom:AudioImporter_EditorPlatform: 3918e3fc78b5a79bad01e8451be0beb8 -> 
  custom:framework-osx-AVFoundation: e770b220cccbd017edd2c1fefb359320 -> 
  custom:video-encoder-webm-vp8: eb34c28f22e8b96e1ab97ce403110664 -> 
  custom:audio-decoder-ogg-vorbis: bf7c407c2cedff20999df2af8eb42d56 -> 
  custom:audio-encoder-webm-vorbis: bf7c407c2cedff20999df2af8eb42d56 -> 
  custom:scripting/precompiled-assembly-types:Assembly-CSharp: bd8b3800364436b8596a4a9aa1a09cc1 -> 3f7dda8ccb1a71ee7bfa3df822b70911
========================================================================
Received Import Request.
  Time since last request: 189.407878 seconds.
  path: Assets/Scenes/Menu/Signup.unity
  artifactKey: Guid(48d6e3008fde348a7b6df4684180add7) Importer(815301076,1909f56bfc062723c751e8b465ee728b)
Start importing Assets/Scenes/Menu/Signup.unity using Guid(48d6e3008fde348a7b6df4684180add7) Importer(815301076,1909f56bfc062723c751e8b465ee728b) [PhysX] Initialized MultithreadedTaskDispatcher with 8 workers.
 -> (artifact id: '8912a24baf9c863946c840f598562f91') in 0.002756 seconds
Number of updated asset objects reloaded before import = 0
Number of asset objects unloaded after import = 0
========================================================================
Received Prepare
Caller must complete domain reload
 #0 GetStacktrace(int)
 #1 DebugStringToFile(DebugStringToFileData const&)
 #2 AssertImplementation(int, char const*, int, int, char const*)
 #3 Internal_ADB_WorkerOnly_DomainReload(AssemblyLoadReason)
 #4 WorkerDomainReloadV2()
 #5 AssetImportWorkerClient::ReloadMonoDomain(AssetResolver&)
 #6 invocation function for block in AssetImportWorkerClient::HandleMessage(PrepareMessage const&)::$_4::operator()() const
 #7 _dispatch_client_callout
 #8 _dispatch_async_and_wait_invoke
 #9 _dispatch_client_callout
 #10 _dispatch_main_queue_drain
 #11 _dispatch_main_queue_callback_4CF
 #12 __CFRUNLOOP_IS_SERVICING_THE_MAIN_DISPATCH_QUEUE__
 #13 __CFRunLoopRun
 #14 CFRunLoopRunSpecific
 #15 RunCurrentEventLoopInMode
 #16 ReceiveNextEventCommon
 #17 _BlockUntilNextEventMatchingListInModeWithFilter
 #18 _DPSNextEvent
 #19 -[NSApplication(NSEvent) _nextEventMatchingEventMask:untilDate:inMode:dequeue:]
 #20 -[NSApplication run]
 #21 NSApplicationMain
 #22 EditorMain(int, char const**)
 #23 main
 #24 start

Begin MonoManager ReloadAssembly
- Loaded All Assemblies, in  0.797 seconds
Native extension for WindowsStandalone target not found
Native extension for iOS target not found
Native extension for Android target not found
Native extension for OSXStandalone target not found
Mono: successfully reloaded assembly
[Package Manager] Server::EnsureServerProcessIsRunning -- launch failed, reason: Unity was launched with the -noUpm command-line argument
[Package Manager] UpmClient::Send -- Unable to send message (not connected to UPM process).
[Package Manager] Cannot connect to Unity Package Manager local server
- Finished resetting the current domain, in  1.575 seconds
Domain Reload Profiling: 2372ms
	BeginReloadAssembly (261ms)
		ExecutionOrderSort (0ms)
		DisableScriptedObjects (20ms)
		BackupInstance (0ms)
		ReleaseScriptingObjects (0ms)
		CreateAndSetChildDomain (90ms)
	RebuildCommonClasses (68ms)
	RebuildNativeTypeToScriptingClass (22ms)
	initialDomainReloadingComplete (45ms)
	LoadAllAssembliesAndSetupDomain (399ms)
		LoadAssemblies (483ms)
		RebuildTransferFunctionScriptingTraits (0ms)
		AnalyzeDomain (28ms)
			TypeCache.Refresh (10ms)
				TypeCache.ScanAssembly (0ms)
			ScanForSourceGeneratedMonoScriptInfo (0ms)
			ResolveRequiredComponents (13ms)
	FinalizeReload (1576ms)
		ReleaseScriptCaches (0ms)
		RebuildScriptCaches (0ms)
		SetupLoadedEditorAssemblies (846ms)
			LogAssemblyErrors (0ms)
			InitializePlatformSupportModulesInManaged (55ms)
			SetLoadedEditorAssemblies (9ms)
			RefreshPlugins (0ms)
			BeforeProcessingInitializeOnLoad (119ms)
			ProcessInitializeOnLoadAttributes (580ms)
			ProcessInitializeOnLoadMethodAttributes (80ms)
			AfterProcessingInitializeOnLoad (3ms)
			EditorAssembliesLoaded (0ms)
		ExecutionOrderSort2 (0ms)
		AwakeInstancesAfterBackupRestoration (22ms)
Refreshing native plugins compatible for Editor in 6.11 ms, found 3 plugins.
Preloading 0 native plugins for Editor in 0.00 ms.
Unloading 4318 Unused Serialized files (Serialized files now loaded: 0)
Unloading 19 unused Assets / (31.4 KB). Loaded Objects now: 5097.
Memory consumption went from 435.8 MB to 435.8 MB.
Total: 7.392256 ms (FindLiveObjects: 0.579553 ms CreateObjectMapping: 0.527170 ms MarkObjects: 6.206087 ms  DeleteObjects: 0.077915 ms)

Prepare: number of updated asset objects reloaded= 0
AssetImportParameters requested are different than current active one (requested -> active):
  custom:container-demuxer-ogg: 62fdf1f143b41e24485cea50d1cbac27 -> 
  custom:video-decoder-ogg-theora: a1e56fd34408186e4bbccfd4996cb3dc -> 
  custom:CustomObjectIndexerAttribute: 9a22284fe3817be447336de3de66b15e -> 
  custom:container-demuxer-webm: 4f35f7cbe854078d1ac9338744f61a02 -> 
  custom:container-muxer-webm: aa71ff27fc2769a1b78a27578f13a17b -> 
  custom:scripting/monoscript/fileName/LeaderBoardManager.cs: f79d843b29a22d0e6cb463c849a18400 -> 
  custom:scripting/monoscript/fileName/NetworkManager.cs: 5d227a124a4f614b5ab5a58e0800fccb -> e4fa93220985ebf211f3da91d4ced24a
  custom:video-decoder-webm-vp8: 9c59270c3fd7afecdb556c50c9e8de78 -> 
  custom:SearchIndexIgnoredProperties: e643bd26f0fe6173181afceb89e7c659 -> 
  custom:AudioImporter_EditorPlatform: 3918e3fc78b5a79bad01e8451be0beb8 -> 
  custom:framework-osx-AVFoundation: e770b220cccbd017edd2c1fefb359320 -> 
  custom:video-encoder-webm-vp8: eb34c28f22e8b96e1ab97ce403110664 -> 
  custom:audio-decoder-ogg-vorbis: bf7c407c2cedff20999df2af8eb42d56 -> 
  custom:audio-encoder-webm-vorbis: bf7c407c2cedff20999df2af8eb42d56 -> 
  custom:scripting/precompiled-assembly-types:Assembly-CSharp: bd8b3800364436b8596a4a9aa1a09cc1 -> 3f7dda8ccb1a71ee7bfa3df822b70911
========================================================================
Received Prepare
Caller must complete domain reload
 #0 GetStacktrace(int)
 #1 DebugStringToFile(DebugStringToFileData const&)
 #2 AssertImplementation(int, char const*, int, int, char const*)
 #3 Internal_ADB_WorkerOnly_DomainReload(AssemblyLoadReason)
 #4 WorkerDomainReloadV2()
 #5 AssetImportWorkerClient::ReloadMonoDomain(AssetResolver&)
 #6 invocation function for block in AssetImportWorkerClient::HandleMessage(PrepareMessage const&)::$_4::operator()() const
 #7 _dispatch_client_callout
 #8 _dispatch_async_and_wait_invoke
 #9 _dispatch_client_callout
 #10 _dispatch_main_queue_drain
 #11 _dispatch_main_queue_callback_4CF
 #12 __CFRUNLOOP_IS_SERVICING_THE_MAIN_DISPATCH_QUEUE__
 #13 __CFRunLoopRun
 #14 CFRunLoopRunSpecific
 #15 RunCurrentEventLoopInMode
 #16 ReceiveNextEventCommon
 #17 _BlockUntilNextEventMatchingListInModeWithFilter
 #18 _DPSNextEvent
 #19 -[NSApplication(NSEvent) _nextEventMatchingEventMask:untilDate:inMode:dequeue:]
 #20 -[NSApplication run]
 #21 NSApplicationMain
 #22 EditorMain(int, char const**)
 #23 main
 #24 start

Begin MonoManager ReloadAssembly
- Loaded All Assemblies, in  0.798 seconds
Native extension for WindowsStandalone target not found
Native extension for iOS target not found
Native extension for Android target not found
Native extension for OSXStandalone target not found
Mono: successfully reloaded assembly
[Package Manager] Server::EnsureServerProcessIsRunning -- launch failed, reason: Unity was launched with the -noUpm command-line argument
[Package Manager] UpmClient::Send -- Unable to send message (not connected to UPM process).
[Package Manager] Cannot connect to Unity Package Manager local server
- Finished resetting the current domain, in  1.643 seconds
Domain Reload Profiling: 2441ms
	BeginReloadAssembly (260ms)
		ExecutionOrderSort (0ms)
		DisableScriptedObjects (20ms)
		BackupInstance (0ms)
		ReleaseScriptingObjects (0ms)
		CreateAndSetChildDomain (87ms)
	RebuildCommonClasses (68ms)
	RebuildNativeTypeToScriptingClass (22ms)
	initialDomainReloadingComplete (44ms)
	LoadAllAssembliesAndSetupDomain (403ms)
		LoadAssemblies (487ms)
		RebuildTransferFunctionScriptingTraits (0ms)
		AnalyzeDomain (29ms)
			TypeCache.Refresh (9ms)
				TypeCache.ScanAssembly (0ms)
			ScanForSourceGeneratedMonoScriptInfo (0ms)
			ResolveRequiredComponents (14ms)
	FinalizeReload (1644ms)
		ReleaseScriptCaches (0ms)
		RebuildScriptCaches (0ms)
		SetupLoadedEditorAssemblies (868ms)
			LogAssemblyErrors (0ms)
			InitializePlatformSupportModulesInManaged (57ms)
			SetLoadedEditorAssemblies (10ms)
			RefreshPlugins (0ms)
			BeforeProcessingInitializeOnLoad (121ms)
			ProcessInitializeOnLoadAttributes (597ms)
			ProcessInitializeOnLoadMethodAttributes (80ms)
			AfterProcessingInitializeOnLoad (3ms)
			EditorAssembliesLoaded (0ms)
		ExecutionOrderSort2 (0ms)
		AwakeInstancesAfterBackupRestoration (21ms)
Refreshing native plugins compatible for Editor in 6.43 ms, found 3 plugins.
Preloading 0 native plugins for Editor in 0.00 ms.
Unloading 4319 Unused Serialized files (Serialized files now loaded: 0)
Unloading 19 unused Assets / (31.3 KB). Loaded Objects now: 5101.
Memory consumption went from 440.4 MB to 440.4 MB.
Total: 6.707589 ms (FindLiveObjects: 0.559200 ms CreateObjectMapping: 0.566559 ms MarkObjects: 5.519824 ms  DeleteObjects: 0.060637 ms)

Prepare: number of updated asset objects reloaded= 0
AssetImportParameters requested are different than current active one (requested -> active):
  custom:container-demuxer-ogg: 62fdf1f143b41e24485cea50d1cbac27 -> 
  custom:video-decoder-ogg-theora: a1e56fd34408186e4bbccfd4996cb3dc -> 
  custom:CustomObjectIndexerAttribute: 9a22284fe3817be447336de3de66b15e -> 
  custom:container-demuxer-webm: 4f35f7cbe854078d1ac9338744f61a02 -> 
  custom:container-muxer-webm: aa71ff27fc2769a1b78a27578f13a17b -> 
  custom:scripting/monoscript/fileName/LeaderBoardManager.cs: f79d843b29a22d0e6cb463c849a18400 -> 
  custom:scripting/monoscript/fileName/NetworkManager.cs: 5d227a124a4f614b5ab5a58e0800fccb -> e4fa93220985ebf211f3da91d4ced24a
  custom:video-decoder-webm-vp8: 9c59270c3fd7afecdb556c50c9e8de78 -> 
  custom:SearchIndexIgnoredProperties: e643bd26f0fe6173181afceb89e7c659 -> 
  custom:AudioImporter_EditorPlatform: 3918e3fc78b5a79bad01e8451be0beb8 -> 
  custom:framework-osx-AVFoundation: e770b220cccbd017edd2c1fefb359320 -> 
  custom:video-encoder-webm-vp8: eb34c28f22e8b96e1ab97ce403110664 -> 
  custom:audio-decoder-ogg-vorbis: bf7c407c2cedff20999df2af8eb42d56 -> 
  custom:audio-encoder-webm-vorbis: bf7c407c2cedff20999df2af8eb42d56 -> 
  custom:scripting/precompiled-assembly-types:Assembly-CSharp: bd8b3800364436b8596a4a9aa1a09cc1 -> 3f7dda8ccb1a71ee7bfa3df822b70911
========================================================================
Received Prepare
Caller must complete domain reload
 #0 GetStacktrace(int)
 #1 DebugStringToFile(DebugStringToFileData const&)
 #2 AssertImplementation(int, char const*, int, int, char const*)
 #3 Internal_ADB_WorkerOnly_DomainReload(AssemblyLoadReason)
 #4 WorkerDomainReloadV2()
 #5 AssetImportWorkerClient::ReloadMonoDomain(AssetResolver&)
 #6 invocation function for block in AssetImportWorkerClient::HandleMessage(PrepareMessage const&)::$_4::operator()() const
 #7 _dispatch_client_callout
 #8 _dispatch_async_and_wait_invoke
 #9 _dispatch_client_callout
 #10 _dispatch_main_queue_drain
 #11 _dispatch_main_queue_callback_4CF
 #12 __CFRUNLOOP_IS_SERVICING_THE_MAIN_DISPATCH_QUEUE__
 #13 __CFRunLoopRun
 #14 CFRunLoopRunSpecific
 #15 RunCurrentEventLoopInMode
 #16 ReceiveNextEventCommon
 #17 _BlockUntilNextEventMatchingListInModeWithFilter
 #18 _DPSNextEvent
 #19 -[NSApplication(NSEvent) _nextEventMatchingEventMask:untilDate:inMode:dequeue:]
 #20 -[NSApplication run]
 #21 NSApplicationMain
 #22 EditorMain(int, char const**)
 #23 main
 #24 start

Begin MonoManager ReloadAssembly
- Loaded All Assemblies, in  0.788 seconds
Native extension for WindowsStandalone target not found
Native extension for iOS target not found
Native extension for Android target not found
Native extension for OSXStandalone target not found
Mono: successfully reloaded assembly
[Package Manager] Server::EnsureServerProcessIsRunning -- launch failed, reason: Unity was launched with the -noUpm command-line argument
[Package Manager] UpmClient::Send -- Unable to send message (not connected to UPM process).
[Package Manager] Cannot connect to Unity Package Manager local server
- Finished resetting the current domain, in  1.507 seconds
Domain Reload Profiling: 2295ms
	BeginReloadAssembly (255ms)
		ExecutionOrderSort (0ms)
		DisableScriptedObjects (20ms)
		BackupInstance (0ms)
		ReleaseScriptingObjects (0ms)
		CreateAndSetChildDomain (83ms)
	RebuildCommonClasses (66ms)
	RebuildNativeTypeToScriptingClass (22ms)
	initialDomainReloadingComplete (43ms)
	LoadAllAssembliesAndSetupDomain (401ms)
		LoadAssemblies (482ms)
		RebuildTransferFunctionScriptingTraits (0ms)
		AnalyzeDomain (31ms)
			TypeCache.Refresh (9ms)
				TypeCache.ScanAssembly (0ms)
			ScanForSourceGeneratedMonoScriptInfo (0ms)
			ResolveRequiredComponents (14ms)
	FinalizeReload (1508ms)
		ReleaseScriptCaches (0ms)
		RebuildScriptCaches (0ms)
		SetupLoadedEditorAssemblies (784ms)
			LogAssemblyErrors (0ms)
			InitializePlatformSupportModulesInManaged (54ms)
			SetLoadedEditorAssemblies (9ms)
			RefreshPlugins (0ms)
			BeforeProcessingInitializeOnLoad (117ms)
			ProcessInitializeOnLoadAttributes (530ms)
			ProcessInitializeOnLoadMethodAttributes (69ms)
			AfterProcessingInitializeOnLoad (4ms)
			EditorAssembliesLoaded (0ms)
		ExecutionOrderSort2 (0ms)
		AwakeInstancesAfterBackupRestoration (18ms)
Refreshing native plugins compatible for Editor in 7.29 ms, found 3 plugins.
Preloading 0 native plugins for Editor in 0.00 ms.
Unloading 4319 Unused Serialized files (Serialized files now loaded: 0)
Unloading 19 unused Assets / (31.3 KB). Loaded Objects now: 5105.
Memory consumption went from 444.7 MB to 444.7 MB.
Total: 7.601092 ms (FindLiveObjects: 0.571327 ms CreateObjectMapping: 0.448417 ms MarkObjects: 6.510955 ms  DeleteObjects: 0.068884 ms)

Prepare: number of updated asset objects reloaded= 0
AssetImportParameters requested are different than current active one (requested -> active):
  custom:container-demuxer-ogg: 62fdf1f143b41e24485cea50d1cbac27 -> 
  custom:video-decoder-ogg-theora: a1e56fd34408186e4bbccfd4996cb3dc -> 
  custom:CustomObjectIndexerAttribute: 9a22284fe3817be447336de3de66b15e -> 
  custom:container-demuxer-webm: 4f35f7cbe854078d1ac9338744f61a02 -> 
  custom:container-muxer-webm: aa71ff27fc2769a1b78a27578f13a17b -> 
  custom:scripting/monoscript/fileName/LeaderBoardManager.cs: f79d843b29a22d0e6cb463c849a18400 -> 
  custom:scripting/monoscript/fileName/NetworkManager.cs: 5d227a124a4f614b5ab5a58e0800fccb -> e4fa93220985ebf211f3da91d4ced24a
  custom:video-decoder-webm-vp8: 9c59270c3fd7afecdb556c50c9e8de78 -> 
  custom:SearchIndexIgnoredProperties: e643bd26f0fe6173181afceb89e7c659 -> 
  custom:AudioImporter_EditorPlatform: 3918e3fc78b5a79bad01e8451be0beb8 -> 
  custom:framework-osx-AVFoundation: e770b220cccbd017edd2c1fefb359320 -> 
  custom:video-encoder-webm-vp8: eb34c28f22e8b96e1ab97ce403110664 -> 
  custom:audio-decoder-ogg-vorbis: bf7c407c2cedff20999df2af8eb42d56 -> 
  custom:audio-encoder-webm-vorbis: bf7c407c2cedff20999df2af8eb42d56 -> 
  custom:scripting/precompiled-assembly-types:Assembly-CSharp: bd8b3800364436b8596a4a9aa1a09cc1 -> 3f7dda8ccb1a71ee7bfa3df822b70911
========================================================================
Received Prepare
Caller must complete domain reload
 #0 GetStacktrace(int)
 #1 DebugStringToFile(DebugStringToFileData const&)
 #2 AssertImplementation(int, char const*, int, int, char const*)
 #3 Internal_ADB_WorkerOnly_DomainReload(AssemblyLoadReason)
 #4 WorkerDomainReloadV2()
 #5 AssetImportWorkerClient::ReloadMonoDomain(AssetResolver&)
 #6 invocation function for block in AssetImportWorkerClient::HandleMessage(PrepareMessage const&)::$_4::operator()() const
 #7 _dispatch_client_callout
 #8 _dispatch_async_and_wait_invoke
 #9 _dispatch_client_callout
 #10 _dispatch_main_queue_drain
 #11 _dispatch_main_queue_callback_4CF
 #12 __CFRUNLOOP_IS_SERVICING_THE_MAIN_DISPATCH_QUEUE__
 #13 __CFRunLoopRun
 #14 CFRunLoopRunSpecific
 #15 RunCurrentEventLoopInMode
 #16 ReceiveNextEventCommon
 #17 _BlockUntilNextEventMatchingListInModeWithFilter
 #18 _DPSNextEvent
 #19 -[NSApplication(NSEvent) _nextEventMatchingEventMask:untilDate:inMode:dequeue:]
 #20 -[NSApplication run]
 #21 NSApplicationMain
 #22 EditorMain(int, char const**)
 #23 main
 #24 start

Begin MonoManager ReloadAssembly
- Loaded All Assemblies, in  0.777 seconds
Native extension for WindowsStandalone target not found
Native extension for iOS target not found
Native extension for Android target not found
Native extension for OSXStandalone target not found
Mono: successfully reloaded assembly
[Package Manager] Server::EnsureServerProcessIsRunning -- launch failed, reason: Unity was launched with the -noUpm command-line argument
[Package Manager] UpmClient::Send -- Unable to send message (not connected to UPM process).
[Package Manager] Cannot connect to Unity Package Manager local server
- Finished resetting the current domain, in  1.500 seconds
Domain Reload Profiling: 2276ms
	BeginReloadAssembly (250ms)
		ExecutionOrderSort (0ms)
		DisableScriptedObjects (20ms)
		BackupInstance (0ms)
		ReleaseScriptingObjects (0ms)
		CreateAndSetChildDomain (81ms)
	RebuildCommonClasses (66ms)
	RebuildNativeTypeToScriptingClass (22ms)
	initialDomainReloadingComplete (43ms)
	LoadAllAssembliesAndSetupDomain (395ms)
		LoadAssemblies (473ms)
		RebuildTransferFunctionScriptingTraits (0ms)
		AnalyzeDomain (31ms)
			TypeCache.Refresh (10ms)
				TypeCache.ScanAssembly (0ms)
			ScanForSourceGeneratedMonoScriptInfo (0ms)
			ResolveRequiredComponents (14ms)
	FinalizeReload (1501ms)
		ReleaseScriptCaches (0ms)
		RebuildScriptCaches (0ms)
		SetupLoadedEditorAssemblies (793ms)
			LogAssemblyErrors (0ms)
			InitializePlatformSupportModulesInManaged (55ms)
			SetLoadedEditorAssemblies (11ms)
			RefreshPlugins (0ms)
			BeforeProcessingInitializeOnLoad (126ms)
			ProcessInitializeOnLoadAttributes (529ms)
			ProcessInitializeOnLoadMethodAttributes (68ms)
			AfterProcessingInitializeOnLoad (3ms)
			EditorAssembliesLoaded (0ms)
		ExecutionOrderSort2 (0ms)
		AwakeInstancesAfterBackupRestoration (19ms)
Refreshing native plugins compatible for Editor in 6.17 ms, found 3 plugins.
Preloading 0 native plugins for Editor in 0.00 ms.
Unloading 4319 Unused Serialized files (Serialized files now loaded: 0)
Unloading 19 unused Assets / (31.3 KB). Loaded Objects now: 5109.
Memory consumption went from 449.1 MB to 449.1 MB.
Total: 7.487366 ms (FindLiveObjects: 0.579036 ms CreateObjectMapping: 0.623128 ms MarkObjects: 6.218244 ms  DeleteObjects: 0.065310 ms)

Prepare: number of updated asset objects reloaded= 0
AssetImportParameters requested are different than current active one (requested -> active):
  custom:container-demuxer-ogg: 62fdf1f143b41e24485cea50d1cbac27 -> 
  custom:video-decoder-ogg-theora: a1e56fd34408186e4bbccfd4996cb3dc -> 
  custom:CustomObjectIndexerAttribute: 9a22284fe3817be447336de3de66b15e -> 
  custom:container-demuxer-webm: 4f35f7cbe854078d1ac9338744f61a02 -> 
  custom:container-muxer-webm: aa71ff27fc2769a1b78a27578f13a17b -> 
  custom:scripting/monoscript/fileName/LeaderBoardManager.cs: f79d843b29a22d0e6cb463c849a18400 -> 
  custom:scripting/monoscript/fileName/NetworkManager.cs: 5d227a124a4f614b5ab5a58e0800fccb -> e4fa93220985ebf211f3da91d4ced24a
  custom:video-decoder-webm-vp8: 9c59270c3fd7afecdb556c50c9e8de78 -> 
  custom:SearchIndexIgnoredProperties: e643bd26f0fe6173181afceb89e7c659 -> 
  custom:AudioImporter_EditorPlatform: 3918e3fc78b5a79bad01e8451be0beb8 -> 
  custom:framework-osx-AVFoundation: e770b220cccbd017edd2c1fefb359320 -> 
  custom:video-encoder-webm-vp8: eb34c28f22e8b96e1ab97ce403110664 -> 
  custom:audio-decoder-ogg-vorbis: bf7c407c2cedff20999df2af8eb42d56 -> 
  custom:audio-encoder-webm-vorbis: bf7c407c2cedff20999df2af8eb42d56 -> 
  custom:scripting/precompiled-assembly-types:Assembly-CSharp: bd8b3800364436b8596a4a9aa1a09cc1 -> 3f7dda8ccb1a71ee7bfa3df822b70911
========================================================================
Received Prepare
Caller must complete domain reload
 #0 GetStacktrace(int)
 #1 DebugStringToFile(DebugStringToFileData const&)
 #2 AssertImplementation(int, char const*, int, int, char const*)
 #3 Internal_ADB_WorkerOnly_DomainReload(AssemblyLoadReason)
 #4 WorkerDomainReloadV2()
 #5 AssetImportWorkerClient::ReloadMonoDomain(AssetResolver&)
 #6 invocation function for block in AssetImportWorkerClient::HandleMessage(PrepareMessage const&)::$_4::operator()() const
 #7 _dispatch_client_callout
 #8 _dispatch_async_and_wait_invoke
 #9 _dispatch_client_callout
 #10 _dispatch_main_queue_drain
 #11 _dispatch_main_queue_callback_4CF
 #12 __CFRUNLOOP_IS_SERVICING_THE_MAIN_DISPATCH_QUEUE__
 #13 __CFRunLoopRun
 #14 CFRunLoopRunSpecific
 #15 RunCurrentEventLoopInMode
 #16 ReceiveNextEventCommon
 #17 _BlockUntilNextEventMatchingListInModeWithFilter
 #18 _DPSNextEvent
 #19 -[NSApplication(NSEvent) _nextEventMatchingEventMask:untilDate:inMode:dequeue:]
 #20 -[NSApplication run]
 #21 NSApplicationMain
 #22 EditorMain(int, char const**)
 #23 main
 #24 start

Begin MonoManager ReloadAssembly
- Loaded All Assemblies, in  0.804 seconds
Native extension for WindowsStandalone target not found
Native extension for iOS target not found
Native extension for Android target not found
Native extension for OSXStandalone target not found
Mono: successfully reloaded assembly
[Package Manager] Server::EnsureServerProcessIsRunning -- launch failed, reason: Unity was launched with the -noUpm command-line argument
[Package Manager] UpmClient::Send -- Unable to send message (not connected to UPM process).
[Package Manager] Cannot connect to Unity Package Manager local server
- Finished resetting the current domain, in  1.525 seconds
Domain Reload Profiling: 2329ms
	BeginReloadAssembly (269ms)
		ExecutionOrderSort (0ms)
		DisableScriptedObjects (21ms)
		BackupInstance (0ms)
		ReleaseScriptingObjects (0ms)
		CreateAndSetChildDomain (87ms)
	RebuildCommonClasses (66ms)
	RebuildNativeTypeToScriptingClass (22ms)
	initialDomainReloadingComplete (42ms)
	LoadAllAssembliesAndSetupDomain (405ms)
		LoadAssemblies (493ms)
		RebuildTransferFunctionScriptingTraits (0ms)
		AnalyzeDomain (33ms)
			TypeCache.Refresh (10ms)
				TypeCache.ScanAssembly (0ms)
			ScanForSourceGeneratedMonoScriptInfo (0ms)
			ResolveRequiredComponents (14ms)
	FinalizeReload (1526ms)
		ReleaseScriptCaches (0ms)
		RebuildScriptCaches (0ms)
		SetupLoadedEditorAssemblies (813ms)
			LogAssemblyErrors (0ms)
			InitializePlatformSupportModulesInManaged (54ms)
			SetLoadedEditorAssemblies (9ms)
			RefreshPlugins (0ms)
			BeforeProcessingInitializeOnLoad (118ms)
			ProcessInitializeOnLoadAttributes (557ms)
			ProcessInitializeOnLoadMethodAttributes (72ms)
			AfterProcessingInitializeOnLoad (3ms)
			EditorAssembliesLoaded (0ms)
		ExecutionOrderSort2 (0ms)
		AwakeInstancesAfterBackupRestoration (19ms)
Refreshing native plugins compatible for Editor in 5.45 ms, found 3 plugins.
Preloading 0 native plugins for Editor in 0.00 ms.
Unloading 4319 Unused Serialized files (Serialized files now loaded: 0)
Unloading 19 unused Assets / (31.3 KB). Loaded Objects now: 5113.
Memory consumption went from 453.4 MB to 453.4 MB.
Total: 6.283760 ms (FindLiveObjects: 0.434526 ms CreateObjectMapping: 0.447205 ms MarkObjects: 5.312179 ms  DeleteObjects: 0.088330 ms)

Prepare: number of updated asset objects reloaded= 0
AssetImportParameters requested are different than current active one (requested -> active):
  custom:container-demuxer-ogg: 62fdf1f143b41e24485cea50d1cbac27 -> 
  custom:video-decoder-ogg-theora: a1e56fd34408186e4bbccfd4996cb3dc -> 
  custom:CustomObjectIndexerAttribute: 9a22284fe3817be447336de3de66b15e -> 
  custom:container-demuxer-webm: 4f35f7cbe854078d1ac9338744f61a02 -> 
  custom:container-muxer-webm: aa71ff27fc2769a1b78a27578f13a17b -> 
  custom:scripting/monoscript/fileName/LeaderBoardManager.cs: f79d843b29a22d0e6cb463c849a18400 -> 
  custom:scripting/monoscript/fileName/NetworkManager.cs: 5d227a124a4f614b5ab5a58e0800fccb -> e4fa93220985ebf211f3da91d4ced24a
  custom:video-decoder-webm-vp8: 9c59270c3fd7afecdb556c50c9e8de78 -> 
  custom:SearchIndexIgnoredProperties: e643bd26f0fe6173181afceb89e7c659 -> 
  custom:AudioImporter_EditorPlatform: 3918e3fc78b5a79bad01e8451be0beb8 -> 
  custom:framework-osx-AVFoundation: e770b220cccbd017edd2c1fefb359320 -> 
  custom:video-encoder-webm-vp8: eb34c28f22e8b96e1ab97ce403110664 -> 
  custom:audio-decoder-ogg-vorbis: bf7c407c2cedff20999df2af8eb42d56 -> 
  custom:audio-encoder-webm-vorbis: bf7c407c2cedff20999df2af8eb42d56 -> 
  custom:scripting/precompiled-assembly-types:Assembly-CSharp: bd8b3800364436b8596a4a9aa1a09cc1 -> 3f7dda8ccb1a71ee7bfa3df822b70911
========================================================================
Received Import Request.
  Time since last request: 1975.293907 seconds.
  path: Assets/Scenes/Menu/Signup.unity
  artifactKey: Guid(48d6e3008fde348a7b6df4684180add7) Importer(815301076,1909f56bfc062723c751e8b465ee728b)
Start importing Assets/Scenes/Menu/Signup.unity using Guid(48d6e3008fde348a7b6df4684180add7) Importer(815301076,1909f56bfc062723c751e8b465ee728b) [PhysX] Initialized MultithreadedTaskDispatcher with 8 workers.
 -> (artifact id: '6d84f670a72bf505dcc1f3971c1fb3ef') in 0.002467 seconds
Number of updated asset objects reloaded before import = 0
Number of asset objects unloaded after import = 0
========================================================================
Received Prepare
Caller must complete domain reload
 #0 GetStacktrace(int)
 #1 DebugStringToFile(DebugStringToFileData const&)
 #2 AssertImplementation(int, char const*, int, int, char const*)
 #3 Internal_ADB_WorkerOnly_DomainReload(AssemblyLoadReason)
 #4 WorkerDomainReloadV2()
 #5 AssetImportWorkerClient::ReloadMonoDomain(AssetResolver&)
 #6 invocation function for block in AssetImportWorkerClient::HandleMessage(PrepareMessage const&)::$_4::operator()() const
 #7 _dispatch_client_callout
 #8 _dispatch_async_and_wait_invoke
 #9 _dispatch_client_callout
 #10 _dispatch_main_queue_drain
 #11 _dispatch_main_queue_callback_4CF
 #12 __CFRUNLOOP_IS_SERVICING_THE_MAIN_DISPATCH_QUEUE__
 #13 __CFRunLoopRun
 #14 CFRunLoopRunSpecific
 #15 RunCurrentEventLoopInMode
 #16 ReceiveNextEventCommon
 #17 _BlockUntilNextEventMatchingListInModeWithFilter
 #18 _DPSNextEvent
 #19 -[NSApplication(NSEvent) _nextEventMatchingEventMask:untilDate:inMode:dequeue:]
 #20 -[NSApplication run]
 #21 NSApplicationMain
 #22 EditorMain(int, char const**)
 #23 main
 #24 start

Begin MonoManager ReloadAssembly
- Loaded All Assemblies, in  0.681 seconds
Native extension for WindowsStandalone target not found
Native extension for iOS target not found
Native extension for Android target not found
Native extension for OSXStandalone target not found
Mono: successfully reloaded assembly
[Package Manager] Server::EnsureServerProcessIsRunning -- launch failed, reason: Unity was launched with the -noUpm command-line argument
[Package Manager] UpmClient::Send -- Unable to send message (not connected to UPM process).
[Package Manager] Cannot connect to Unity Package Manager local server
- Finished resetting the current domain, in  2.047 seconds
Domain Reload Profiling: 2728ms
	BeginReloadAssembly (228ms)
		ExecutionOrderSort (0ms)
		DisableScriptedObjects (20ms)
		BackupInstance (0ms)
		ReleaseScriptingObjects (0ms)
		CreateAndSetChildDomain (85ms)
	RebuildCommonClasses (58ms)
	RebuildNativeTypeToScriptingClass (17ms)
	initialDomainReloadingComplete (36ms)
	LoadAllAssembliesAndSetupDomain (341ms)
		LoadAssemblies (401ms)
		RebuildTransferFunctionScriptingTraits (0ms)
		AnalyzeDomain (27ms)
			TypeCache.Refresh (10ms)
				TypeCache.ScanAssembly (0ms)
			ScanForSourceGeneratedMonoScriptInfo (0ms)
			ResolveRequiredComponents (14ms)
	FinalizeReload (2048ms)
		ReleaseScriptCaches (0ms)
		RebuildScriptCaches (0ms)
		SetupLoadedEditorAssemblies (706ms)
			LogAssemblyErrors (0ms)
			InitializePlatformSupportModulesInManaged (56ms)
			SetLoadedEditorAssemblies (9ms)
			RefreshPlugins (0ms)
			BeforeProcessingInitializeOnLoad (113ms)
			ProcessInitializeOnLoadAttributes (478ms)
			ProcessInitializeOnLoadMethodAttributes (47ms)
			AfterProcessingInitializeOnLoad (2ms)
			EditorAssembliesLoaded (0ms)
		ExecutionOrderSort2 (0ms)
		AwakeInstancesAfterBackupRestoration (13ms)
Refreshing native plugins compatible for Editor in 4.68 ms, found 3 plugins.
Preloading 0 native plugins for Editor in 0.00 ms.
Unloading 4318 Unused Serialized files (Serialized files now loaded: 0)
Unloading 19 unused Assets / (31.4 KB). Loaded Objects now: 5117.
Memory consumption went from 457.8 MB to 457.7 MB.
Total: 7.009706 ms (FindLiveObjects: 0.565317 ms CreateObjectMapping: 0.684384 ms MarkObjects: 5.701389 ms  DeleteObjects: 0.056381 ms)

Prepare: number of updated asset objects reloaded= 0
AssetImportParameters requested are different than current active one (requested -> active):
  custom:container-demuxer-ogg: 62fdf1f143b41e24485cea50d1cbac27 -> 
  custom:video-decoder-ogg-theora: a1e56fd34408186e4bbccfd4996cb3dc -> 
  custom:CustomObjectIndexerAttribute: 9a22284fe3817be447336de3de66b15e -> 
  custom:container-demuxer-webm: 4f35f7cbe854078d1ac9338744f61a02 -> 
  custom:container-muxer-webm: aa71ff27fc2769a1b78a27578f13a17b -> 
  custom:scripting/monoscript/fileName/LeaderBoardManager.cs: f79d843b29a22d0e6cb463c849a18400 -> 
  custom:scripting/monoscript/fileName/NetworkManager.cs: 5d227a124a4f614b5ab5a58e0800fccb -> e4fa93220985ebf211f3da91d4ced24a
  custom:video-decoder-webm-vp8: 9c59270c3fd7afecdb556c50c9e8de78 -> 
  custom:SearchIndexIgnoredProperties: e643bd26f0fe6173181afceb89e7c659 -> 
  custom:AudioImporter_EditorPlatform: 3918e3fc78b5a79bad01e8451be0beb8 -> 
  custom:framework-osx-AVFoundation: e770b220cccbd017edd2c1fefb359320 -> 
  custom:video-encoder-webm-vp8: eb34c28f22e8b96e1ab97ce403110664 -> 
  custom:audio-decoder-ogg-vorbis: bf7c407c2cedff20999df2af8eb42d56 -> 
  custom:audio-encoder-webm-vorbis: bf7c407c2cedff20999df2af8eb42d56 -> 
  custom:scripting/precompiled-assembly-types:Assembly-CSharp: bd8b3800364436b8596a4a9aa1a09cc1 -> 3f7dda8ccb1a71ee7bfa3df822b70911
