Unity Editor version:    2022.3.60f1 (5f63fdee6d95)
Branch:                  2022.3/staging
Build type:              Release
Batch mode:              YES
macOS version:           Version 13.7.1 (Build 22H221)
Darwin version:          22.6.0
Architecture:            x86_64
Running under Rosetta:   NO
Available memory:        16384 MB
Using pre-set license
Pro License: YES

COMMAND LINE ARGUMENTS:
/Applications/Unity/Hub/Editor/2022.3.60f1/Unity.app/Contents/MacOS/Unity
-adb2
-batchMode
-noUpm
-name
AssetImportWorker0
-projectPath
/Users/yousefnaiem/Tarnung
-logFile
Logs/AssetImportWorker0.log
-srvPort
59095
Successfully changed project path to: /Users/yousefnaiem/Tarnung
/Users/yousefnaiem/Tarnung
[UnityMemory] Configuration Parameters - Can be set up in boot.config
    "memorysetup-bucket-allocator-granularity=16"
    "memorysetup-bucket-allocator-bucket-count=8"
    "memorysetup-bucket-allocator-block-size=33554432"
    "memorysetup-bucket-allocator-block-count=8"
    "memorysetup-main-allocator-block-size=16777216"
    "memorysetup-thread-allocator-block-size=16777216"
    "memorysetup-gfx-main-allocator-block-size=16777216"
    "memorysetup-gfx-thread-allocator-block-size=16777216"
    "memorysetup-cache-allocator-block-size=4194304"
    "memorysetup-typetree-allocator-block-size=2097152"
    "memorysetup-profiler-bucket-allocator-granularity=16"
    "memorysetup-profiler-bucket-allocator-bucket-count=8"
    "memorysetup-profiler-bucket-allocator-block-size=33554432"
    "memorysetup-profiler-bucket-allocator-block-count=8"
    "memorysetup-profiler-allocator-block-size=16777216"
    "memorysetup-profiler-editor-allocator-block-size=1048576"
    "memorysetup-temp-allocator-size-main=16777216"
    "memorysetup-job-temp-allocator-block-size=2097152"
    "memorysetup-job-temp-allocator-block-size-background=1048576"
    "memorysetup-job-temp-allocator-reduction-small-platforms=262144"
    "memorysetup-allocator-temp-initial-block-size-main=262144"
    "memorysetup-allocator-temp-initial-block-size-worker=262144"
    "memorysetup-temp-allocator-size-background-worker=32768"
    "memorysetup-temp-allocator-size-job-worker=262144"
    "memorysetup-temp-allocator-size-preload-manager=33554432"
    "memorysetup-temp-allocator-size-nav-mesh-worker=65536"
    "memorysetup-temp-allocator-size-audio-worker=65536"
    "memorysetup-temp-allocator-size-cloud-worker=32768"
    "memorysetup-temp-allocator-size-gi-baking-worker=262144"
    "memorysetup-temp-allocator-size-gfx=262144"
Player connection [140704735373632]  Target information:

Player connection [140704735373632]  * "[IP] 192.168.0.224 [Port] 0 [Flags] 2 [Guid] 4058863861 [EditorId] 4058863861 [Version] 1048832 [Id] OSXEditor(0,Yousefs-MacBook-Pro.local) [Debug] 1 [PackageName] OSXEditor [ProjectName] Editor" 

Player connection [140704735373632] Host joined multi-casting on [225.0.0.222:54997]...
Player connection [140704735373632] Host joined alternative multi-casting on [225.0.0.222:34997]...
Input System module state changed to: Initialized.
[PhysX] Initialized MultithreadedTaskDispatcher with 8 workers.
Refreshing native plugins compatible for Editor in 12.17 ms, found 3 plugins.
Preloading 0 native plugins for Editor in 0.00 ms.
Initialize engine version: 2022.3.60f1 (5f63fdee6d95)
[Subsystems] Discovering subsystems at path /Applications/Unity/Hub/Editor/2022.3.60f1/Unity.app/Contents/Resources/UnitySubsystems
[Subsystems] Discovering subsystems at path /Users/yousefnaiem/Tarnung/Assets
GfxDevice: creating device client; threaded=0; jobified=0
Color LCD preferred device: AMD Radeon Pro 560 (high power)
Metal devices available: 2
0: AMD Radeon Pro 560 (high power)
1: Intel(R) HD Graphics 630 (low power)
Using device AMD Radeon Pro 560 (high power)
Initializing Metal device caps: AMD Radeon Pro 560
Initialize mono
Mono path[0] = '/Applications/Unity/Hub/Editor/2022.3.60f1/Unity.app/Contents/Managed'
Mono path[1] = '/Applications/Unity/Hub/Editor/2022.3.60f1/Unity.app/Contents/MonoBleedingEdge/lib/mono/unityjit-macos'
Mono config path = '/Applications/Unity/Hub/Editor/2022.3.60f1/Unity.app/Contents/MonoBleedingEdge/etc'
Using monoOptions --debugger-agent=transport=dt_socket,embedding=1,server=y,suspend=n,address=127.0.0.1:56898
Begin MonoManager ReloadAssembly
Registering precompiled unity dll's ...
Register platform support module: /Applications/Unity/Hub/Editor/2022.3.60f1/Unity.app/Contents/PlaybackEngines/MacStandaloneSupport/UnityEditor.OSXStandalone.Extensions.dll
Register platform support module: /Applications/Unity/Hub/Editor/2022.3.60f1/PlaybackEngines/AndroidPlayer/UnityEditor.Android.Extensions.dll
Register platform support module: /Applications/Unity/Hub/Editor/2022.3.60f1/PlaybackEngines/iOSSupport/UnityEditor.iOS.Extensions.dll
Register platform support module: /Applications/Unity/Hub/Editor/2022.3.60f1/PlaybackEngines/WindowsStandaloneSupport/UnityEditor.WindowsStandalone.Extensions.dll
Registered in 0.006351 seconds.
- Loaded All Assemblies, in  0.837 seconds
Native extension for WindowsStandalone target not found
[usbmuxd] Start listen thread
[usbmuxd] Listen thread started
[usbmuxd] Send listen message
Native extension for iOS target not found
Native extension for Android target not found
Android Extension - Scanning For ADB Devices 221 ms
Native extension for OSXStandalone target not found
Mono: successfully reloaded assembly
- Finished resetting the current domain, in  1.034 seconds
Domain Reload Profiling: 1870ms
	BeginReloadAssembly (199ms)
		ExecutionOrderSort (0ms)
		DisableScriptedObjects (0ms)
		BackupInstance (0ms)
		ReleaseScriptingObjects (0ms)
		CreateAndSetChildDomain (2ms)
	RebuildCommonClasses (93ms)
	RebuildNativeTypeToScriptingClass (29ms)
	initialDomainReloadingComplete (121ms)
	LoadAllAssembliesAndSetupDomain (392ms)
		LoadAssemblies (200ms)
		RebuildTransferFunctionScriptingTraits (0ms)
		AnalyzeDomain (387ms)
			TypeCache.Refresh (383ms)
				TypeCache.ScanAssembly (350ms)
			ScanForSourceGeneratedMonoScriptInfo (1ms)
			ResolveRequiredComponents (1ms)
	FinalizeReload (1035ms)
		ReleaseScriptCaches (0ms)
		RebuildScriptCaches (0ms)
		SetupLoadedEditorAssemblies (940ms)
			LogAssemblyErrors (0ms)
			InitializePlatformSupportModulesInManaged (568ms)
			SetLoadedEditorAssemblies (11ms)
			RefreshPlugins (0ms)
			BeforeProcessingInitializeOnLoad (5ms)
			ProcessInitializeOnLoadAttributes (277ms)
			ProcessInitializeOnLoadMethodAttributes (78ms)
			AfterProcessingInitializeOnLoad (0ms)
			EditorAssembliesLoaded (0ms)
		ExecutionOrderSort2 (0ms)
		AwakeInstancesAfterBackupRestoration (0ms)
========================================================================
Worker process is ready to serve import requests
Caller must complete domain reload
 #0 GetStacktrace(int)
 #1 DebugStringToFile(DebugStringToFileData const&)
 #2 AssertImplementation(int, char const*, int, int, char const*)
 #3 Internal_ADB_WorkerOnly_DomainReload(AssemblyLoadReason)
 #4 WorkerDomainReloadV2()
 #5 invocation function for block in AssetImportWorkerClient::HandleMessage(InitializeMessage const&)::$_3::operator()() const
 #6 _dispatch_client_callout
 #7 _dispatch_async_and_wait_invoke
 #8 _dispatch_client_callout
 #9 _dispatch_main_queue_drain
 #10 _dispatch_main_queue_callback_4CF
 #11 __CFRUNLOOP_IS_SERVICING_THE_MAIN_DISPATCH_QUEUE__
 #12 __CFRunLoopRun
 #13 CFRunLoopRunSpecific
 #14 RunCurrentEventLoopInMode
 #15 ReceiveNextEventCommon
 #16 _BlockUntilNextEventMatchingListInModeWithFilter
 #17 _DPSNextEvent
 #18 -[NSApplication(NSEvent) _nextEventMatchingEventMask:untilDate:inMode:dequeue:]
 #19 -[NSApplication run]
 #20 NSApplicationMain
 #21 EditorMain(int, char const**)
 #22 main
 #23 start

Begin MonoManager ReloadAssembly
- Loaded All Assemblies, in  1.308 seconds
Native extension for WindowsStandalone target not found
Native extension for iOS target not found
Native extension for Android target not found
Native extension for OSXStandalone target not found
Mono: successfully reloaded assembly
Package Manager log level set to [2]
[Package Manager] Server::EnsureServerProcessIsRunning -- launch failed, reason: Unity was launched with the -noUpm command-line argument
[Package Manager] UpmClient::Send -- Unable to send message (not connected to UPM process).
[Package Manager] Cannot connect to Unity Package Manager local server
[Package Manager] Server::EnsureServerProcessIsRunning -- launch failed, reason: Unity was launched with the -noUpm command-line argument
[Package Manager] UpmClient::Send -- Unable to send message (not connected to UPM process).
[Package Manager] Cannot connect to Unity Package Manager local server
- Finished resetting the current domain, in  1.166 seconds
Domain Reload Profiling: 2474ms
	BeginReloadAssembly (272ms)
		ExecutionOrderSort (0ms)
		DisableScriptedObjects (10ms)
		BackupInstance (0ms)
		ReleaseScriptingObjects (0ms)
		CreateAndSetChildDomain (54ms)
	RebuildCommonClasses (67ms)
	RebuildNativeTypeToScriptingClass (21ms)
	initialDomainReloadingComplete (75ms)
	LoadAllAssembliesAndSetupDomain (873ms)
		LoadAssemblies (636ms)
		RebuildTransferFunctionScriptingTraits (0ms)
		AnalyzeDomain (385ms)
			TypeCache.Refresh (321ms)
				TypeCache.ScanAssembly (286ms)
			ScanForSourceGeneratedMonoScriptInfo (48ms)
			ResolveRequiredComponents (13ms)
	FinalizeReload (1166ms)
		ReleaseScriptCaches (0ms)
		RebuildScriptCaches (0ms)
		SetupLoadedEditorAssemblies (837ms)
			LogAssemblyErrors (0ms)
			InitializePlatformSupportModulesInManaged (50ms)
			SetLoadedEditorAssemblies (9ms)
			RefreshPlugins (0ms)
			BeforeProcessingInitializeOnLoad (113ms)
			ProcessInitializeOnLoadAttributes (591ms)
			ProcessInitializeOnLoadMethodAttributes (71ms)
			AfterProcessingInitializeOnLoad (3ms)
			EditorAssembliesLoaded (0ms)
		ExecutionOrderSort2 (0ms)
		AwakeInstancesAfterBackupRestoration (6ms)
Launching external process: /Applications/Unity/Hub/Editor/2022.3.60f1/Unity.app/Contents/Tools/UnityShaderCompiler
Launched and connected shader compiler UnityShaderCompiler after 0.17 seconds
Refreshing native plugins compatible for Editor in 4.62 ms, found 3 plugins.
Preloading 0 native plugins for Editor in 0.00 ms.
Unloading 4344 Unused Serialized files (Serialized files now loaded: 0)
Unloading 32 unused Assets / (51.3 KB). Loaded Objects now: 4822.
Memory consumption went from 156.9 MB to 156.9 MB.
Total: 9.800209 ms (FindLiveObjects: 0.523421 ms CreateObjectMapping: 0.479778 ms MarkObjects: 8.608271 ms  DeleteObjects: 0.185349 ms)

AssetImportParameters requested are different than current active one (requested -> active):
  custom:container-demuxer-ogg: 62fdf1f143b41e24485cea50d1cbac27 -> 
  custom:video-decoder-ogg-theora: a1e56fd34408186e4bbccfd4996cb3dc -> 
  custom:CustomObjectIndexerAttribute: 9a22284fe3817be447336de3de66b15e -> 
  custom:container-demuxer-webm: 4f35f7cbe854078d1ac9338744f61a02 -> 
  custom:container-muxer-webm: aa71ff27fc2769a1b78a27578f13a17b -> 
  custom:video-decoder-webm-vp8: 9c59270c3fd7afecdb556c50c9e8de78 -> 
  custom:SearchIndexIgnoredProperties: e643bd26f0fe6173181afceb89e7c659 -> 
  custom:AudioImporter_EditorPlatform: 3918e3fc78b5a79bad01e8451be0beb8 -> 
  custom:framework-osx-AVFoundation: e770b220cccbd017edd2c1fefb359320 -> 
  custom:video-encoder-webm-vp8: eb34c28f22e8b96e1ab97ce403110664 -> 
  custom:audio-decoder-ogg-vorbis: bf7c407c2cedff20999df2af8eb42d56 -> 
  custom:audio-encoder-webm-vorbis: bf7c407c2cedff20999df2af8eb42d56 -> 
========================================================================
Received Prepare
Caller must complete domain reload
 #0 GetStacktrace(int)
 #1 DebugStringToFile(DebugStringToFileData const&)
 #2 AssertImplementation(int, char const*, int, int, char const*)
 #3 Internal_ADB_WorkerOnly_DomainReload(AssemblyLoadReason)
 #4 WorkerDomainReloadV2()
 #5 AssetImportWorkerClient::ReloadMonoDomain(AssetResolver&)
 #6 invocation function for block in AssetImportWorkerClient::HandleMessage(PrepareMessage const&)::$_4::operator()() const
 #7 _dispatch_client_callout
 #8 _dispatch_async_and_wait_invoke
 #9 _dispatch_client_callout
 #10 _dispatch_main_queue_drain
 #11 _dispatch_main_queue_callback_4CF
 #12 __CFRUNLOOP_IS_SERVICING_THE_MAIN_DISPATCH_QUEUE__
 #13 __CFRunLoopRun
 #14 CFRunLoopRunSpecific
 #15 RunCurrentEventLoopInMode
 #16 ReceiveNextEventCommon
 #17 _BlockUntilNextEventMatchingListInModeWithFilter
 #18 _DPSNextEvent
 #19 -[NSApplication(NSEvent) _nextEventMatchingEventMask:untilDate:inMode:dequeue:]
 #20 -[NSApplication run]
 #21 NSApplicationMain
 #22 EditorMain(int, char const**)
 #23 main
 #24 start

Begin MonoManager ReloadAssembly
- Loaded All Assemblies, in  1.218 seconds
Native extension for WindowsStandalone target not found
Native extension for iOS target not found
Native extension for Android target not found
Native extension for OSXStandalone target not found
Mono: successfully reloaded assembly
[Package Manager] Server::EnsureServerProcessIsRunning -- launch failed, reason: Unity was launched with the -noUpm command-line argument
[Package Manager] UpmClient::Send -- Unable to send message (not connected to UPM process).
[Package Manager] Cannot connect to Unity Package Manager local server
- Finished resetting the current domain, in  1.365 seconds
Domain Reload Profiling: 2585ms
	BeginReloadAssembly (589ms)
		ExecutionOrderSort (0ms)
		DisableScriptedObjects (346ms)
		BackupInstance (0ms)
		ReleaseScriptingObjects (0ms)
		CreateAndSetChildDomain (91ms)
	RebuildCommonClasses (67ms)
	RebuildNativeTypeToScriptingClass (22ms)
	initialDomainReloadingComplete (47ms)
	LoadAllAssembliesAndSetupDomain (493ms)
		LoadAssemblies (574ms)
		RebuildTransferFunctionScriptingTraits (0ms)
		AnalyzeDomain (28ms)
			TypeCache.Refresh (10ms)
				TypeCache.ScanAssembly (0ms)
			ScanForSourceGeneratedMonoScriptInfo (0ms)
			ResolveRequiredComponents (14ms)
	FinalizeReload (1366ms)
		ReleaseScriptCaches (0ms)
		RebuildScriptCaches (0ms)
		SetupLoadedEditorAssemblies (951ms)
			LogAssemblyErrors (0ms)
			InitializePlatformSupportModulesInManaged (63ms)
			SetLoadedEditorAssemblies (11ms)
			RefreshPlugins (0ms)
			BeforeProcessingInitializeOnLoad (146ms)
			ProcessInitializeOnLoadAttributes (646ms)
			ProcessInitializeOnLoadMethodAttributes (82ms)
			AfterProcessingInitializeOnLoad (2ms)
			EditorAssembliesLoaded (0ms)
		ExecutionOrderSort2 (0ms)
		AwakeInstancesAfterBackupRestoration (19ms)
Refreshing native plugins compatible for Editor in 5.01 ms, found 3 plugins.
Preloading 0 native plugins for Editor in 0.00 ms.
Unloading 4320 Unused Serialized files (Serialized files now loaded: 0)
Unloading 19 unused Assets / (31.3 KB). Loaded Objects now: 4827.
Memory consumption went from 155.9 MB to 155.8 MB.
Total: 5.702326 ms (FindLiveObjects: 0.406342 ms CreateObjectMapping: 0.447179 ms MarkObjects: 4.788051 ms  DeleteObjects: 0.059663 ms)

Prepare: number of updated asset objects reloaded= 0
AssetImportParameters requested are different than current active one (requested -> active):
  custom:container-demuxer-ogg: 62fdf1f143b41e24485cea50d1cbac27 -> 
  custom:video-decoder-ogg-theora: a1e56fd34408186e4bbccfd4996cb3dc -> 
  custom:CustomObjectIndexerAttribute: 9a22284fe3817be447336de3de66b15e -> 
  custom:container-demuxer-webm: 4f35f7cbe854078d1ac9338744f61a02 -> 
  custom:container-muxer-webm: aa71ff27fc2769a1b78a27578f13a17b -> 
  custom:video-decoder-webm-vp8: 9c59270c3fd7afecdb556c50c9e8de78 -> 
  custom:SearchIndexIgnoredProperties: e643bd26f0fe6173181afceb89e7c659 -> 
  custom:AudioImporter_EditorPlatform: 3918e3fc78b5a79bad01e8451be0beb8 -> 
  custom:framework-osx-AVFoundation: e770b220cccbd017edd2c1fefb359320 -> 
  custom:video-encoder-webm-vp8: eb34c28f22e8b96e1ab97ce403110664 -> 
  custom:audio-decoder-ogg-vorbis: bf7c407c2cedff20999df2af8eb42d56 -> 
  custom:audio-encoder-webm-vorbis: bf7c407c2cedff20999df2af8eb42d56 -> 
========================================================================
Received Import Request.
  Time since last request: 406551.183007 seconds.
  path: Assets/Scripts/Player/Movement/playerMovement.cs
  artifactKey: Guid(317febd5dbde94302bb98d6740676416) Importer(815301076,1909f56bfc062723c751e8b465ee728b)
Start importing Assets/Scripts/Player/Movement/playerMovement.cs using Guid(317febd5dbde94302bb98d6740676416) Importer(815301076,1909f56bfc062723c751e8b465ee728b) [PhysX] Initialized MultithreadedTaskDispatcher with 8 workers.
 -> (artifact id: 'e5cbf4851d2c53667912f8fa47a5032e') in 0.003748 seconds
Number of updated asset objects reloaded before import = 0
Number of asset objects unloaded after import = 0
========================================================================
Received Import Request.
  Time since last request: 301.474992 seconds.
  path: Assets/Scenes/Menu/Settings.unity
  artifactKey: Guid(415538fab50de4782a8874b614087711) Importer(815301076,1909f56bfc062723c751e8b465ee728b)
Start importing Assets/Scenes/Menu/Settings.unity using Guid(415538fab50de4782a8874b614087711) Importer(815301076,1909f56bfc062723c751e8b465ee728b) [PhysX] Initialized MultithreadedTaskDispatcher with 8 workers.
 -> (artifact id: '80c700ea382d64ba4a0d51e08473e563') in 0.000643 seconds
Number of updated asset objects reloaded before import = 0
Number of asset objects unloaded after import = 0
========================================================================
Received Import Request.
  Time since last request: 31.949065 seconds.
  path: Assets/Scripts/Settings Menu/VolumeSlider.cs
  artifactKey: Guid(a4cfdddf74e0f445b9539dba76d81fae) Importer(815301076,1909f56bfc062723c751e8b465ee728b)
Start importing Assets/Scripts/Settings Menu/VolumeSlider.cs using Guid(a4cfdddf74e0f445b9539dba76d81fae) Importer(815301076,1909f56bfc062723c751e8b465ee728b) [PhysX] Initialized MultithreadedTaskDispatcher with 8 workers.
 -> (artifact id: '0cc27ef1846bb3498b26816d94f2f198') in 0.000544 seconds
Number of updated asset objects reloaded before import = 0
Number of asset objects unloaded after import = 0
========================================================================
Received Prepare
Caller must complete domain reload
 #0 GetStacktrace(int)
 #1 DebugStringToFile(DebugStringToFileData const&)
 #2 AssertImplementation(int, char const*, int, int, char const*)
 #3 Internal_ADB_WorkerOnly_DomainReload(AssemblyLoadReason)
 #4 WorkerDomainReloadV2()
 #5 AssetImportWorkerClient::ReloadMonoDomain(AssetResolver&)
 #6 invocation function for block in AssetImportWorkerClient::HandleMessage(PrepareMessage const&)::$_4::operator()() const
 #7 _dispatch_client_callout
 #8 _dispatch_async_and_wait_invoke
 #9 _dispatch_client_callout
 #10 _dispatch_main_queue_drain
 #11 _dispatch_main_queue_callback_4CF
 #12 __CFRUNLOOP_IS_SERVICING_THE_MAIN_DISPATCH_QUEUE__
 #13 __CFRunLoopRun
 #14 CFRunLoopRunSpecific
 #15 RunCurrentEventLoopInMode
 #16 ReceiveNextEventCommon
 #17 _BlockUntilNextEventMatchingListInModeWithFilter
 #18 _DPSNextEvent
 #19 -[NSApplication(NSEvent) _nextEventMatchingEventMask:untilDate:inMode:dequeue:]
 #20 -[NSApplication run]
 #21 NSApplicationMain
 #22 EditorMain(int, char const**)
 #23 main
 #24 start

Begin MonoManager ReloadAssembly
- Loaded All Assemblies, in  1.061 seconds
Native extension for WindowsStandalone target not found
Native extension for iOS target not found
Native extension for Android target not found
Native extension for OSXStandalone target not found
Mono: successfully reloaded assembly
[Package Manager] Server::EnsureServerProcessIsRunning -- launch failed, reason: Unity was launched with the -noUpm command-line argument
[Package Manager] UpmClient::Send -- Unable to send message (not connected to UPM process).
[Package Manager] Cannot connect to Unity Package Manager local server
- Finished resetting the current domain, in  2.798 seconds
Domain Reload Profiling: 3858ms
	BeginReloadAssembly (329ms)
		ExecutionOrderSort (0ms)
		DisableScriptedObjects (31ms)
		BackupInstance (0ms)
		ReleaseScriptingObjects (0ms)
		CreateAndSetChildDomain (110ms)
	RebuildCommonClasses (79ms)
	RebuildNativeTypeToScriptingClass (28ms)
	initialDomainReloadingComplete (57ms)
	LoadAllAssembliesAndSetupDomain (566ms)
		LoadAssemblies (641ms)
		RebuildTransferFunctionScriptingTraits (0ms)
		AnalyzeDomain (68ms)
			TypeCache.Refresh (23ms)
				TypeCache.ScanAssembly (4ms)
			ScanForSourceGeneratedMonoScriptInfo (26ms)
			ResolveRequiredComponents (16ms)
	FinalizeReload (2799ms)
		ReleaseScriptCaches (0ms)
		RebuildScriptCaches (0ms)
		SetupLoadedEditorAssemblies (914ms)
			LogAssemblyErrors (0ms)
			InitializePlatformSupportModulesInManaged (94ms)
			SetLoadedEditorAssemblies (10ms)
			RefreshPlugins (0ms)
			BeforeProcessingInitializeOnLoad (140ms)
			ProcessInitializeOnLoadAttributes (588ms)
			ProcessInitializeOnLoadMethodAttributes (79ms)
			AfterProcessingInitializeOnLoad (2ms)
			EditorAssembliesLoaded (0ms)
		ExecutionOrderSort2 (0ms)
		AwakeInstancesAfterBackupRestoration (20ms)
Refreshing native plugins compatible for Editor in 5.78 ms, found 3 plugins.
Preloading 0 native plugins for Editor in 0.00 ms.
Unloading 4319 Unused Serialized files (Serialized files now loaded: 0)
Unloading 19 unused Assets / (31.1 KB). Loaded Objects now: 4831.
Memory consumption went from 160.2 MB to 160.2 MB.
Total: 5.885162 ms (FindLiveObjects: 0.508062 ms CreateObjectMapping: 0.412714 ms MarkObjects: 4.901227 ms  DeleteObjects: 0.061774 ms)

Prepare: number of updated asset objects reloaded= 0
AssetImportParameters requested are different than current active one (requested -> active):
  custom:container-demuxer-ogg: 62fdf1f143b41e24485cea50d1cbac27 -> 
  custom:video-decoder-ogg-theora: a1e56fd34408186e4bbccfd4996cb3dc -> 
  custom:CustomObjectIndexerAttribute: 9a22284fe3817be447336de3de66b15e -> 
  custom:container-demuxer-webm: 4f35f7cbe854078d1ac9338744f61a02 -> 
  custom:container-muxer-webm: aa71ff27fc2769a1b78a27578f13a17b -> 
  custom:video-decoder-webm-vp8: 9c59270c3fd7afecdb556c50c9e8de78 -> 
  custom:SearchIndexIgnoredProperties: e643bd26f0fe6173181afceb89e7c659 -> 
  custom:AudioImporter_EditorPlatform: 3918e3fc78b5a79bad01e8451be0beb8 -> 
  custom:framework-osx-AVFoundation: e770b220cccbd017edd2c1fefb359320 -> 
  custom:video-encoder-webm-vp8: eb34c28f22e8b96e1ab97ce403110664 -> 
  custom:audio-decoder-ogg-vorbis: bf7c407c2cedff20999df2af8eb42d56 -> 
  custom:audio-encoder-webm-vorbis: bf7c407c2cedff20999df2af8eb42d56 -> 
========================================================================
Received Import Request.
  Time since last request: 62.018184 seconds.
  path: Assets/Scripts/Settings Menu/VolumeSlider.cs
  artifactKey: Guid(a4cfdddf74e0f445b9539dba76d81fae) Importer(815301076,1909f56bfc062723c751e8b465ee728b)
Start importing Assets/Scripts/Settings Menu/VolumeSlider.cs using Guid(a4cfdddf74e0f445b9539dba76d81fae) Importer(815301076,1909f56bfc062723c751e8b465ee728b) [PhysX] Initialized MultithreadedTaskDispatcher with 8 workers.
 -> (artifact id: '228e6aa733992e156a656fede47c78b6') in 0.002224 seconds
Number of updated asset objects reloaded before import = 0
Number of asset objects unloaded after import = 0
========================================================================
Received Prepare
Caller must complete domain reload
 #0 GetStacktrace(int)
 #1 DebugStringToFile(DebugStringToFileData const&)
 #2 AssertImplementation(int, char const*, int, int, char const*)
 #3 Internal_ADB_WorkerOnly_DomainReload(AssemblyLoadReason)
 #4 WorkerDomainReloadV2()
 #5 AssetImportWorkerClient::ReloadMonoDomain(AssetResolver&)
 #6 invocation function for block in AssetImportWorkerClient::HandleMessage(PrepareMessage const&)::$_4::operator()() const
 #7 _dispatch_client_callout
 #8 _dispatch_async_and_wait_invoke
 #9 _dispatch_client_callout
 #10 _dispatch_main_queue_drain
 #11 _dispatch_main_queue_callback_4CF
 #12 __CFRUNLOOP_IS_SERVICING_THE_MAIN_DISPATCH_QUEUE__
 #13 __CFRunLoopRun
 #14 CFRunLoopRunSpecific
 #15 RunCurrentEventLoopInMode
 #16 ReceiveNextEventCommon
 #17 _BlockUntilNextEventMatchingListInModeWithFilter
 #18 _DPSNextEvent
 #19 -[NSApplication(NSEvent) _nextEventMatchingEventMask:untilDate:inMode:dequeue:]
 #20 -[NSApplication run]
 #21 NSApplicationMain
 #22 EditorMain(int, char const**)
 #23 main
 #24 start

Begin MonoManager ReloadAssembly
- Loaded All Assemblies, in  1.615 seconds
Native extension for WindowsStandalone target not found
Native extension for iOS target not found
Native extension for Android target not found
Native extension for OSXStandalone target not found
Mono: successfully reloaded assembly
[Package Manager] Server::EnsureServerProcessIsRunning -- launch failed, reason: Unity was launched with the -noUpm command-line argument
[Package Manager] UpmClient::Send -- Unable to send message (not connected to UPM process).
[Package Manager] Cannot connect to Unity Package Manager local server
- Finished resetting the current domain, in  2.561 seconds
Domain Reload Profiling: 4176ms
	BeginReloadAssembly (502ms)
		ExecutionOrderSort (0ms)
		DisableScriptedObjects (31ms)
		BackupInstance (0ms)
		ReleaseScriptingObjects (0ms)
		CreateAndSetChildDomain (172ms)
	RebuildCommonClasses (96ms)
	RebuildNativeTypeToScriptingClass (25ms)
	initialDomainReloadingComplete (77ms)
	LoadAllAssembliesAndSetupDomain (915ms)
		LoadAssemblies (1070ms)
		RebuildTransferFunctionScriptingTraits (0ms)
		AnalyzeDomain (86ms)
			TypeCache.Refresh (27ms)
				TypeCache.ScanAssembly (4ms)
			ScanForSourceGeneratedMonoScriptInfo (36ms)
			ResolveRequiredComponents (20ms)
	FinalizeReload (2562ms)
		ReleaseScriptCaches (0ms)
		RebuildScriptCaches (0ms)
		SetupLoadedEditorAssemblies (849ms)
			LogAssemblyErrors (0ms)
			InitializePlatformSupportModulesInManaged (69ms)
			SetLoadedEditorAssemblies (10ms)
			RefreshPlugins (0ms)
			BeforeProcessingInitializeOnLoad (126ms)
			ProcessInitializeOnLoadAttributes (573ms)
			ProcessInitializeOnLoadMethodAttributes (69ms)
			AfterProcessingInitializeOnLoad (2ms)
			EditorAssembliesLoaded (0ms)
		ExecutionOrderSort2 (0ms)
		AwakeInstancesAfterBackupRestoration (20ms)
Refreshing native plugins compatible for Editor in 5.41 ms, found 3 plugins.
Preloading 0 native plugins for Editor in 0.00 ms.
Unloading 4319 Unused Serialized files (Serialized files now loaded: 0)
Unloading 19 unused Assets / (31.3 KB). Loaded Objects now: 4835.
Memory consumption went from 164.8 MB to 164.8 MB.
Total: 7.494397 ms (FindLiveObjects: 0.399759 ms CreateObjectMapping: 0.512958 ms MarkObjects: 6.520489 ms  DeleteObjects: 0.059693 ms)

Prepare: number of updated asset objects reloaded= 0
AssetImportParameters requested are different than current active one (requested -> active):
  custom:container-demuxer-ogg: 62fdf1f143b41e24485cea50d1cbac27 -> 
  custom:video-decoder-ogg-theora: a1e56fd34408186e4bbccfd4996cb3dc -> 
  custom:CustomObjectIndexerAttribute: 9a22284fe3817be447336de3de66b15e -> 
  custom:container-demuxer-webm: 4f35f7cbe854078d1ac9338744f61a02 -> 
  custom:container-muxer-webm: aa71ff27fc2769a1b78a27578f13a17b -> 
  custom:video-decoder-webm-vp8: 9c59270c3fd7afecdb556c50c9e8de78 -> 
  custom:SearchIndexIgnoredProperties: e643bd26f0fe6173181afceb89e7c659 -> 
  custom:AudioImporter_EditorPlatform: 3918e3fc78b5a79bad01e8451be0beb8 -> 
  custom:framework-osx-AVFoundation: e770b220cccbd017edd2c1fefb359320 -> 
  custom:video-encoder-webm-vp8: eb34c28f22e8b96e1ab97ce403110664 -> 
  custom:audio-decoder-ogg-vorbis: bf7c407c2cedff20999df2af8eb42d56 -> 
  custom:audio-encoder-webm-vorbis: bf7c407c2cedff20999df2af8eb42d56 -> 
========================================================================
Received Prepare
Caller must complete domain reload
 #0 GetStacktrace(int)
 #1 DebugStringToFile(DebugStringToFileData const&)
 #2 AssertImplementation(int, char const*, int, int, char const*)
 #3 Internal_ADB_WorkerOnly_DomainReload(AssemblyLoadReason)
 #4 WorkerDomainReloadV2()
 #5 AssetImportWorkerClient::ReloadMonoDomain(AssetResolver&)
 #6 invocation function for block in AssetImportWorkerClient::HandleMessage(PrepareMessage const&)::$_4::operator()() const
 #7 _dispatch_client_callout
 #8 _dispatch_async_and_wait_invoke
 #9 _dispatch_client_callout
 #10 _dispatch_main_queue_drain
 #11 _dispatch_main_queue_callback_4CF
 #12 __CFRUNLOOP_IS_SERVICING_THE_MAIN_DISPATCH_QUEUE__
 #13 __CFRunLoopRun
 #14 CFRunLoopRunSpecific
 #15 RunCurrentEventLoopInMode
 #16 ReceiveNextEventCommon
 #17 _BlockUntilNextEventMatchingListInModeWithFilter
 #18 _DPSNextEvent
 #19 -[NSApplication(NSEvent) _nextEventMatchingEventMask:untilDate:inMode:dequeue:]
 #20 -[NSApplication run]
 #21 NSApplicationMain
 #22 EditorMain(int, char const**)
 #23 main
 #24 start

Begin MonoManager ReloadAssembly
- Loaded All Assemblies, in  0.876 seconds
Native extension for WindowsStandalone target not found
Native extension for iOS target not found
Native extension for Android target not found
Native extension for OSXStandalone target not found
Mono: successfully reloaded assembly
[Package Manager] Server::EnsureServerProcessIsRunning -- launch failed, reason: Unity was launched with the -noUpm command-line argument
[Package Manager] UpmClient::Send -- Unable to send message (not connected to UPM process).
[Package Manager] Cannot connect to Unity Package Manager local server
- Finished resetting the current domain, in  2.524 seconds
Domain Reload Profiling: 3399ms
	BeginReloadAssembly (268ms)
		ExecutionOrderSort (0ms)
		DisableScriptedObjects (22ms)
		BackupInstance (0ms)
		ReleaseScriptingObjects (0ms)
		CreateAndSetChildDomain (86ms)
	RebuildCommonClasses (71ms)
	RebuildNativeTypeToScriptingClass (22ms)
	initialDomainReloadingComplete (44ms)
	LoadAllAssembliesAndSetupDomain (468ms)
		LoadAssemblies (531ms)
		RebuildTransferFunctionScriptingTraits (0ms)
		AnalyzeDomain (56ms)
			TypeCache.Refresh (18ms)
				TypeCache.ScanAssembly (4ms)
			ScanForSourceGeneratedMonoScriptInfo (22ms)
			ResolveRequiredComponents (14ms)
	FinalizeReload (2525ms)
		ReleaseScriptCaches (0ms)
		RebuildScriptCaches (0ms)
		SetupLoadedEditorAssemblies (934ms)
			LogAssemblyErrors (0ms)
			InitializePlatformSupportModulesInManaged (63ms)
			SetLoadedEditorAssemblies (10ms)
			RefreshPlugins (0ms)
			BeforeProcessingInitializeOnLoad (141ms)
			ProcessInitializeOnLoadAttributes (635ms)
			ProcessInitializeOnLoadMethodAttributes (81ms)
			AfterProcessingInitializeOnLoad (3ms)
			EditorAssembliesLoaded (0ms)
		ExecutionOrderSort2 (0ms)
		AwakeInstancesAfterBackupRestoration (23ms)
Refreshing native plugins compatible for Editor in 6.22 ms, found 3 plugins.
Preloading 0 native plugins for Editor in 0.00 ms.
Unloading 4320 Unused Serialized files (Serialized files now loaded: 0)
Unloading 19 unused Assets / (31.2 KB). Loaded Objects now: 4839.
Memory consumption went from 169.4 MB to 169.4 MB.
Total: 7.228091 ms (FindLiveObjects: 0.428399 ms CreateObjectMapping: 0.521096 ms MarkObjects: 6.202297 ms  DeleteObjects: 0.074724 ms)

Prepare: number of updated asset objects reloaded= 0
AssetImportParameters requested are different than current active one (requested -> active):
  custom:container-demuxer-ogg: 62fdf1f143b41e24485cea50d1cbac27 -> 
  custom:video-decoder-ogg-theora: a1e56fd34408186e4bbccfd4996cb3dc -> 
  custom:CustomObjectIndexerAttribute: 9a22284fe3817be447336de3de66b15e -> 
  custom:container-demuxer-webm: 4f35f7cbe854078d1ac9338744f61a02 -> 
  custom:container-muxer-webm: aa71ff27fc2769a1b78a27578f13a17b -> 
  custom:video-decoder-webm-vp8: 9c59270c3fd7afecdb556c50c9e8de78 -> 
  custom:SearchIndexIgnoredProperties: e643bd26f0fe6173181afceb89e7c659 -> 
  custom:AudioImporter_EditorPlatform: 3918e3fc78b5a79bad01e8451be0beb8 -> 
  custom:framework-osx-AVFoundation: e770b220cccbd017edd2c1fefb359320 -> 
  custom:video-encoder-webm-vp8: eb34c28f22e8b96e1ab97ce403110664 -> 
  custom:audio-decoder-ogg-vorbis: bf7c407c2cedff20999df2af8eb42d56 -> 
  custom:audio-encoder-webm-vorbis: bf7c407c2cedff20999df2af8eb42d56 -> 
========================================================================
Received Import Request.
  Time since last request: 229.971905 seconds.
  path: Assets/Scripts/Settings Menu/VolumeSlider.cs
  artifactKey: Guid(a4cfdddf74e0f445b9539dba76d81fae) Importer(815301076,1909f56bfc062723c751e8b465ee728b)
Start importing Assets/Scripts/Settings Menu/VolumeSlider.cs using Guid(a4cfdddf74e0f445b9539dba76d81fae) Importer(815301076,1909f56bfc062723c751e8b465ee728b) [PhysX] Initialized MultithreadedTaskDispatcher with 8 workers.
 -> (artifact id: 'b0e683c8aec8fda6184b6c11556c8a31') in 0.002390 seconds
Number of updated asset objects reloaded before import = 0
Number of asset objects unloaded after import = 0
========================================================================
Received Prepare
Caller must complete domain reload
 #0 GetStacktrace(int)
 #1 DebugStringToFile(DebugStringToFileData const&)
 #2 AssertImplementation(int, char const*, int, int, char const*)
 #3 Internal_ADB_WorkerOnly_DomainReload(AssemblyLoadReason)
 #4 WorkerDomainReloadV2()
 #5 AssetImportWorkerClient::ReloadMonoDomain(AssetResolver&)
 #6 invocation function for block in AssetImportWorkerClient::HandleMessage(PrepareMessage const&)::$_4::operator()() const
 #7 _dispatch_client_callout
 #8 _dispatch_async_and_wait_invoke
 #9 _dispatch_client_callout
 #10 _dispatch_main_queue_drain
 #11 _dispatch_main_queue_callback_4CF
 #12 __CFRUNLOOP_IS_SERVICING_THE_MAIN_DISPATCH_QUEUE__
 #13 __CFRunLoopRun
 #14 CFRunLoopRunSpecific
 #15 RunCurrentEventLoopInMode
 #16 ReceiveNextEventCommon
 #17 _BlockUntilNextEventMatchingListInModeWithFilter
 #18 _DPSNextEvent
 #19 -[NSApplication(NSEvent) _nextEventMatchingEventMask:untilDate:inMode:dequeue:]
 #20 -[NSApplication run]
 #21 NSApplicationMain
 #22 EditorMain(int, char const**)
 #23 main
 #24 start

Begin MonoManager ReloadAssembly
- Loaded All Assemblies, in  0.747 seconds
Native extension for WindowsStandalone target not found
Native extension for iOS target not found
Native extension for Android target not found
Native extension for OSXStandalone target not found
Mono: successfully reloaded assembly
[Package Manager] Server::EnsureServerProcessIsRunning -- launch failed, reason: Unity was launched with the -noUpm command-line argument
[Package Manager] UpmClient::Send -- Unable to send message (not connected to UPM process).
[Package Manager] Cannot connect to Unity Package Manager local server
- Finished resetting the current domain, in  1.533 seconds
Domain Reload Profiling: 2281ms
	BeginReloadAssembly (241ms)
		ExecutionOrderSort (0ms)
		DisableScriptedObjects (20ms)
		BackupInstance (0ms)
		ReleaseScriptingObjects (0ms)
		CreateAndSetChildDomain (74ms)
	RebuildCommonClasses (66ms)
	RebuildNativeTypeToScriptingClass (22ms)
	initialDomainReloadingComplete (41ms)
	LoadAllAssembliesAndSetupDomain (376ms)
		LoadAssemblies (457ms)
		RebuildTransferFunctionScriptingTraits (0ms)
		AnalyzeDomain (26ms)
			TypeCache.Refresh (9ms)
				TypeCache.ScanAssembly (0ms)
			ScanForSourceGeneratedMonoScriptInfo (0ms)
			ResolveRequiredComponents (14ms)
	FinalizeReload (1535ms)
		ReleaseScriptCaches (0ms)
		RebuildScriptCaches (0ms)
		SetupLoadedEditorAssemblies (783ms)
			LogAssemblyErrors (0ms)
			InitializePlatformSupportModulesInManaged (53ms)
			SetLoadedEditorAssemblies (9ms)
			RefreshPlugins (0ms)
			BeforeProcessingInitializeOnLoad (121ms)
			ProcessInitializeOnLoadAttributes (524ms)
			ProcessInitializeOnLoadMethodAttributes (73ms)
			AfterProcessingInitializeOnLoad (3ms)
			EditorAssembliesLoaded (0ms)
		ExecutionOrderSort2 (0ms)
		AwakeInstancesAfterBackupRestoration (19ms)
Refreshing native plugins compatible for Editor in 7.01 ms, found 3 plugins.
Preloading 0 native plugins for Editor in 0.00 ms.
Unloading 4319 Unused Serialized files (Serialized files now loaded: 0)
Unloading 19 unused Assets / (31.2 KB). Loaded Objects now: 4843.
Memory consumption went from 173.8 MB to 173.7 MB.
Total: 7.614529 ms (FindLiveObjects: 0.446765 ms CreateObjectMapping: 0.588372 ms MarkObjects: 6.497560 ms  DeleteObjects: 0.080500 ms)

Prepare: number of updated asset objects reloaded= 0
AssetImportParameters requested are different than current active one (requested -> active):
  custom:container-demuxer-ogg: 62fdf1f143b41e24485cea50d1cbac27 -> 
  custom:video-decoder-ogg-theora: a1e56fd34408186e4bbccfd4996cb3dc -> 
  custom:CustomObjectIndexerAttribute: 9a22284fe3817be447336de3de66b15e -> 
  custom:container-demuxer-webm: 4f35f7cbe854078d1ac9338744f61a02 -> 
  custom:container-muxer-webm: aa71ff27fc2769a1b78a27578f13a17b -> 
  custom:video-decoder-webm-vp8: 9c59270c3fd7afecdb556c50c9e8de78 -> 
  custom:SearchIndexIgnoredProperties: e643bd26f0fe6173181afceb89e7c659 -> 
  custom:AudioImporter_EditorPlatform: 3918e3fc78b5a79bad01e8451be0beb8 -> 
  custom:framework-osx-AVFoundation: e770b220cccbd017edd2c1fefb359320 -> 
  custom:video-encoder-webm-vp8: eb34c28f22e8b96e1ab97ce403110664 -> 
  custom:audio-decoder-ogg-vorbis: bf7c407c2cedff20999df2af8eb42d56 -> 
  custom:audio-encoder-webm-vorbis: bf7c407c2cedff20999df2af8eb42d56 -> 
========================================================================
Received Import Request.
  Time since last request: 128.717508 seconds.
  path: Assets/Scenes/Menu/Start Screen.unity
  artifactKey: Guid(3884d4c6690a64c5ab87a23b506e3250) Importer(815301076,1909f56bfc062723c751e8b465ee728b)
Start importing Assets/Scenes/Menu/Start Screen.unity using Guid(3884d4c6690a64c5ab87a23b506e3250) Importer(815301076,1909f56bfc062723c751e8b465ee728b) [PhysX] Initialized MultithreadedTaskDispatcher with 8 workers.
 -> (artifact id: 'dd72bd00a09d7ad62ac25db4a4f4d5da') in 0.004224 seconds
Number of updated asset objects reloaded before import = 0
Number of asset objects unloaded after import = 0
========================================================================
Received Prepare
Caller must complete domain reload
 #0 GetStacktrace(int)
 #1 DebugStringToFile(DebugStringToFileData const&)
 #2 AssertImplementation(int, char const*, int, int, char const*)
 #3 Internal_ADB_WorkerOnly_DomainReload(AssemblyLoadReason)
 #4 WorkerDomainReloadV2()
 #5 AssetImportWorkerClient::ReloadMonoDomain(AssetResolver&)
 #6 invocation function for block in AssetImportWorkerClient::HandleMessage(PrepareMessage const&)::$_4::operator()() const
 #7 _dispatch_client_callout
 #8 _dispatch_async_and_wait_invoke
 #9 _dispatch_client_callout
 #10 _dispatch_main_queue_drain
 #11 _dispatch_main_queue_callback_4CF
 #12 __CFRUNLOOP_IS_SERVICING_THE_MAIN_DISPATCH_QUEUE__
 #13 __CFRunLoopRun
 #14 CFRunLoopRunSpecific
 #15 RunCurrentEventLoopInMode
 #16 ReceiveNextEventCommon
 #17 _BlockUntilNextEventMatchingListInModeWithFilter
 #18 _DPSNextEvent
 #19 -[NSApplication(NSEvent) _nextEventMatchingEventMask:untilDate:inMode:dequeue:]
 #20 -[NSApplication run]
 #21 NSApplicationMain
 #22 EditorMain(int, char const**)
 #23 main
 #24 start

Begin MonoManager ReloadAssembly
- Loaded All Assemblies, in  0.850 seconds
Native extension for WindowsStandalone target not found
Native extension for iOS target not found
Native extension for Android target not found
Native extension for OSXStandalone target not found
Mono: successfully reloaded assembly
[Package Manager] Server::EnsureServerProcessIsRunning -- launch failed, reason: Unity was launched with the -noUpm command-line argument
[Package Manager] UpmClient::Send -- Unable to send message (not connected to UPM process).
[Package Manager] Cannot connect to Unity Package Manager local server
- Finished resetting the current domain, in  2.516 seconds
Domain Reload Profiling: 3365ms
	BeginReloadAssembly (271ms)
		ExecutionOrderSort (0ms)
		DisableScriptedObjects (25ms)
		BackupInstance (0ms)
		ReleaseScriptingObjects (0ms)
		CreateAndSetChildDomain (88ms)
	RebuildCommonClasses (65ms)
	RebuildNativeTypeToScriptingClass (21ms)
	initialDomainReloadingComplete (42ms)
	LoadAllAssembliesAndSetupDomain (449ms)
		LoadAssemblies (530ms)
		RebuildTransferFunctionScriptingTraits (0ms)
		AnalyzeDomain (35ms)
			TypeCache.Refresh (13ms)
				TypeCache.ScanAssembly (0ms)
			ScanForSourceGeneratedMonoScriptInfo (2ms)
			ResolveRequiredComponents (17ms)
	FinalizeReload (2517ms)
		ReleaseScriptCaches (0ms)
		RebuildScriptCaches (0ms)
		SetupLoadedEditorAssemblies (963ms)
			LogAssemblyErrors (0ms)
			InitializePlatformSupportModulesInManaged (68ms)
			SetLoadedEditorAssemblies (11ms)
			RefreshPlugins (0ms)
			BeforeProcessingInitializeOnLoad (156ms)
			ProcessInitializeOnLoadAttributes (664ms)
			ProcessInitializeOnLoadMethodAttributes (61ms)
			AfterProcessingInitializeOnLoad (2ms)
			EditorAssembliesLoaded (0ms)
		ExecutionOrderSort2 (0ms)
		AwakeInstancesAfterBackupRestoration (16ms)
Refreshing native plugins compatible for Editor in 13.37 ms, found 3 plugins.
Preloading 0 native plugins for Editor in 0.00 ms.
Unloading 4319 Unused Serialized files (Serialized files now loaded: 0)
Unloading 19 unused Assets / (31.2 KB). Loaded Objects now: 4847.
Memory consumption went from 178.3 MB to 178.3 MB.
Total: 9.467834 ms (FindLiveObjects: 0.819166 ms CreateObjectMapping: 0.550446 ms MarkObjects: 8.030782 ms  DeleteObjects: 0.064210 ms)

Prepare: number of updated asset objects reloaded= 0
AssetImportParameters requested are different than current active one (requested -> active):
  custom:container-demuxer-ogg: 62fdf1f143b41e24485cea50d1cbac27 -> 
  custom:video-decoder-ogg-theora: a1e56fd34408186e4bbccfd4996cb3dc -> 
  custom:CustomObjectIndexerAttribute: 9a22284fe3817be447336de3de66b15e -> 
  custom:container-demuxer-webm: 4f35f7cbe854078d1ac9338744f61a02 -> 
  custom:container-muxer-webm: aa71ff27fc2769a1b78a27578f13a17b -> 
  custom:video-decoder-webm-vp8: 9c59270c3fd7afecdb556c50c9e8de78 -> 
  custom:SearchIndexIgnoredProperties: e643bd26f0fe6173181afceb89e7c659 -> 
  custom:AudioImporter_EditorPlatform: 3918e3fc78b5a79bad01e8451be0beb8 -> 
  custom:framework-osx-AVFoundation: e770b220cccbd017edd2c1fefb359320 -> 
  custom:video-encoder-webm-vp8: eb34c28f22e8b96e1ab97ce403110664 -> 
  custom:audio-decoder-ogg-vorbis: bf7c407c2cedff20999df2af8eb42d56 -> 
  custom:audio-encoder-webm-vorbis: bf7c407c2cedff20999df2af8eb42d56 -> 
========================================================================
Received Import Request.
  Time since last request: 113.386847 seconds.
  path: Assets/Scripts/Settings Menu/Rumble Toggle.cs
  artifactKey: Guid(a6d90390cbace4c6ab9b2b9f557b0faf) Importer(815301076,1909f56bfc062723c751e8b465ee728b)
Start importing Assets/Scripts/Settings Menu/Rumble Toggle.cs using Guid(a6d90390cbace4c6ab9b2b9f557b0faf) Importer(815301076,1909f56bfc062723c751e8b465ee728b) [PhysX] Initialized MultithreadedTaskDispatcher with 8 workers.
 -> (artifact id: 'f5859c5c5d5593abe73678999c578894') in 0.003001 seconds
Number of updated asset objects reloaded before import = 0
Number of asset objects unloaded after import = 0
========================================================================
Received Prepare
Caller must complete domain reload
 #0 GetStacktrace(int)
 #1 DebugStringToFile(DebugStringToFileData const&)
 #2 AssertImplementation(int, char const*, int, int, char const*)
 #3 Internal_ADB_WorkerOnly_DomainReload(AssemblyLoadReason)
 #4 WorkerDomainReloadV2()
 #5 AssetImportWorkerClient::ReloadMonoDomain(AssetResolver&)
 #6 invocation function for block in AssetImportWorkerClient::HandleMessage(PrepareMessage const&)::$_4::operator()() const
 #7 _dispatch_client_callout
 #8 _dispatch_async_and_wait_invoke
 #9 _dispatch_client_callout
 #10 _dispatch_main_queue_drain
 #11 _dispatch_main_queue_callback_4CF
 #12 __CFRUNLOOP_IS_SERVICING_THE_MAIN_DISPATCH_QUEUE__
 #13 __CFRunLoopRun
 #14 CFRunLoopRunSpecific
 #15 RunCurrentEventLoopInMode
 #16 ReceiveNextEventCommon
 #17 _BlockUntilNextEventMatchingListInModeWithFilter
 #18 _DPSNextEvent
 #19 -[NSApplication(NSEvent) _nextEventMatchingEventMask:untilDate:inMode:dequeue:]
 #20 -[NSApplication run]
 #21 NSApplicationMain
 #22 EditorMain(int, char const**)
 #23 main
 #24 start

Begin MonoManager ReloadAssembly
- Loaded All Assemblies, in  1.251 seconds
Native extension for WindowsStandalone target not found
Native extension for iOS target not found
Native extension for Android target not found
Native extension for OSXStandalone target not found
Mono: successfully reloaded assembly
[Package Manager] Server::EnsureServerProcessIsRunning -- launch failed, reason: Unity was launched with the -noUpm command-line argument
[Package Manager] UpmClient::Send -- Unable to send message (not connected to UPM process).
[Package Manager] Cannot connect to Unity Package Manager local server
- Finished resetting the current domain, in  2.338 seconds
Domain Reload Profiling: 3589ms
	BeginReloadAssembly (476ms)
		ExecutionOrderSort (0ms)
		DisableScriptedObjects (24ms)
		BackupInstance (0ms)
		ReleaseScriptingObjects (0ms)
		CreateAndSetChildDomain (120ms)
	RebuildCommonClasses (114ms)
	RebuildNativeTypeToScriptingClass (46ms)
	initialDomainReloadingComplete (64ms)
	LoadAllAssembliesAndSetupDomain (550ms)
		LoadAssemblies (772ms)
		RebuildTransferFunctionScriptingTraits (0ms)
		AnalyzeDomain (59ms)
			TypeCache.Refresh (19ms)
				TypeCache.ScanAssembly (4ms)
			ScanForSourceGeneratedMonoScriptInfo (23ms)
			ResolveRequiredComponents (14ms)
	FinalizeReload (2339ms)
		ReleaseScriptCaches (0ms)
		RebuildScriptCaches (0ms)
		SetupLoadedEditorAssemblies (800ms)
			LogAssemblyErrors (0ms)
			InitializePlatformSupportModulesInManaged (52ms)
			SetLoadedEditorAssemblies (12ms)
			RefreshPlugins (0ms)
			BeforeProcessingInitializeOnLoad (124ms)
			ProcessInitializeOnLoadAttributes (543ms)
			ProcessInitializeOnLoadMethodAttributes (67ms)
			AfterProcessingInitializeOnLoad (3ms)
			EditorAssembliesLoaded (0ms)
		ExecutionOrderSort2 (0ms)
		AwakeInstancesAfterBackupRestoration (20ms)
Refreshing native plugins compatible for Editor in 6.86 ms, found 3 plugins.
Preloading 0 native plugins for Editor in 0.00 ms.
Unloading 4320 Unused Serialized files (Serialized files now loaded: 0)
Unloading 19 unused Assets / (31.3 KB). Loaded Objects now: 4852.
Memory consumption went from 182.9 MB to 182.9 MB.
Total: 5.641558 ms (FindLiveObjects: 0.392361 ms CreateObjectMapping: 0.400291 ms MarkObjects: 4.782911 ms  DeleteObjects: 0.064314 ms)

Prepare: number of updated asset objects reloaded= 0
AssetImportParameters requested are different than current active one (requested -> active):
  custom:container-demuxer-ogg: 62fdf1f143b41e24485cea50d1cbac27 -> 
  custom:scripting/monoscript/fileName/Rumble Toggle.cs: 9255d141ced706a64b082180f4b6a5c6 -> 
  custom:video-decoder-ogg-theora: a1e56fd34408186e4bbccfd4996cb3dc -> 
  custom:CustomObjectIndexerAttribute: 9a22284fe3817be447336de3de66b15e -> 
  custom:container-demuxer-webm: 4f35f7cbe854078d1ac9338744f61a02 -> 
  custom:container-muxer-webm: aa71ff27fc2769a1b78a27578f13a17b -> 
  custom:video-decoder-webm-vp8: 9c59270c3fd7afecdb556c50c9e8de78 -> 
  custom:SearchIndexIgnoredProperties: e643bd26f0fe6173181afceb89e7c659 -> 
  custom:AudioImporter_EditorPlatform: 3918e3fc78b5a79bad01e8451be0beb8 -> 
  custom:framework-osx-AVFoundation: e770b220cccbd017edd2c1fefb359320 -> 
  custom:video-encoder-webm-vp8: eb34c28f22e8b96e1ab97ce403110664 -> 
  custom:audio-decoder-ogg-vorbis: bf7c407c2cedff20999df2af8eb42d56 -> 
  custom:audio-encoder-webm-vorbis: bf7c407c2cedff20999df2af8eb42d56 -> 
  custom:scripting/precompiled-assembly-types:Assembly-CSharp: 8a13607b88e969254fdb1fb4056e76e0 -> 975431d59eab3a43bafba41244e6b097
========================================================================
Received Import Request.
  Time since last request: 157.976295 seconds.
  path: Assets/Scripts/Settings Menu/Rumble Toggle.cs
  artifactKey: Guid(a6d90390cbace4c6ab9b2b9f557b0faf) Importer(815301076,1909f56bfc062723c751e8b465ee728b)
Start importing Assets/Scripts/Settings Menu/Rumble Toggle.cs using Guid(a6d90390cbace4c6ab9b2b9f557b0faf) Importer(815301076,1909f56bfc062723c751e8b465ee728b) [PhysX] Initialized MultithreadedTaskDispatcher with 8 workers.
 -> (artifact id: '84ce4705f440af55ab44c8e46d642851') in 0.003226 seconds
Number of updated asset objects reloaded before import = 0
Number of asset objects unloaded after import = 0
========================================================================
Received Import Request.
  Time since last request: 706.759116 seconds.
  path: Assets/Scripts/Settings Menu/Rumble Toggle.cs
  artifactKey: Guid(a6d90390cbace4c6ab9b2b9f557b0faf) Importer(815301076,1909f56bfc062723c751e8b465ee728b)
Start importing Assets/Scripts/Settings Menu/Rumble Toggle.cs using Guid(a6d90390cbace4c6ab9b2b9f557b0faf) Importer(815301076,1909f56bfc062723c751e8b465ee728b) [PhysX] Initialized MultithreadedTaskDispatcher with 8 workers.
 -> (artifact id: '889d9d18707a82fe6fde44df1ad6f294') in 0.001114 seconds
Number of updated asset objects reloaded before import = 0
Number of asset objects unloaded after import = 0
========================================================================
Received Import Request.
  Time since last request: 20.582340 seconds.
  path: Assets/Scripts/Settings Menu/Rumble Toggle.cs
  artifactKey: Guid(a6d90390cbace4c6ab9b2b9f557b0faf) Importer(815301076,1909f56bfc062723c751e8b465ee728b)
Start importing Assets/Scripts/Settings Menu/Rumble Toggle.cs using Guid(a6d90390cbace4c6ab9b2b9f557b0faf) Importer(815301076,1909f56bfc062723c751e8b465ee728b) [PhysX] Initialized MultithreadedTaskDispatcher with 8 workers.
 -> (artifact id: '005e81bc1c16f7f8c25bffb8ea7e986b') in 0.001503 seconds
Number of updated asset objects reloaded before import = 0
Number of asset objects unloaded after import = 0
========================================================================
Received Import Request.
  Time since last request: 81.032733 seconds.
  path: Assets/Scripts/Settings Menu/Rumble Toggle.cs
  artifactKey: Guid(a6d90390cbace4c6ab9b2b9f557b0faf) Importer(815301076,1909f56bfc062723c751e8b465ee728b)
Start importing Assets/Scripts/Settings Menu/Rumble Toggle.cs using Guid(a6d90390cbace4c6ab9b2b9f557b0faf) Importer(815301076,1909f56bfc062723c751e8b465ee728b) [PhysX] Initialized MultithreadedTaskDispatcher with 8 workers.
 -> (artifact id: '9e4f43b99816d744096c7f522ddf495e') in 0.001274 seconds
Number of updated asset objects reloaded before import = 0
Number of asset objects unloaded after import = 0
========================================================================
Received Prepare
Caller must complete domain reload
 #0 GetStacktrace(int)
 #1 DebugStringToFile(DebugStringToFileData const&)
 #2 AssertImplementation(int, char const*, int, int, char const*)
 #3 Internal_ADB_WorkerOnly_DomainReload(AssemblyLoadReason)
 #4 WorkerDomainReloadV2()
 #5 AssetImportWorkerClient::ReloadMonoDomain(AssetResolver&)
 #6 invocation function for block in AssetImportWorkerClient::HandleMessage(PrepareMessage const&)::$_4::operator()() const
 #7 _dispatch_client_callout
 #8 _dispatch_async_and_wait_invoke
 #9 _dispatch_client_callout
 #10 _dispatch_main_queue_drain
 #11 _dispatch_main_queue_callback_4CF
 #12 __CFRUNLOOP_IS_SERVICING_THE_MAIN_DISPATCH_QUEUE__
 #13 __CFRunLoopRun
 #14 CFRunLoopRunSpecific
 #15 RunCurrentEventLoopInMode
 #16 ReceiveNextEventCommon
 #17 _BlockUntilNextEventMatchingListInModeWithFilter
 #18 _DPSNextEvent
 #19 -[NSApplication(NSEvent) _nextEventMatchingEventMask:untilDate:inMode:dequeue:]
 #20 -[NSApplication run]
 #21 NSApplicationMain
 #22 EditorMain(int, char const**)
 #23 main
 #24 start

Begin MonoManager ReloadAssembly
- Loaded All Assemblies, in  1.310 seconds
Native extension for WindowsStandalone target not found
Native extension for iOS target not found
Native extension for Android target not found
Native extension for OSXStandalone target not found
Mono: successfully reloaded assembly
[Package Manager] Server::EnsureServerProcessIsRunning -- launch failed, reason: Unity was launched with the -noUpm command-line argument
[Package Manager] UpmClient::Send -- Unable to send message (not connected to UPM process).
[Package Manager] Cannot connect to Unity Package Manager local server
- Finished resetting the current domain, in  2.560 seconds
Domain Reload Profiling: 3871ms
	BeginReloadAssembly (433ms)
		ExecutionOrderSort (0ms)
		DisableScriptedObjects (28ms)
		BackupInstance (0ms)
		ReleaseScriptingObjects (0ms)
		CreateAndSetChildDomain (138ms)
	RebuildCommonClasses (69ms)
	RebuildNativeTypeToScriptingClass (22ms)
	initialDomainReloadingComplete (57ms)
	LoadAllAssembliesAndSetupDomain (729ms)
		LoadAssemblies (867ms)
		RebuildTransferFunctionScriptingTraits (0ms)
		AnalyzeDomain (81ms)
			TypeCache.Refresh (26ms)
				TypeCache.ScanAssembly (4ms)
			ScanForSourceGeneratedMonoScriptInfo (31ms)
			ResolveRequiredComponents (19ms)
	FinalizeReload (2561ms)
		ReleaseScriptCaches (0ms)
		RebuildScriptCaches (0ms)
		SetupLoadedEditorAssemblies (820ms)
			LogAssemblyErrors (0ms)
			InitializePlatformSupportModulesInManaged (65ms)
			SetLoadedEditorAssemblies (9ms)
			RefreshPlugins (0ms)
			BeforeProcessingInitializeOnLoad (138ms)
			ProcessInitializeOnLoadAttributes (541ms)
			ProcessInitializeOnLoadMethodAttributes (63ms)
			AfterProcessingInitializeOnLoad (2ms)
			EditorAssembliesLoaded (1ms)
		ExecutionOrderSort2 (0ms)
		AwakeInstancesAfterBackupRestoration (18ms)
Refreshing native plugins compatible for Editor in 5.94 ms, found 3 plugins.
Preloading 0 native plugins for Editor in 0.00 ms.
Unloading 4320 Unused Serialized files (Serialized files now loaded: 0)
Unloading 19 unused Assets / (31.3 KB). Loaded Objects now: 4856.
Memory consumption went from 187.6 MB to 187.5 MB.
Total: 8.530548 ms (FindLiveObjects: 0.358385 ms CreateObjectMapping: 0.514552 ms MarkObjects: 7.574392 ms  DeleteObjects: 0.081248 ms)

Prepare: number of updated asset objects reloaded= 0
AssetImportParameters requested are different than current active one (requested -> active):
  custom:container-demuxer-ogg: 62fdf1f143b41e24485cea50d1cbac27 -> 
  custom:scripting/monoscript/fileName/Rumble Toggle.cs: 9255d141ced706a64b082180f4b6a5c6 -> 
  custom:video-decoder-ogg-theora: a1e56fd34408186e4bbccfd4996cb3dc -> 
  custom:CustomObjectIndexerAttribute: 9a22284fe3817be447336de3de66b15e -> 
  custom:container-demuxer-webm: 4f35f7cbe854078d1ac9338744f61a02 -> 
  custom:container-muxer-webm: aa71ff27fc2769a1b78a27578f13a17b -> 
  custom:video-decoder-webm-vp8: 9c59270c3fd7afecdb556c50c9e8de78 -> 
  custom:SearchIndexIgnoredProperties: e643bd26f0fe6173181afceb89e7c659 -> 
  custom:AudioImporter_EditorPlatform: 3918e3fc78b5a79bad01e8451be0beb8 -> 
  custom:framework-osx-AVFoundation: e770b220cccbd017edd2c1fefb359320 -> 
  custom:video-encoder-webm-vp8: eb34c28f22e8b96e1ab97ce403110664 -> 
  custom:audio-decoder-ogg-vorbis: bf7c407c2cedff20999df2af8eb42d56 -> 
  custom:audio-encoder-webm-vorbis: bf7c407c2cedff20999df2af8eb42d56 -> 
  custom:scripting/precompiled-assembly-types:Assembly-CSharp: 8a13607b88e969254fdb1fb4056e76e0 -> 975431d59eab3a43bafba41244e6b097
========================================================================
Received Prepare
Caller must complete domain reload
 #0 GetStacktrace(int)
 #1 DebugStringToFile(DebugStringToFileData const&)
 #2 AssertImplementation(int, char const*, int, int, char const*)
 #3 Internal_ADB_WorkerOnly_DomainReload(AssemblyLoadReason)
 #4 WorkerDomainReloadV2()
 #5 AssetImportWorkerClient::ReloadMonoDomain(AssetResolver&)
 #6 invocation function for block in AssetImportWorkerClient::HandleMessage(PrepareMessage const&)::$_4::operator()() const
 #7 _dispatch_client_callout
 #8 _dispatch_async_and_wait_invoke
 #9 _dispatch_client_callout
 #10 _dispatch_main_queue_drain
 #11 _dispatch_main_queue_callback_4CF
 #12 __CFRUNLOOP_IS_SERVICING_THE_MAIN_DISPATCH_QUEUE__
 #13 __CFRunLoopRun
 #14 CFRunLoopRunSpecific
 #15 RunCurrentEventLoopInMode
 #16 ReceiveNextEventCommon
 #17 _BlockUntilNextEventMatchingListInModeWithFilter
 #18 _DPSNextEvent
 #19 -[NSApplication(NSEvent) _nextEventMatchingEventMask:untilDate:inMode:dequeue:]
 #20 -[NSApplication run]
 #21 NSApplicationMain
 #22 EditorMain(int, char const**)
 #23 main
 #24 start

Begin MonoManager ReloadAssembly
- Loaded All Assemblies, in  0.851 seconds
Native extension for WindowsStandalone target not found
Native extension for iOS target not found
Native extension for Android target not found
Native extension for OSXStandalone target not found
Mono: successfully reloaded assembly
[Package Manager] Server::EnsureServerProcessIsRunning -- launch failed, reason: Unity was launched with the -noUpm command-line argument
[Package Manager] UpmClient::Send -- Unable to send message (not connected to UPM process).
[Package Manager] Cannot connect to Unity Package Manager local server
- Finished resetting the current domain, in  2.565 seconds
Domain Reload Profiling: 3416ms
	BeginReloadAssembly (254ms)
		ExecutionOrderSort (0ms)
		DisableScriptedObjects (20ms)
		BackupInstance (0ms)
		ReleaseScriptingObjects (0ms)
		CreateAndSetChildDomain (83ms)
	RebuildCommonClasses (69ms)
	RebuildNativeTypeToScriptingClass (22ms)
	initialDomainReloadingComplete (42ms)
	LoadAllAssembliesAndSetupDomain (463ms)
		LoadAssemblies (518ms)
		RebuildTransferFunctionScriptingTraits (0ms)
		AnalyzeDomain (57ms)
			TypeCache.Refresh (18ms)
				TypeCache.ScanAssembly (4ms)
			ScanForSourceGeneratedMonoScriptInfo (23ms)
			ResolveRequiredComponents (13ms)
	FinalizeReload (2566ms)
		ReleaseScriptCaches (0ms)
		RebuildScriptCaches (0ms)
		SetupLoadedEditorAssemblies (934ms)
			LogAssemblyErrors (0ms)
			InitializePlatformSupportModulesInManaged (66ms)
			SetLoadedEditorAssemblies (11ms)
			RefreshPlugins (0ms)
			BeforeProcessingInitializeOnLoad (148ms)
			ProcessInitializeOnLoadAttributes (626ms)
			ProcessInitializeOnLoadMethodAttributes (79ms)
			AfterProcessingInitializeOnLoad (3ms)
			EditorAssembliesLoaded (1ms)
		ExecutionOrderSort2 (0ms)
		AwakeInstancesAfterBackupRestoration (24ms)
Refreshing native plugins compatible for Editor in 6.15 ms, found 3 plugins.
Preloading 0 native plugins for Editor in 0.00 ms.
Unloading 4321 Unused Serialized files (Serialized files now loaded: 0)
Unloading 19 unused Assets / (31.3 KB). Loaded Objects now: 4860.
Memory consumption went from 192.2 MB to 192.1 MB.
Total: 7.036886 ms (FindLiveObjects: 0.417777 ms CreateObjectMapping: 0.490457 ms MarkObjects: 6.040520 ms  DeleteObjects: 0.086594 ms)

Prepare: number of updated asset objects reloaded= 0
AssetImportParameters requested are different than current active one (requested -> active):
  custom:container-demuxer-ogg: 62fdf1f143b41e24485cea50d1cbac27 -> 
  custom:scripting/monoscript/fileName/Rumble Toggle.cs: 9255d141ced706a64b082180f4b6a5c6 -> 
  custom:video-decoder-ogg-theora: a1e56fd34408186e4bbccfd4996cb3dc -> 
  custom:CustomObjectIndexerAttribute: 9a22284fe3817be447336de3de66b15e -> 
  custom:container-demuxer-webm: 4f35f7cbe854078d1ac9338744f61a02 -> 
  custom:container-muxer-webm: aa71ff27fc2769a1b78a27578f13a17b -> 
  custom:video-decoder-webm-vp8: 9c59270c3fd7afecdb556c50c9e8de78 -> 
  custom:SearchIndexIgnoredProperties: e643bd26f0fe6173181afceb89e7c659 -> 
  custom:AudioImporter_EditorPlatform: 3918e3fc78b5a79bad01e8451be0beb8 -> 
  custom:framework-osx-AVFoundation: e770b220cccbd017edd2c1fefb359320 -> 
  custom:video-encoder-webm-vp8: eb34c28f22e8b96e1ab97ce403110664 -> 
  custom:audio-decoder-ogg-vorbis: bf7c407c2cedff20999df2af8eb42d56 -> 
  custom:audio-encoder-webm-vorbis: bf7c407c2cedff20999df2af8eb42d56 -> 
  custom:scripting/precompiled-assembly-types:Assembly-CSharp: 8a13607b88e969254fdb1fb4056e76e0 -> 975431d59eab3a43bafba41244e6b097
========================================================================
Received Import Request.
  Time since last request: 71.390613 seconds.
  path: Assets/Scripts/Settings Menu/Rumble Toggle.cs
  artifactKey: Guid(a6d90390cbace4c6ab9b2b9f557b0faf) Importer(815301076,1909f56bfc062723c751e8b465ee728b)
Start importing Assets/Scripts/Settings Menu/Rumble Toggle.cs using Guid(a6d90390cbace4c6ab9b2b9f557b0faf) Importer(815301076,1909f56bfc062723c751e8b465ee728b) [PhysX] Initialized MultithreadedTaskDispatcher with 8 workers.
 -> (artifact id: '7f497055a82ecd3b50dc763717490ba9') in 0.002512 seconds
Number of updated asset objects reloaded before import = 0
Number of asset objects unloaded after import = 0
========================================================================
Received Import Request.
  Time since last request: 179.437265 seconds.
  path: Assets/UI/Dark UI/New Icons/White Zoom Out.png
  artifactKey: Guid(aa9b1a590446deb40ba6412c2f2719ae) Importer(815301076,1909f56bfc062723c751e8b465ee728b)
Start importing Assets/UI/Dark UI/New Icons/White Zoom Out.png using Guid(aa9b1a590446deb40ba6412c2f2719ae) Importer(815301076,1909f56bfc062723c751e8b465ee728b) [PhysX] Initialized MultithreadedTaskDispatcher with 8 workers.
WARNING: RGBA Compressed ASTC6X6 UNorm format is not supported, decompressing texture
[PhysX] Initialized MultithreadedTaskDispatcher with 8 workers.
 -> (artifact id: '7e2cefe0ea8870a7e094bf1e8f95419c') in 0.172902 seconds
Number of updated asset objects reloaded before import = 0
Number of asset objects unloaded after import = 3
========================================================================
Received Import Request.
  Time since last request: 1.857859 seconds.
  path: Assets/UI/Dark UI/New Icons/White Voice On.png
  artifactKey: Guid(4fde89ca55388d04e9a06fe25e766e3a) Importer(815301076,1909f56bfc062723c751e8b465ee728b)
Start importing Assets/UI/Dark UI/New Icons/White Voice On.png using Guid(4fde89ca55388d04e9a06fe25e766e3a) Importer(815301076,1909f56bfc062723c751e8b465ee728b) [PhysX] Initialized MultithreadedTaskDispatcher with 8 workers.
WARNING: RGBA Compressed ASTC6X6 UNorm format is not supported, decompressing texture
[PhysX] Initialized MultithreadedTaskDispatcher with 8 workers.
 -> (artifact id: '1e7f906dd49f5033669fba4075cc7d18') in 0.019901 seconds
Number of updated asset objects reloaded before import = 0
Number of asset objects unloaded after import = 3
========================================================================
Received Import Request.
  Time since last request: 0.405874 seconds.
  path: Assets/UI/Dark UI/New Icons/White Video.png
  artifactKey: Guid(53bdab2aa77a9164193b20a9c19d5775) Importer(815301076,1909f56bfc062723c751e8b465ee728b)
Start importing Assets/UI/Dark UI/New Icons/White Video.png using Guid(53bdab2aa77a9164193b20a9c19d5775) Importer(815301076,1909f56bfc062723c751e8b465ee728b) [PhysX] Initialized MultithreadedTaskDispatcher with 8 workers.
WARNING: RGBA Compressed ASTC6X6 UNorm format is not supported, decompressing texture
[PhysX] Initialized MultithreadedTaskDispatcher with 8 workers.
 -> (artifact id: 'bb2b0864a5c9e9c113cfee5c17cdee04') in 0.018581 seconds
Number of updated asset objects reloaded before import = 0
Number of asset objects unloaded after import = 3
========================================================================
Received Import Request.
  Time since last request: 0.273836 seconds.
  path: Assets/UI/Dark UI/New Icons/White Unlock.png
  artifactKey: Guid(8d21621d9ae215946a3c2ec6a868580d) Importer(815301076,1909f56bfc062723c751e8b465ee728b)
Start importing Assets/UI/Dark UI/New Icons/White Unlock.png using Guid(8d21621d9ae215946a3c2ec6a868580d) Importer(815301076,1909f56bfc062723c751e8b465ee728b) [PhysX] Initialized MultithreadedTaskDispatcher with 8 workers.
WARNING: RGBA Compressed ASTC6X6 UNorm format is not supported, decompressing texture
[PhysX] Initialized MultithreadedTaskDispatcher with 8 workers.
 -> (artifact id: '745e281345e152961c4a2fc2ca6af1d5') in 0.017534 seconds
Number of updated asset objects reloaded before import = 0
Number of asset objects unloaded after import = 3
========================================================================
Received Import Request.
  Time since last request: 0.048623 seconds.
  path: Assets/UI/Dark UI/New Icons/White Trophy.png
  artifactKey: Guid(e2adbf29c766b42468aa462579f209c1) Importer(815301076,1909f56bfc062723c751e8b465ee728b)
Start importing Assets/UI/Dark UI/New Icons/White Trophy.png using Guid(e2adbf29c766b42468aa462579f209c1) Importer(815301076,1909f56bfc062723c751e8b465ee728b) [PhysX] Initialized MultithreadedTaskDispatcher with 8 workers.
WARNING: RGBA Compressed ASTC6X6 UNorm format is not supported, decompressing texture
[PhysX] Initialized MultithreadedTaskDispatcher with 8 workers.
 -> (artifact id: 'd93e69b9f12f9c5b26c2cf1cc1187957') in 0.017473 seconds
Number of updated asset objects reloaded before import = 0
Number of asset objects unloaded after import = 3
========================================================================
Received Import Request.
  Time since last request: 0.037266 seconds.
  path: Assets/UI/Dark UI/New Icons/White Trash Can.png
  artifactKey: Guid(f24ffe951cc9dc740886f725bd5f12bb) Importer(815301076,1909f56bfc062723c751e8b465ee728b)
Start importing Assets/UI/Dark UI/New Icons/White Trash Can.png using Guid(f24ffe951cc9dc740886f725bd5f12bb) Importer(815301076,1909f56bfc062723c751e8b465ee728b) [PhysX] Initialized MultithreadedTaskDispatcher with 8 workers.
WARNING: RGBA Compressed ASTC6X6 UNorm format is not supported, decompressing texture
[PhysX] Initialized MultithreadedTaskDispatcher with 8 workers.
 -> (artifact id: '19409e9e78602024fad4dd3e60f0f9f6') in 0.016874 seconds
Number of updated asset objects reloaded before import = 0
Number of asset objects unloaded after import = 3
========================================================================
Received Import Request.
  Time since last request: 0.000117 seconds.
  path: Assets/UI/Dark UI/New Icons/White Tornado.png
  artifactKey: Guid(c7ddcfbcb01d2f44192f5593ea5f5c5f) Importer(815301076,1909f56bfc062723c751e8b465ee728b)
Start importing Assets/UI/Dark UI/New Icons/White Tornado.png using Guid(c7ddcfbcb01d2f44192f5593ea5f5c5f) Importer(815301076,1909f56bfc062723c751e8b465ee728b) [PhysX] Initialized MultithreadedTaskDispatcher with 8 workers.
WARNING: RGBA Compressed ASTC6X6 UNorm format is not supported, decompressing texture
[PhysX] Initialized MultithreadedTaskDispatcher with 8 workers.
 -> (artifact id: '720de9c24b7c616984658f7b940d851b') in 0.022383 seconds
Number of updated asset objects reloaded before import = 0
Number of asset objects unloaded after import = 3
========================================================================
Received Import Request.
  Time since last request: 0.873698 seconds.
  path: Assets/UI/Dark UI/New Icons/White Target 2.png
  artifactKey: Guid(6c899d4b78ffb9147be6d932c03ccadc) Importer(815301076,1909f56bfc062723c751e8b465ee728b)
Start importing Assets/UI/Dark UI/New Icons/White Target 2.png using Guid(6c899d4b78ffb9147be6d932c03ccadc) Importer(815301076,1909f56bfc062723c751e8b465ee728b) [PhysX] Initialized MultithreadedTaskDispatcher with 8 workers.
WARNING: RGBA Compressed ASTC6X6 UNorm format is not supported, decompressing texture
[PhysX] Initialized MultithreadedTaskDispatcher with 8 workers.
 -> (artifact id: '1989c58b0791151416398b34ffd6fece') in 0.025858 seconds
Number of updated asset objects reloaded before import = 0
Number of asset objects unloaded after import = 3
========================================================================
Received Import Request.
  Time since last request: 0.488029 seconds.
  path: Assets/UI/Dark UI/New Icons/White Symbol 14.png
  artifactKey: Guid(53cc92633a87d6241ba0a506c3aa2194) Importer(815301076,1909f56bfc062723c751e8b465ee728b)
Start importing Assets/UI/Dark UI/New Icons/White Symbol 14.png using Guid(53cc92633a87d6241ba0a506c3aa2194) Importer(815301076,1909f56bfc062723c751e8b465ee728b) [PhysX] Initialized MultithreadedTaskDispatcher with 8 workers.
WARNING: RGBA Compressed ASTC6X6 UNorm format is not supported, decompressing texture
[PhysX] Initialized MultithreadedTaskDispatcher with 8 workers.
 -> (artifact id: '4b9e4d1e62225a0f87efc562721d4fd6') in 0.023246 seconds
Number of updated asset objects reloaded before import = 0
Number of asset objects unloaded after import = 3
========================================================================
Received Import Request.
  Time since last request: 0.039980 seconds.
  path: Assets/UI/Dark UI/New Icons/White Symbol 12.png
  artifactKey: Guid(8b966e6a0f0c58a4895972f2da2eb54b) Importer(815301076,1909f56bfc062723c751e8b465ee728b)
Start importing Assets/UI/Dark UI/New Icons/White Symbol 12.png using Guid(8b966e6a0f0c58a4895972f2da2eb54b) Importer(815301076,1909f56bfc062723c751e8b465ee728b) [PhysX] Initialized MultithreadedTaskDispatcher with 8 workers.
WARNING: RGBA Compressed ASTC6X6 UNorm format is not supported, decompressing texture
[PhysX] Initialized MultithreadedTaskDispatcher with 8 workers.
 -> (artifact id: 'dacc2d2d1c782be461099e57bb04465c') in 0.016594 seconds
Number of updated asset objects reloaded before import = 0
Number of asset objects unloaded after import = 3
========================================================================
Received Import Request.
  Time since last request: 0.049815 seconds.
  path: Assets/UI/Dark UI/New Icons/White Symbol 10.png
  artifactKey: Guid(5a189062964e1c4428b9ba1721e40f19) Importer(815301076,1909f56bfc062723c751e8b465ee728b)
Start importing Assets/UI/Dark UI/New Icons/White Symbol 10.png using Guid(5a189062964e1c4428b9ba1721e40f19) Importer(815301076,1909f56bfc062723c751e8b465ee728b) [PhysX] Initialized MultithreadedTaskDispatcher with 8 workers.
WARNING: RGBA Compressed ASTC6X6 UNorm format is not supported, decompressing texture
[PhysX] Initialized MultithreadedTaskDispatcher with 8 workers.
 -> (artifact id: '2a6638eef4acefc0d9b0d71b256cd5e5') in 0.017378 seconds
Number of updated asset objects reloaded before import = 0
Number of asset objects unloaded after import = 3
========================================================================
Received Import Request.
  Time since last request: 0.037990 seconds.
  path: Assets/UI/Dark UI/New Icons/White Symbol 9.png
  artifactKey: Guid(0b0434795b3fa3341945e39015fbaa28) Importer(815301076,1909f56bfc062723c751e8b465ee728b)
Start importing Assets/UI/Dark UI/New Icons/White Symbol 9.png using Guid(0b0434795b3fa3341945e39015fbaa28) Importer(815301076,1909f56bfc062723c751e8b465ee728b) [PhysX] Initialized MultithreadedTaskDispatcher with 8 workers.
WARNING: RGBA Compressed ASTC6X6 UNorm format is not supported, decompressing texture
[PhysX] Initialized MultithreadedTaskDispatcher with 8 workers.
 -> (artifact id: 'c6b7594f0b0531370d7ba5244caf04d7') in 0.020339 seconds
Number of updated asset objects reloaded before import = 0
Number of asset objects unloaded after import = 3
========================================================================
Received Import Request.
  Time since last request: 0.511279 seconds.
  path: Assets/UI/Dark UI/New Icons/White Subtract.png
  artifactKey: Guid(83c48d5ebdbe1aa4289d3ab22bce4475) Importer(815301076,1909f56bfc062723c751e8b465ee728b)
Start importing Assets/UI/Dark UI/New Icons/White Subtract.png using Guid(83c48d5ebdbe1aa4289d3ab22bce4475) Importer(815301076,1909f56bfc062723c751e8b465ee728b) [PhysX] Initialized MultithreadedTaskDispatcher with 8 workers.
WARNING: RGBA Compressed ASTC6X6 UNorm format is not supported, decompressing texture
[PhysX] Initialized MultithreadedTaskDispatcher with 8 workers.
 -> (artifact id: '99841f000b2808afe68becce988265bf') in 0.017876 seconds
Number of updated asset objects reloaded before import = 0
Number of asset objects unloaded after import = 3
========================================================================
Received Import Request.
  Time since last request: 0.044156 seconds.
  path: Assets/UI/Dark UI/New Icons/White Store.png
  artifactKey: Guid(a904c54a953d9ab47b70d69f609e1d81) Importer(815301076,1909f56bfc062723c751e8b465ee728b)
Start importing Assets/UI/Dark UI/New Icons/White Store.png using Guid(a904c54a953d9ab47b70d69f609e1d81) Importer(815301076,1909f56bfc062723c751e8b465ee728b) [PhysX] Initialized MultithreadedTaskDispatcher with 8 workers.
WARNING: RGBA Compressed ASTC6X6 UNorm format is not supported, decompressing texture
[PhysX] Initialized MultithreadedTaskDispatcher with 8 workers.
 -> (artifact id: '8817560fe70b5f049a5b03fd1f1beca1') in 0.017546 seconds
Number of updated asset objects reloaded before import = 0
Number of asset objects unloaded after import = 3
========================================================================
Received Import Request.
  Time since last request: 0.002007 seconds.
  path: Assets/UI/Dark UI/New Icons/White Star Hollow.png
  artifactKey: Guid(ae66b3efeee4f39428cfdcfa0699c733) Importer(815301076,1909f56bfc062723c751e8b465ee728b)
Start importing Assets/UI/Dark UI/New Icons/White Star Hollow.png using Guid(ae66b3efeee4f39428cfdcfa0699c733) Importer(815301076,1909f56bfc062723c751e8b465ee728b) [PhysX] Initialized MultithreadedTaskDispatcher with 8 workers.
WARNING: RGBA Compressed ASTC6X6 UNorm format is not supported, decompressing texture
[PhysX] Initialized MultithreadedTaskDispatcher with 8 workers.
 -> (artifact id: '2e531f666441b0911d690ff378383de1') in 0.018609 seconds
Number of updated asset objects reloaded before import = 0
Number of asset objects unloaded after import = 3
========================================================================
Received Import Request.
  Time since last request: 0.045059 seconds.
  path: Assets/UI/Dark UI/New Icons/White Speed Boost 2.png
  artifactKey: Guid(8bed94d544d1a7243a0281fe7aef409f) Importer(815301076,1909f56bfc062723c751e8b465ee728b)
Start importing Assets/UI/Dark UI/New Icons/White Speed Boost 2.png using Guid(8bed94d544d1a7243a0281fe7aef409f) Importer(815301076,1909f56bfc062723c751e8b465ee728b) [PhysX] Initialized MultithreadedTaskDispatcher with 8 workers.
WARNING: RGBA Compressed ASTC6X6 UNorm format is not supported, decompressing texture
[PhysX] Initialized MultithreadedTaskDispatcher with 8 workers.
 -> (artifact id: 'be0f5cb2d475baf79b0eb66a8fb51772') in 0.017638 seconds
Number of updated asset objects reloaded before import = 0
Number of asset objects unloaded after import = 3
========================================================================
Received Import Request.
  Time since last request: 0.231716 seconds.
  path: Assets/UI/Dark UI/New Icons/White Speed.png
  artifactKey: Guid(f8b09dc77316b2a47b70781598722ed2) Importer(815301076,1909f56bfc062723c751e8b465ee728b)
Start importing Assets/UI/Dark UI/New Icons/White Speed.png using Guid(f8b09dc77316b2a47b70781598722ed2) Importer(815301076,1909f56bfc062723c751e8b465ee728b) [PhysX] Initialized MultithreadedTaskDispatcher with 8 workers.
WARNING: RGBA Compressed ASTC6X6 UNorm format is not supported, decompressing texture
[PhysX] Initialized MultithreadedTaskDispatcher with 8 workers.
 -> (artifact id: '097af5dfe587cc1ea1f6e752919cb259') in 0.022376 seconds
Number of updated asset objects reloaded before import = 0
Number of asset objects unloaded after import = 3
========================================================================
Received Import Request.
  Time since last request: 0.003054 seconds.
  path: Assets/UI/Dark UI/New Icons/White Sound Off 2.png
  artifactKey: Guid(d7f4f52e0d03f214b8b9ff47d92ab909) Importer(815301076,1909f56bfc062723c751e8b465ee728b)
Start importing Assets/UI/Dark UI/New Icons/White Sound Off 2.png using Guid(d7f4f52e0d03f214b8b9ff47d92ab909) Importer(815301076,1909f56bfc062723c751e8b465ee728b) [PhysX] Initialized MultithreadedTaskDispatcher with 8 workers.
WARNING: RGBA Compressed ASTC6X6 UNorm format is not supported, decompressing texture
[PhysX] Initialized MultithreadedTaskDispatcher with 8 workers.
 -> (artifact id: '61373e9849d2cb05201ed77533f32148') in 0.027955 seconds
Number of updated asset objects reloaded before import = 0
Number of asset objects unloaded after import = 3
========================================================================
Received Import Request.
  Time since last request: 0.041368 seconds.
  path: Assets/UI/Dark UI/New Icons/White Sound 1.png
  artifactKey: Guid(a96c62549a14614499aac5612947a2bf) Importer(815301076,1909f56bfc062723c751e8b465ee728b)
Start importing Assets/UI/Dark UI/New Icons/White Sound 1.png using Guid(a96c62549a14614499aac5612947a2bf) Importer(815301076,1909f56bfc062723c751e8b465ee728b) [PhysX] Initialized MultithreadedTaskDispatcher with 8 workers.
WARNING: RGBA Compressed ASTC6X6 UNorm format is not supported, decompressing texture
[PhysX] Initialized MultithreadedTaskDispatcher with 8 workers.
 -> (artifact id: '04267f75c556116d9f3a5db9f4c19cdb') in 0.016745 seconds
Number of updated asset objects reloaded before import = 0
Number of asset objects unloaded after import = 3
========================================================================
Received Import Request.
  Time since last request: 0.000068 seconds.
  path: Assets/UI/Dark UI/New Icons/White Sound Off.png
  artifactKey: Guid(0bdf73acc8139174494a96cd50f61ec2) Importer(815301076,1909f56bfc062723c751e8b465ee728b)
Start importing Assets/UI/Dark UI/New Icons/White Sound Off.png using Guid(0bdf73acc8139174494a96cd50f61ec2) Importer(815301076,1909f56bfc062723c751e8b465ee728b) [PhysX] Initialized MultithreadedTaskDispatcher with 8 workers.
WARNING: RGBA Compressed ASTC6X6 UNorm format is not supported, decompressing texture
[PhysX] Initialized MultithreadedTaskDispatcher with 8 workers.
 -> (artifact id: '816f6f0b778c735983ae780a6f8feee0') in 0.019907 seconds
Number of updated asset objects reloaded before import = 0
Number of asset objects unloaded after import = 3
========================================================================
Received Import Request.
  Time since last request: 1.129738 seconds.
  path: Assets/UI/Dark UI/New Icons/White Sad 2.png
  artifactKey: Guid(b860e7dca9b704845b229f98058259e8) Importer(815301076,1909f56bfc062723c751e8b465ee728b)
Start importing Assets/UI/Dark UI/New Icons/White Sad 2.png using Guid(b860e7dca9b704845b229f98058259e8) Importer(815301076,1909f56bfc062723c751e8b465ee728b) [PhysX] Initialized MultithreadedTaskDispatcher with 8 workers.
WARNING: RGBA Compressed ASTC6X6 UNorm format is not supported, decompressing texture
[PhysX] Initialized MultithreadedTaskDispatcher with 8 workers.
 -> (artifact id: '79044290675ecd630006803a4f25d6b9') in 0.018035 seconds
Number of updated asset objects reloaded before import = 0
Number of asset objects unloaded after import = 3
========================================================================
Received Import Request.
  Time since last request: 0.049409 seconds.
  path: Assets/UI/Dark UI/New Icons/White Sad 1.png
  artifactKey: Guid(c66141a215c08e347882017d498f50e1) Importer(815301076,1909f56bfc062723c751e8b465ee728b)
Start importing Assets/UI/Dark UI/New Icons/White Sad 1.png using Guid(c66141a215c08e347882017d498f50e1) Importer(815301076,1909f56bfc062723c751e8b465ee728b) [PhysX] Initialized MultithreadedTaskDispatcher with 8 workers.
WARNING: RGBA Compressed ASTC6X6 UNorm format is not supported, decompressing texture
[PhysX] Initialized MultithreadedTaskDispatcher with 8 workers.
 -> (artifact id: 'dddd083aa0339c7572da50a2897cddfe') in 0.015977 seconds
Number of updated asset objects reloaded before import = 0
Number of asset objects unloaded after import = 3
========================================================================
Received Import Request.
  Time since last request: 0.130838 seconds.
  path: Assets/UI/Dark UI/New Icons/White Rank.png
  artifactKey: Guid(aae7fb6dbd42e0a4cb58d3a93643339e) Importer(815301076,1909f56bfc062723c751e8b465ee728b)
Start importing Assets/UI/Dark UI/New Icons/White Rank.png using Guid(aae7fb6dbd42e0a4cb58d3a93643339e) Importer(815301076,1909f56bfc062723c751e8b465ee728b) [PhysX] Initialized MultithreadedTaskDispatcher with 8 workers.
WARNING: RGBA Compressed ASTC6X6 UNorm format is not supported, decompressing texture
[PhysX] Initialized MultithreadedTaskDispatcher with 8 workers.
 -> (artifact id: '672d7ec9244ed6b47865eabdbdd31c7c') in 0.020695 seconds
Number of updated asset objects reloaded before import = 0
Number of asset objects unloaded after import = 3
========================================================================
Received Import Request.
  Time since last request: 0.392218 seconds.
  path: Assets/UI/Dark UI/New Icons/White Questions 1.png
  artifactKey: Guid(680e9b1dee678594a9afacc5ee31912d) Importer(815301076,1909f56bfc062723c751e8b465ee728b)
Start importing Assets/UI/Dark UI/New Icons/White Questions 1.png using Guid(680e9b1dee678594a9afacc5ee31912d) Importer(815301076,1909f56bfc062723c751e8b465ee728b) [PhysX] Initialized MultithreadedTaskDispatcher with 8 workers.
WARNING: RGBA Compressed ASTC6X6 UNorm format is not supported, decompressing texture
[PhysX] Initialized MultithreadedTaskDispatcher with 8 workers.
 -> (artifact id: '9b2d096e7c0dd6d2befe3e8417ee869f') in 0.020978 seconds
Number of updated asset objects reloaded before import = 0
Number of asset objects unloaded after import = 3
========================================================================
Received Import Request.
  Time since last request: 0.038050 seconds.
  path: Assets/UI/Dark UI/New Icons/White Queen.png
  artifactKey: Guid(2b5e1f27bb41f3f408211c4643d8f247) Importer(815301076,1909f56bfc062723c751e8b465ee728b)
Start importing Assets/UI/Dark UI/New Icons/White Queen.png using Guid(2b5e1f27bb41f3f408211c4643d8f247) Importer(815301076,1909f56bfc062723c751e8b465ee728b) [PhysX] Initialized MultithreadedTaskDispatcher with 8 workers.
WARNING: RGBA Compressed ASTC6X6 UNorm format is not supported, decompressing texture
[PhysX] Initialized MultithreadedTaskDispatcher with 8 workers.
 -> (artifact id: '7216615808780adfc4a8eb2a4736a145') in 0.020130 seconds
Number of updated asset objects reloaded before import = 0
Number of asset objects unloaded after import = 3
========================================================================
Received Import Request.
  Time since last request: 0.005152 seconds.
  path: Assets/UI/Dark UI/New Icons/White Print.png
  artifactKey: Guid(5d5b2ca7b604b2446a73432e660fbd6c) Importer(815301076,1909f56bfc062723c751e8b465ee728b)
Start importing Assets/UI/Dark UI/New Icons/White Print.png using Guid(5d5b2ca7b604b2446a73432e660fbd6c) Importer(815301076,1909f56bfc062723c751e8b465ee728b) [PhysX] Initialized MultithreadedTaskDispatcher with 8 workers.
WARNING: RGBA Compressed ASTC6X6 UNorm format is not supported, decompressing texture
[PhysX] Initialized MultithreadedTaskDispatcher with 8 workers.
 -> (artifact id: '76436ecf38801c6166313b6d7fe01982') in 0.023998 seconds
Number of updated asset objects reloaded before import = 0
Number of asset objects unloaded after import = 3
========================================================================
Received Import Request.
  Time since last request: 0.393117 seconds.
  path: Assets/UI/Dark UI/New Icons/White Plus.png
  artifactKey: Guid(c8f0ee3738f14cf4ba9523f1e85cd893) Importer(815301076,1909f56bfc062723c751e8b465ee728b)
Start importing Assets/UI/Dark UI/New Icons/White Plus.png using Guid(c8f0ee3738f14cf4ba9523f1e85cd893) Importer(815301076,1909f56bfc062723c751e8b465ee728b) [PhysX] Initialized MultithreadedTaskDispatcher with 8 workers.
WARNING: RGBA Compressed ASTC6X6 UNorm format is not supported, decompressing texture
[PhysX] Initialized MultithreadedTaskDispatcher with 8 workers.
 -> (artifact id: '83a5442e4c9cf73e8075dc540cbd540a') in 0.018331 seconds
Number of updated asset objects reloaded before import = 0
Number of asset objects unloaded after import = 3
========================================================================
Received Import Request.
  Time since last request: 0.053552 seconds.
  path: Assets/UI/Dark UI/New Icons/White Playstore.png
  artifactKey: Guid(b341f40805b35f14fa548ad8539f33ae) Importer(815301076,1909f56bfc062723c751e8b465ee728b)
Start importing Assets/UI/Dark UI/New Icons/White Playstore.png using Guid(b341f40805b35f14fa548ad8539f33ae) Importer(815301076,1909f56bfc062723c751e8b465ee728b) [PhysX] Initialized MultithreadedTaskDispatcher with 8 workers.
WARNING: RGBA Compressed ASTC6X6 UNorm format is not supported, decompressing texture
[PhysX] Initialized MultithreadedTaskDispatcher with 8 workers.
 -> (artifact id: '46bdc1eae4f4a67ef0535049063aed10') in 0.020013 seconds
Number of updated asset objects reloaded before import = 0
Number of asset objects unloaded after import = 3
========================================================================
Received Import Request.
  Time since last request: 0.032311 seconds.
  path: Assets/UI/Dark UI/New Icons/White Planet.png
  artifactKey: Guid(bdfdf6f3bbf366a4daf460fc75ee768c) Importer(815301076,1909f56bfc062723c751e8b465ee728b)
Start importing Assets/UI/Dark UI/New Icons/White Planet.png using Guid(bdfdf6f3bbf366a4daf460fc75ee768c) Importer(815301076,1909f56bfc062723c751e8b465ee728b) [PhysX] Initialized MultithreadedTaskDispatcher with 8 workers.
WARNING: RGBA Compressed ASTC6X6 UNorm format is not supported, decompressing texture
[PhysX] Initialized MultithreadedTaskDispatcher with 8 workers.
 -> (artifact id: 'a8cc79815c9882dc5611a4a5180ccf01') in 0.018879 seconds
Number of updated asset objects reloaded before import = 0
Number of asset objects unloaded after import = 3
========================================================================
Received Import Request.
  Time since last request: 0.421900 seconds.
  path: Assets/UI/Dark UI/New Icons/White Percent.png
  artifactKey: Guid(cf3bffcb26345f442a14e4b7850d9732) Importer(815301076,1909f56bfc062723c751e8b465ee728b)
Start importing Assets/UI/Dark UI/New Icons/White Percent.png using Guid(cf3bffcb26345f442a14e4b7850d9732) Importer(815301076,1909f56bfc062723c751e8b465ee728b) [PhysX] Initialized MultithreadedTaskDispatcher with 8 workers.
WARNING: RGBA Compressed ASTC6X6 UNorm format is not supported, decompressing texture
[PhysX] Initialized MultithreadedTaskDispatcher with 8 workers.
 -> (artifact id: 'e3636b9a8535c1178a9d1dc80762a47d') in 0.019830 seconds
Number of updated asset objects reloaded before import = 0
Number of asset objects unloaded after import = 3
========================================================================
Received Import Request.
  Time since last request: 0.114719 seconds.
  path: Assets/UI/Dark UI/New Icons/White News.png
  artifactKey: Guid(0470d62f1f469ad47b2129a2aa63d847) Importer(815301076,1909f56bfc062723c751e8b465ee728b)
Start importing Assets/UI/Dark UI/New Icons/White News.png using Guid(0470d62f1f469ad47b2129a2aa63d847) Importer(815301076,1909f56bfc062723c751e8b465ee728b) [PhysX] Initialized MultithreadedTaskDispatcher with 8 workers.
WARNING: RGBA Compressed ASTC6X6 UNorm format is not supported, decompressing texture
[PhysX] Initialized MultithreadedTaskDispatcher with 8 workers.
 -> (artifact id: 'a841fe0afa5a832c005bf9dac2fc1d2b') in 0.019743 seconds
Number of updated asset objects reloaded before import = 0
Number of asset objects unloaded after import = 3
========================================================================
Received Import Request.
  Time since last request: 0.026588 seconds.
  path: Assets/UI/Dark UI/New Icons/White Music Note.png
  artifactKey: Guid(343ccedab88230f4596d167280dc7d5f) Importer(815301076,1909f56bfc062723c751e8b465ee728b)
Start importing Assets/UI/Dark UI/New Icons/White Music Note.png using Guid(343ccedab88230f4596d167280dc7d5f) Importer(815301076,1909f56bfc062723c751e8b465ee728b) [PhysX] Initialized MultithreadedTaskDispatcher with 8 workers.
WARNING: RGBA Compressed ASTC6X6 UNorm format is not supported, decompressing texture
[PhysX] Initialized MultithreadedTaskDispatcher with 8 workers.
 -> (artifact id: '7d208ba7295802a18be4383c0d0a0751') in 0.020700 seconds
Number of updated asset objects reloaded before import = 0
Number of asset objects unloaded after import = 3
========================================================================
Received Import Request.
  Time since last request: 0.004363 seconds.
  path: Assets/UI/Dark UI/New Icons/White Music.png
  artifactKey: Guid(06a16cb520d0f2449a999572cae2cf97) Importer(815301076,1909f56bfc062723c751e8b465ee728b)
Start importing Assets/UI/Dark UI/New Icons/White Music.png using Guid(06a16cb520d0f2449a999572cae2cf97) Importer(815301076,1909f56bfc062723c751e8b465ee728b) [PhysX] Initialized MultithreadedTaskDispatcher with 8 workers.
WARNING: RGBA Compressed ASTC6X6 UNorm format is not supported, decompressing texture
[PhysX] Initialized MultithreadedTaskDispatcher with 8 workers.
 -> (artifact id: '80236715636f25ccfd28fd31ec200a77') in 0.028202 seconds
Number of updated asset objects reloaded before import = 0
Number of asset objects unloaded after import = 3
========================================================================
Received Import Request.
  Time since last request: 0.253550 seconds.
  path: Assets/UI/Dark UI/New Icons/White Minus 2.png
  artifactKey: Guid(0d1bc263b91247a4c9c69ffdc72a24a0) Importer(815301076,1909f56bfc062723c751e8b465ee728b)
Start importing Assets/UI/Dark UI/New Icons/White Minus 2.png using Guid(0d1bc263b91247a4c9c69ffdc72a24a0) Importer(815301076,1909f56bfc062723c751e8b465ee728b) [PhysX] Initialized MultithreadedTaskDispatcher with 8 workers.
WARNING: RGBA Compressed ASTC6X6 UNorm format is not supported, decompressing texture
[PhysX] Initialized MultithreadedTaskDispatcher with 8 workers.
 -> (artifact id: '53d6120354c23b4ea110fb48d22ec2e6') in 0.017698 seconds
Number of updated asset objects reloaded before import = 0
Number of asset objects unloaded after import = 3
========================================================================
Received Import Request.
  Time since last request: 0.032760 seconds.
  path: Assets/UI/Dark UI/New Icons/White Message 2.png
  artifactKey: Guid(2ed76750890eee843ac757621dba82e0) Importer(815301076,1909f56bfc062723c751e8b465ee728b)
Start importing Assets/UI/Dark UI/New Icons/White Message 2.png using Guid(2ed76750890eee843ac757621dba82e0) Importer(815301076,1909f56bfc062723c751e8b465ee728b) [PhysX] Initialized MultithreadedTaskDispatcher with 8 workers.
WARNING: RGBA Compressed ASTC6X6 UNorm format is not supported, decompressing texture
[PhysX] Initialized MultithreadedTaskDispatcher with 8 workers.
 -> (artifact id: '72c71660d8e49d73e533d8a6ba0ec625') in 0.018701 seconds
Number of updated asset objects reloaded before import = 0
Number of asset objects unloaded after import = 3
========================================================================
Received Import Request.
  Time since last request: 0.087560 seconds.
  path: Assets/UI/Dark UI/New Icons/White Knight.png
  artifactKey: Guid(9127bb7b525b8424fb967ef6627e220c) Importer(815301076,1909f56bfc062723c751e8b465ee728b)
Start importing Assets/UI/Dark UI/New Icons/White Knight.png using Guid(9127bb7b525b8424fb967ef6627e220c) Importer(815301076,1909f56bfc062723c751e8b465ee728b) [PhysX] Initialized MultithreadedTaskDispatcher with 8 workers.
WARNING: RGBA Compressed ASTC6X6 UNorm format is not supported, decompressing texture
[PhysX] Initialized MultithreadedTaskDispatcher with 8 workers.
 -> (artifact id: 'ddf8684b25e58cd5933c926b10d0b666') in 0.016767 seconds
Number of updated asset objects reloaded before import = 0
Number of asset objects unloaded after import = 3
========================================================================
Received Import Request.
  Time since last request: 0.000121 seconds.
  path: Assets/UI/Dark UI/New Icons/White Key.png
  artifactKey: Guid(e3dc68783919341458e70e2a3ed5ebc1) Importer(815301076,1909f56bfc062723c751e8b465ee728b)
Start importing Assets/UI/Dark UI/New Icons/White Key.png using Guid(e3dc68783919341458e70e2a3ed5ebc1) Importer(815301076,1909f56bfc062723c751e8b465ee728b) [PhysX] Initialized MultithreadedTaskDispatcher with 8 workers.
WARNING: RGBA Compressed ASTC6X6 UNorm format is not supported, decompressing texture
[PhysX] Initialized MultithreadedTaskDispatcher with 8 workers.
 -> (artifact id: '5fedff632b2a893504000438e4868b83') in 0.021792 seconds
Number of updated asset objects reloaded before import = 0
Number of asset objects unloaded after import = 3
========================================================================
Received Import Request.
  Time since last request: 0.063982 seconds.
  path: Assets/UI/Dark UI/New Icons/White Heart Arrow.png
  artifactKey: Guid(8fef4bbb630501a4aafaabdd9da48f64) Importer(815301076,1909f56bfc062723c751e8b465ee728b)
Start importing Assets/UI/Dark UI/New Icons/White Heart Arrow.png using Guid(8fef4bbb630501a4aafaabdd9da48f64) Importer(815301076,1909f56bfc062723c751e8b465ee728b) [PhysX] Initialized MultithreadedTaskDispatcher with 8 workers.
WARNING: RGBA Compressed ASTC6X6 UNorm format is not supported, decompressing texture
[PhysX] Initialized MultithreadedTaskDispatcher with 8 workers.
 -> (artifact id: '42c4e9f37ecbb293c6e1cc99546a549f') in 0.017409 seconds
Number of updated asset objects reloaded before import = 0
Number of asset objects unloaded after import = 3
========================================================================
Received Import Request.
  Time since last request: 0.000090 seconds.
  path: Assets/UI/Dark UI/New Icons/White Helmet 2.png
  artifactKey: Guid(545e606a1b3e77d4999432262b993f7a) Importer(815301076,1909f56bfc062723c751e8b465ee728b)
Start importing Assets/UI/Dark UI/New Icons/White Helmet 2.png using Guid(545e606a1b3e77d4999432262b993f7a) Importer(815301076,1909f56bfc062723c751e8b465ee728b) [PhysX] Initialized MultithreadedTaskDispatcher with 8 workers.
WARNING: RGBA Compressed ASTC6X6 UNorm format is not supported, decompressing texture
[PhysX] Initialized MultithreadedTaskDispatcher with 8 workers.
 -> (artifact id: '82bf30f0958507eb07cdfeb2826bf610') in 0.023759 seconds
Number of updated asset objects reloaded before import = 0
Number of asset objects unloaded after import = 3
========================================================================
Received Import Request.
  Time since last request: 0.005164 seconds.
  path: Assets/UI/Dark UI/New Icons/White Heart 3.png
  artifactKey: Guid(96abe9144609545419e18f668c98e5b3) Importer(815301076,1909f56bfc062723c751e8b465ee728b)
Start importing Assets/UI/Dark UI/New Icons/White Heart 3.png using Guid(96abe9144609545419e18f668c98e5b3) Importer(815301076,1909f56bfc062723c751e8b465ee728b) [PhysX] Initialized MultithreadedTaskDispatcher with 8 workers.
WARNING: RGBA Compressed ASTC6X6 UNorm format is not supported, decompressing texture
[PhysX] Initialized MultithreadedTaskDispatcher with 8 workers.
 -> (artifact id: 'e88a6e0b4d629d5da0dae0b338ce10cb') in 0.022002 seconds
Number of updated asset objects reloaded before import = 0
Number of asset objects unloaded after import = 3
========================================================================
Received Import Request.
  Time since last request: 0.053551 seconds.
  path: Assets/UI/Dark UI/New Icons/White Globe.png
  artifactKey: Guid(a9f7b103cae6fe64dab8018e71186a2e) Importer(815301076,1909f56bfc062723c751e8b465ee728b)
Start importing Assets/UI/Dark UI/New Icons/White Globe.png using Guid(a9f7b103cae6fe64dab8018e71186a2e) Importer(815301076,1909f56bfc062723c751e8b465ee728b) [PhysX] Initialized MultithreadedTaskDispatcher with 8 workers.
WARNING: RGBA Compressed ASTC6X6 UNorm format is not supported, decompressing texture
[PhysX] Initialized MultithreadedTaskDispatcher with 8 workers.
 -> (artifact id: 'c18850cf19a2cc4cdc4139011788150d') in 0.027073 seconds
Number of updated asset objects reloaded before import = 0
Number of asset objects unloaded after import = 3
========================================================================
Received Import Request.
  Time since last request: 0.449105 seconds.
  path: Assets/UI/Dark UI/New Icons/White Gem 2.png
  artifactKey: Guid(d51bf16180dfdf3418a9d16a2d857e6b) Importer(815301076,1909f56bfc062723c751e8b465ee728b)
Start importing Assets/UI/Dark UI/New Icons/White Gem 2.png using Guid(d51bf16180dfdf3418a9d16a2d857e6b) Importer(815301076,1909f56bfc062723c751e8b465ee728b) [PhysX] Initialized MultithreadedTaskDispatcher with 8 workers.
WARNING: RGBA Compressed ASTC6X6 UNorm format is not supported, decompressing texture
[PhysX] Initialized MultithreadedTaskDispatcher with 8 workers.
 -> (artifact id: '2e6ec110ff2aba4034b4098f27fab2a5') in 0.017991 seconds
Number of updated asset objects reloaded before import = 0
Number of asset objects unloaded after import = 3
========================================================================
Received Import Request.
  Time since last request: 0.005432 seconds.
  path: Assets/UI/Dark UI/New Icons/White Gear 2.png
  artifactKey: Guid(8152721df6350f74b920a9565a5aecb4) Importer(815301076,1909f56bfc062723c751e8b465ee728b)
Start importing Assets/UI/Dark UI/New Icons/White Gear 2.png using Guid(8152721df6350f74b920a9565a5aecb4) Importer(815301076,1909f56bfc062723c751e8b465ee728b) [PhysX] Initialized MultithreadedTaskDispatcher with 8 workers.
WARNING: RGBA Compressed ASTC6X6 UNorm format is not supported, decompressing texture
[PhysX] Initialized MultithreadedTaskDispatcher with 8 workers.
 -> (artifact id: '35da8a54f797064179bc89562b79333b') in 0.027476 seconds
Number of updated asset objects reloaded before import = 0
Number of asset objects unloaded after import = 3
========================================================================
Received Import Request.
  Time since last request: 0.036545 seconds.
  path: Assets/UI/Dark UI/New Icons/White Gasoline.png
  artifactKey: Guid(f0d723fbdc0a7af4ea7265a14182085a) Importer(815301076,1909f56bfc062723c751e8b465ee728b)
Start importing Assets/UI/Dark UI/New Icons/White Gasoline.png using Guid(f0d723fbdc0a7af4ea7265a14182085a) Importer(815301076,1909f56bfc062723c751e8b465ee728b) [PhysX] Initialized MultithreadedTaskDispatcher with 8 workers.
WARNING: RGBA Compressed ASTC6X6 UNorm format is not supported, decompressing texture
[PhysX] Initialized MultithreadedTaskDispatcher with 8 workers.
 -> (artifact id: '2316766e117c4abf11ccbaa13d34ad7e') in 0.017329 seconds
Number of updated asset objects reloaded before import = 0
Number of asset objects unloaded after import = 3
========================================================================
Received Import Request.
  Time since last request: 0.000112 seconds.
  path: Assets/UI/Dark UI/New Icons/White Folder 2.png
  artifactKey: Guid(7d7a478af16c6d147ad4f8f969ae50b1) Importer(815301076,1909f56bfc062723c751e8b465ee728b)
Start importing Assets/UI/Dark UI/New Icons/White Folder 2.png using Guid(7d7a478af16c6d147ad4f8f969ae50b1) Importer(815301076,1909f56bfc062723c751e8b465ee728b) [PhysX] Initialized MultithreadedTaskDispatcher with 8 workers.
WARNING: RGBA Compressed ASTC6X6 UNorm format is not supported, decompressing texture
[PhysX] Initialized MultithreadedTaskDispatcher with 8 workers.
 -> (artifact id: '090e9b7702208d6646ffad4ef2f37584') in 0.022714 seconds
Number of updated asset objects reloaded before import = 0
Number of asset objects unloaded after import = 3
========================================================================
Received Import Request.
  Time since last request: 0.000147 seconds.
  path: Assets/UI/Dark UI/New Icons/White Friends.png
  artifactKey: Guid(9e0254e4371b102419781fb0aeb42a17) Importer(815301076,1909f56bfc062723c751e8b465ee728b)
Start importing Assets/UI/Dark UI/New Icons/White Friends.png using Guid(9e0254e4371b102419781fb0aeb42a17) Importer(815301076,1909f56bfc062723c751e8b465ee728b) [PhysX] Initialized MultithreadedTaskDispatcher with 8 workers.
WARNING: RGBA Compressed ASTC6X6 UNorm format is not supported, decompressing texture
[PhysX] Initialized MultithreadedTaskDispatcher with 8 workers.
 -> (artifact id: 'cff1a3ab5aa821f2d65eca8604ba67d5') in 0.017496 seconds
Number of updated asset objects reloaded before import = 0
Number of asset objects unloaded after import = 3
========================================================================
Received Import Request.
  Time since last request: 0.000159 seconds.
  path: Assets/UI/Dark UI/New Icons/White Flow Sysmbol.png
  artifactKey: Guid(c6d46eb39cf9ea0478439055ee01b726) Importer(815301076,1909f56bfc062723c751e8b465ee728b)
Start importing Assets/UI/Dark UI/New Icons/White Flow Sysmbol.png using Guid(c6d46eb39cf9ea0478439055ee01b726) Importer(815301076,1909f56bfc062723c751e8b465ee728b) [PhysX] Initialized MultithreadedTaskDispatcher with 8 workers.
WARNING: RGBA Compressed ASTC6X6 UNorm format is not supported, decompressing texture
[PhysX] Initialized MultithreadedTaskDispatcher with 8 workers.
 -> (artifact id: '24948196e23291c6fdf2f4ebcb9b7b4d') in 0.025927 seconds
Number of updated asset objects reloaded before import = 0
Number of asset objects unloaded after import = 3
========================================================================
Received Import Request.
  Time since last request: 0.000074 seconds.
  path: Assets/UI/Dark UI/New Icons/White Fish 1.png
  artifactKey: Guid(1428e5efa3ec7b04c82a6a89209d8b2d) Importer(815301076,1909f56bfc062723c751e8b465ee728b)
Start importing Assets/UI/Dark UI/New Icons/White Fish 1.png using Guid(1428e5efa3ec7b04c82a6a89209d8b2d) Importer(815301076,1909f56bfc062723c751e8b465ee728b) [PhysX] Initialized MultithreadedTaskDispatcher with 8 workers.
WARNING: RGBA Compressed ASTC6X6 UNorm format is not supported, decompressing texture
[PhysX] Initialized MultithreadedTaskDispatcher with 8 workers.
 -> (artifact id: '67c2c954aef1e12d5183ffdbeb7528eb') in 0.023746 seconds
Number of updated asset objects reloaded before import = 0
Number of asset objects unloaded after import = 3
========================================================================
Received Import Request.
  Time since last request: 0.085747 seconds.
  path: Assets/UI/Dark UI/New Icons/White Explosion 2.png
  artifactKey: Guid(c90b04dbb696a8a4bbf77bad043ed21e) Importer(815301076,1909f56bfc062723c751e8b465ee728b)
Start importing Assets/UI/Dark UI/New Icons/White Explosion 2.png using Guid(c90b04dbb696a8a4bbf77bad043ed21e) Importer(815301076,1909f56bfc062723c751e8b465ee728b) [PhysX] Initialized MultithreadedTaskDispatcher with 8 workers.
WARNING: RGBA Compressed ASTC6X6 UNorm format is not supported, decompressing texture
[PhysX] Initialized MultithreadedTaskDispatcher with 8 workers.
 -> (artifact id: '44a7c40b24c8aba53156928e60b19dce') in 0.021235 seconds
Number of updated asset objects reloaded before import = 0
Number of asset objects unloaded after import = 3
========================================================================
Received Import Request.
  Time since last request: 0.380344 seconds.
  path: Assets/UI/Dark UI/New Icons/White Dice.png
  artifactKey: Guid(64db32877a71c0540a452131b164cd4c) Importer(815301076,1909f56bfc062723c751e8b465ee728b)
Start importing Assets/UI/Dark UI/New Icons/White Dice.png using Guid(64db32877a71c0540a452131b164cd4c) Importer(815301076,1909f56bfc062723c751e8b465ee728b) [PhysX] Initialized MultithreadedTaskDispatcher with 8 workers.
WARNING: RGBA Compressed ASTC6X6 UNorm format is not supported, decompressing texture
[PhysX] Initialized MultithreadedTaskDispatcher with 8 workers.
 -> (artifact id: '6962eb963923978d5495a0f4c519ad20') in 0.018002 seconds
Number of updated asset objects reloaded before import = 0
Number of asset objects unloaded after import = 3
========================================================================
Received Import Request.
  Time since last request: 0.032484 seconds.
  path: Assets/UI/Dark UI/New Icons/White Cycle.png
  artifactKey: Guid(94c7e2ea147841740a2ddab55760dde4) Importer(815301076,1909f56bfc062723c751e8b465ee728b)
Start importing Assets/UI/Dark UI/New Icons/White Cycle.png using Guid(94c7e2ea147841740a2ddab55760dde4) Importer(815301076,1909f56bfc062723c751e8b465ee728b) [PhysX] Initialized MultithreadedTaskDispatcher with 8 workers.
WARNING: RGBA Compressed ASTC6X6 UNorm format is not supported, decompressing texture
[PhysX] Initialized MultithreadedTaskDispatcher with 8 workers.
 -> (artifact id: '53a9c6d9255d69c9e3b82273d0539660') in 0.018252 seconds
Number of updated asset objects reloaded before import = 0
Number of asset objects unloaded after import = 3
========================================================================
Received Import Request.
  Time since last request: 0.008840 seconds.
  path: Assets/UI/Dark UI/New Icons/White Crown 2.png
  artifactKey: Guid(4fad12f9cb197e342928d1584051b58b) Importer(815301076,1909f56bfc062723c751e8b465ee728b)
Start importing Assets/UI/Dark UI/New Icons/White Crown 2.png using Guid(4fad12f9cb197e342928d1584051b58b) Importer(815301076,1909f56bfc062723c751e8b465ee728b) [PhysX] Initialized MultithreadedTaskDispatcher with 8 workers.
WARNING: RGBA Compressed ASTC6X6 UNorm format is not supported, decompressing texture
[PhysX] Initialized MultithreadedTaskDispatcher with 8 workers.
 -> (artifact id: 'cd9a49f2b1728e11af10ebc878506772') in 0.020008 seconds
Number of updated asset objects reloaded before import = 0
Number of asset objects unloaded after import = 3
========================================================================
Received Import Request.
  Time since last request: 23.791500 seconds.
  path: Assets/Texture/RF Castle/Animated/lightB02.png
  artifactKey: Guid(f839d91505d1239419b49813edd167cb) Importer(815301076,1909f56bfc062723c751e8b465ee728b)
Start importing Assets/Texture/RF Castle/Animated/lightB02.png using Guid(f839d91505d1239419b49813edd167cb) Importer(815301076,1909f56bfc062723c751e8b465ee728b) [PhysX] Initialized MultithreadedTaskDispatcher with 8 workers.
[PhysX] Initialized MultithreadedTaskDispatcher with 8 workers.
 -> (artifact id: '6863d0c5a133669ce8c01ef5344fbbbf') in 0.014239 seconds
Number of updated asset objects reloaded before import = 0
Number of asset objects unloaded after import = 3
========================================================================
Received Import Request.
  Time since last request: 0.000064 seconds.
  path: Assets/Texture/RF Castle/Animated/lightA02.png
  artifactKey: Guid(ad339aa190bf36044aabbaad3c69d047) Importer(815301076,1909f56bfc062723c751e8b465ee728b)
Start importing Assets/Texture/RF Castle/Animated/lightA02.png using Guid(ad339aa190bf36044aabbaad3c69d047) Importer(815301076,1909f56bfc062723c751e8b465ee728b) [PhysX] Initialized MultithreadedTaskDispatcher with 8 workers.
[PhysX] Initialized MultithreadedTaskDispatcher with 8 workers.
 -> (artifact id: 'd6e99eae3ba549bf12eef7b3c389fcf7') in 0.013894 seconds
Number of updated asset objects reloaded before import = 0
Number of asset objects unloaded after import = 3
========================================================================
Received Import Request.
  Time since last request: 0.000066 seconds.
  path: Assets/Texture/RF Castle/Animated/lightB01.png
  artifactKey: Guid(3e9496b1781d224478f1524c4f508f82) Importer(815301076,1909f56bfc062723c751e8b465ee728b)
Start importing Assets/Texture/RF Castle/Animated/lightB01.png using Guid(3e9496b1781d224478f1524c4f508f82) Importer(815301076,1909f56bfc062723c751e8b465ee728b) [PhysX] Initialized MultithreadedTaskDispatcher with 8 workers.
[PhysX] Initialized MultithreadedTaskDispatcher with 8 workers.
 -> (artifact id: '4ac867b06edc478aba2fd634d7038ae3') in 0.014393 seconds
Number of updated asset objects reloaded before import = 0
Number of asset objects unloaded after import = 3
========================================================================
Received Prepare
Caller must complete domain reload
 #0 GetStacktrace(int)
 #1 DebugStringToFile(DebugStringToFileData const&)
 #2 AssertImplementation(int, char const*, int, int, char const*)
 #3 Internal_ADB_WorkerOnly_DomainReload(AssemblyLoadReason)
 #4 WorkerDomainReloadV2()
 #5 AssetImportWorkerClient::ReloadMonoDomain(AssetResolver&)
 #6 invocation function for block in AssetImportWorkerClient::HandleMessage(PrepareMessage const&)::$_4::operator()() const
 #7 _dispatch_client_callout
 #8 _dispatch_async_and_wait_invoke
 #9 _dispatch_client_callout
 #10 _dispatch_main_queue_drain
 #11 _dispatch_main_queue_callback_4CF
 #12 __CFRUNLOOP_IS_SERVICING_THE_MAIN_DISPATCH_QUEUE__
 #13 __CFRunLoopRun
 #14 CFRunLoopRunSpecific
 #15 RunCurrentEventLoopInMode
 #16 ReceiveNextEventCommon
 #17 _BlockUntilNextEventMatchingListInModeWithFilter
 #18 _DPSNextEvent
 #19 -[NSApplication(NSEvent) _nextEventMatchingEventMask:untilDate:inMode:dequeue:]
 #20 -[NSApplication run]
 #21 NSApplicationMain
 #22 EditorMain(int, char const**)
 #23 main
 #24 start

Begin MonoManager ReloadAssembly
- Loaded All Assemblies, in  0.828 seconds
Native extension for WindowsStandalone target not found
Native extension for iOS target not found
Native extension for Android target not found
Native extension for OSXStandalone target not found
Mono: successfully reloaded assembly
[Package Manager] Server::EnsureServerProcessIsRunning -- launch failed, reason: Unity was launched with the -noUpm command-line argument
[Package Manager] UpmClient::Send -- Unable to send message (not connected to UPM process).
[Package Manager] Cannot connect to Unity Package Manager local server
- Finished resetting the current domain, in  2.612 seconds
Domain Reload Profiling: 3440ms
	BeginReloadAssembly (273ms)
		ExecutionOrderSort (0ms)
		DisableScriptedObjects (20ms)
		BackupInstance (0ms)
		ReleaseScriptingObjects (0ms)
		CreateAndSetChildDomain (97ms)
	RebuildCommonClasses (71ms)
	RebuildNativeTypeToScriptingClass (22ms)
	initialDomainReloadingComplete (42ms)
	LoadAllAssembliesAndSetupDomain (418ms)
		LoadAssemblies (507ms)
		RebuildTransferFunctionScriptingTraits (0ms)
		AnalyzeDomain (27ms)
			TypeCache.Refresh (9ms)
				TypeCache.ScanAssembly (0ms)
			ScanForSourceGeneratedMonoScriptInfo (0ms)
			ResolveRequiredComponents (14ms)
	FinalizeReload (2613ms)
		ReleaseScriptCaches (0ms)
		RebuildScriptCaches (0ms)
		SetupLoadedEditorAssemblies (1010ms)
			LogAssemblyErrors (0ms)
			InitializePlatformSupportModulesInManaged (61ms)
			SetLoadedEditorAssemblies (14ms)
			RefreshPlugins (0ms)
			BeforeProcessingInitializeOnLoad (155ms)
			ProcessInitializeOnLoadAttributes (693ms)
			ProcessInitializeOnLoadMethodAttributes (84ms)
			AfterProcessingInitializeOnLoad (3ms)
			EditorAssembliesLoaded (1ms)
		ExecutionOrderSort2 (0ms)
		AwakeInstancesAfterBackupRestoration (24ms)
Refreshing native plugins compatible for Editor in 6.13 ms, found 3 plugins.
Preloading 0 native plugins for Editor in 0.00 ms.
Unloading 4320 Unused Serialized files (Serialized files now loaded: 0)
Unloading 19 unused Assets / (31.3 KB). Loaded Objects now: 4876.
Memory consumption went from 228.6 MB to 228.6 MB.
Total: 7.375049 ms (FindLiveObjects: 0.565000 ms CreateObjectMapping: 0.579364 ms MarkObjects: 6.078176 ms  DeleteObjects: 0.151235 ms)

Prepare: number of updated asset objects reloaded= 0
AssetImportParameters requested are different than current active one (requested -> active):
  custom:container-demuxer-ogg: 62fdf1f143b41e24485cea50d1cbac27 -> 
  custom:scripting/monoscript/fileName/Rumble Toggle.cs: 9255d141ced706a64b082180f4b6a5c6 -> 
  custom:video-decoder-ogg-theora: a1e56fd34408186e4bbccfd4996cb3dc -> 
  custom:CustomObjectIndexerAttribute: 9a22284fe3817be447336de3de66b15e -> 
  custom:container-demuxer-webm: 4f35f7cbe854078d1ac9338744f61a02 -> 
  custom:container-muxer-webm: aa71ff27fc2769a1b78a27578f13a17b -> 
  custom:video-decoder-webm-vp8: 9c59270c3fd7afecdb556c50c9e8de78 -> 
  custom:SearchIndexIgnoredProperties: e643bd26f0fe6173181afceb89e7c659 -> 
  custom:AudioImporter_EditorPlatform: 3918e3fc78b5a79bad01e8451be0beb8 -> 
  custom:framework-osx-AVFoundation: e770b220cccbd017edd2c1fefb359320 -> 
  custom:video-encoder-webm-vp8: eb34c28f22e8b96e1ab97ce403110664 -> 
  custom:audio-decoder-ogg-vorbis: bf7c407c2cedff20999df2af8eb42d56 -> 
  custom:audio-encoder-webm-vorbis: bf7c407c2cedff20999df2af8eb42d56 -> 
  custom:scripting/precompiled-assembly-types:Assembly-CSharp: 8a13607b88e969254fdb1fb4056e76e0 -> 975431d59eab3a43bafba41244e6b097
========================================================================
Received Import Request.
  Time since last request: 1324.561777 seconds.
  path: Assets/Scripts/Player/Camouflage/Camouflage.cs
  artifactKey: Guid(492685fa30a354ec8bf66674aeb2f8e4) Importer(815301076,1909f56bfc062723c751e8b465ee728b)
Start importing Assets/Scripts/Player/Camouflage/Camouflage.cs using Guid(492685fa30a354ec8bf66674aeb2f8e4) Importer(815301076,1909f56bfc062723c751e8b465ee728b) [PhysX] Initialized MultithreadedTaskDispatcher with 8 workers.
 -> (artifact id: '93e3e93cc393c76d408735fb9f68995e') in 0.004701 seconds
Number of updated asset objects reloaded before import = 0
Number of asset objects unloaded after import = 0
========================================================================
Received Prepare
Caller must complete domain reload
 #0 GetStacktrace(int)
 #1 DebugStringToFile(DebugStringToFileData const&)
 #2 AssertImplementation(int, char const*, int, int, char const*)
 #3 Internal_ADB_WorkerOnly_DomainReload(AssemblyLoadReason)
 #4 WorkerDomainReloadV2()
 #5 AssetImportWorkerClient::ReloadMonoDomain(AssetResolver&)
 #6 invocation function for block in AssetImportWorkerClient::HandleMessage(PrepareMessage const&)::$_4::operator()() const
 #7 _dispatch_client_callout
 #8 _dispatch_async_and_wait_invoke
 #9 _dispatch_client_callout
 #10 _dispatch_main_queue_drain
 #11 _dispatch_main_queue_callback_4CF
 #12 __CFRUNLOOP_IS_SERVICING_THE_MAIN_DISPATCH_QUEUE__
 #13 __CFRunLoopRun
 #14 CFRunLoopRunSpecific
 #15 RunCurrentEventLoopInMode
 #16 ReceiveNextEventCommon
 #17 _BlockUntilNextEventMatchingListInModeWithFilter
 #18 _DPSNextEvent
 #19 -[NSApplication(NSEvent) _nextEventMatchingEventMask:untilDate:inMode:dequeue:]
 #20 -[NSApplication run]
 #21 NSApplicationMain
 #22 EditorMain(int, char const**)
 #23 main
 #24 start

Begin MonoManager ReloadAssembly
- Loaded All Assemblies, in  1.110 seconds
Native extension for WindowsStandalone target not found
Native extension for iOS target not found
Native extension for Android target not found
Native extension for OSXStandalone target not found
Mono: successfully reloaded assembly
[Package Manager] Server::EnsureServerProcessIsRunning -- launch failed, reason: Unity was launched with the -noUpm command-line argument
[Package Manager] UpmClient::Send -- Unable to send message (not connected to UPM process).
[Package Manager] Cannot connect to Unity Package Manager local server
- Finished resetting the current domain, in  2.636 seconds
Domain Reload Profiling: 3744ms
	BeginReloadAssembly (289ms)
		ExecutionOrderSort (0ms)
		DisableScriptedObjects (27ms)
		BackupInstance (0ms)
		ReleaseScriptingObjects (0ms)
		CreateAndSetChildDomain (99ms)
	RebuildCommonClasses (75ms)
	RebuildNativeTypeToScriptingClass (25ms)
	initialDomainReloadingComplete (50ms)
	LoadAllAssembliesAndSetupDomain (670ms)
		LoadAssemblies (722ms)
		RebuildTransferFunctionScriptingTraits (0ms)
		AnalyzeDomain (66ms)
			TypeCache.Refresh (21ms)
				TypeCache.ScanAssembly (5ms)
			ScanForSourceGeneratedMonoScriptInfo (27ms)
			ResolveRequiredComponents (14ms)
	FinalizeReload (2637ms)
		ReleaseScriptCaches (0ms)
		RebuildScriptCaches (0ms)
		SetupLoadedEditorAssemblies (946ms)
			LogAssemblyErrors (0ms)
			InitializePlatformSupportModulesInManaged (73ms)
			SetLoadedEditorAssemblies (11ms)
			RefreshPlugins (0ms)
			BeforeProcessingInitializeOnLoad (144ms)
			ProcessInitializeOnLoadAttributes (635ms)
			ProcessInitializeOnLoadMethodAttributes (79ms)
			AfterProcessingInitializeOnLoad (3ms)
			EditorAssembliesLoaded (1ms)
		ExecutionOrderSort2 (0ms)
		AwakeInstancesAfterBackupRestoration (24ms)
Refreshing native plugins compatible for Editor in 5.08 ms, found 3 plugins.
Preloading 0 native plugins for Editor in 0.00 ms.
Unloading 4320 Unused Serialized files (Serialized files now loaded: 0)
Unloading 19 unused Assets / (31.4 KB). Loaded Objects now: 4880.
Memory consumption went from 233.2 MB to 233.2 MB.
Total: 6.094702 ms (FindLiveObjects: 0.417573 ms CreateObjectMapping: 0.463565 ms MarkObjects: 5.143805 ms  DeleteObjects: 0.068335 ms)

Prepare: number of updated asset objects reloaded= 0
AssetImportParameters requested are different than current active one (requested -> active):
  custom:container-demuxer-ogg: 62fdf1f143b41e24485cea50d1cbac27 -> 
  custom:scripting/monoscript/fileName/Rumble Toggle.cs: 9255d141ced706a64b082180f4b6a5c6 -> 
  custom:video-decoder-ogg-theora: a1e56fd34408186e4bbccfd4996cb3dc -> 
  custom:CustomObjectIndexerAttribute: 9a22284fe3817be447336de3de66b15e -> 
  custom:container-demuxer-webm: 4f35f7cbe854078d1ac9338744f61a02 -> 
  custom:container-muxer-webm: aa71ff27fc2769a1b78a27578f13a17b -> 
  custom:video-decoder-webm-vp8: 9c59270c3fd7afecdb556c50c9e8de78 -> 
  custom:SearchIndexIgnoredProperties: e643bd26f0fe6173181afceb89e7c659 -> 
  custom:AudioImporter_EditorPlatform: 3918e3fc78b5a79bad01e8451be0beb8 -> 
  custom:framework-osx-AVFoundation: e770b220cccbd017edd2c1fefb359320 -> 
  custom:video-encoder-webm-vp8: eb34c28f22e8b96e1ab97ce403110664 -> 
  custom:audio-decoder-ogg-vorbis: bf7c407c2cedff20999df2af8eb42d56 -> 
  custom:audio-encoder-webm-vorbis: bf7c407c2cedff20999df2af8eb42d56 -> 
  custom:scripting/precompiled-assembly-types:Assembly-CSharp: 8a13607b88e969254fdb1fb4056e76e0 -> 975431d59eab3a43bafba41244e6b097
========================================================================
Received Prepare
Caller must complete domain reload
 #0 GetStacktrace(int)
 #1 DebugStringToFile(DebugStringToFileData const&)
 #2 AssertImplementation(int, char const*, int, int, char const*)
 #3 Internal_ADB_WorkerOnly_DomainReload(AssemblyLoadReason)
 #4 WorkerDomainReloadV2()
 #5 AssetImportWorkerClient::ReloadMonoDomain(AssetResolver&)
 #6 invocation function for block in AssetImportWorkerClient::HandleMessage(PrepareMessage const&)::$_4::operator()() const
 #7 _dispatch_client_callout
 #8 _dispatch_async_and_wait_invoke
 #9 _dispatch_client_callout
 #10 _dispatch_main_queue_drain
 #11 _dispatch_main_queue_callback_4CF
 #12 __CFRUNLOOP_IS_SERVICING_THE_MAIN_DISPATCH_QUEUE__
 #13 __CFRunLoopRun
 #14 CFRunLoopRunSpecific
 #15 RunCurrentEventLoopInMode
 #16 ReceiveNextEventCommon
 #17 _BlockUntilNextEventMatchingListInModeWithFilter
 #18 _DPSNextEvent
 #19 -[NSApplication(NSEvent) _nextEventMatchingEventMask:untilDate:inMode:dequeue:]
 #20 -[NSApplication run]
 #21 NSApplicationMain
 #22 EditorMain(int, char const**)
 #23 main
 #24 start

Begin MonoManager ReloadAssembly
- Loaded All Assemblies, in  0.771 seconds
Native extension for WindowsStandalone target not found
Native extension for iOS target not found
Native extension for Android target not found
Native extension for OSXStandalone target not found
Mono: successfully reloaded assembly
[Package Manager] Server::EnsureServerProcessIsRunning -- launch failed, reason: Unity was launched with the -noUpm command-line argument
[Package Manager] UpmClient::Send -- Unable to send message (not connected to UPM process).
[Package Manager] Cannot connect to Unity Package Manager local server
- Finished resetting the current domain, in  1.513 seconds
Domain Reload Profiling: 2284ms
	BeginReloadAssembly (248ms)
		ExecutionOrderSort (0ms)
		DisableScriptedObjects (20ms)
		BackupInstance (0ms)
		ReleaseScriptingObjects (0ms)
		CreateAndSetChildDomain (80ms)
	RebuildCommonClasses (65ms)
	RebuildNativeTypeToScriptingClass (22ms)
	initialDomainReloadingComplete (42ms)
	LoadAllAssembliesAndSetupDomain (393ms)
		LoadAssemblies (471ms)
		RebuildTransferFunctionScriptingTraits (0ms)
		AnalyzeDomain (30ms)
			TypeCache.Refresh (10ms)
				TypeCache.ScanAssembly (0ms)
			ScanForSourceGeneratedMonoScriptInfo (0ms)
			ResolveRequiredComponents (15ms)
	FinalizeReload (1514ms)
		ReleaseScriptCaches (0ms)
		RebuildScriptCaches (0ms)
		SetupLoadedEditorAssemblies (777ms)
			LogAssemblyErrors (0ms)
			InitializePlatformSupportModulesInManaged (51ms)
			SetLoadedEditorAssemblies (9ms)
			RefreshPlugins (0ms)
			BeforeProcessingInitializeOnLoad (117ms)
			ProcessInitializeOnLoadAttributes (517ms)
			ProcessInitializeOnLoadMethodAttributes (80ms)
			AfterProcessingInitializeOnLoad (3ms)
			EditorAssembliesLoaded (0ms)
		ExecutionOrderSort2 (0ms)
		AwakeInstancesAfterBackupRestoration (21ms)
Refreshing native plugins compatible for Editor in 6.75 ms, found 3 plugins.
Preloading 0 native plugins for Editor in 0.00 ms.
Unloading 4321 Unused Serialized files (Serialized files now loaded: 0)
Unloading 19 unused Assets / (31.3 KB). Loaded Objects now: 4884.
Memory consumption went from 237.8 MB to 237.8 MB.
Total: 7.026701 ms (FindLiveObjects: 0.519172 ms CreateObjectMapping: 0.641054 ms MarkObjects: 5.799307 ms  DeleteObjects: 0.065101 ms)

Prepare: number of updated asset objects reloaded= 0
AssetImportParameters requested are different than current active one (requested -> active):
  custom:container-demuxer-ogg: 62fdf1f143b41e24485cea50d1cbac27 -> 
  custom:scripting/monoscript/fileName/Rumble Toggle.cs: 9255d141ced706a64b082180f4b6a5c6 -> 
  custom:video-decoder-ogg-theora: a1e56fd34408186e4bbccfd4996cb3dc -> 
  custom:CustomObjectIndexerAttribute: 9a22284fe3817be447336de3de66b15e -> 
  custom:container-demuxer-webm: 4f35f7cbe854078d1ac9338744f61a02 -> 
  custom:container-muxer-webm: aa71ff27fc2769a1b78a27578f13a17b -> 
  custom:video-decoder-webm-vp8: 9c59270c3fd7afecdb556c50c9e8de78 -> 
  custom:SearchIndexIgnoredProperties: e643bd26f0fe6173181afceb89e7c659 -> 
  custom:AudioImporter_EditorPlatform: 3918e3fc78b5a79bad01e8451be0beb8 -> 
  custom:framework-osx-AVFoundation: e770b220cccbd017edd2c1fefb359320 -> 
  custom:video-encoder-webm-vp8: eb34c28f22e8b96e1ab97ce403110664 -> 
  custom:audio-decoder-ogg-vorbis: bf7c407c2cedff20999df2af8eb42d56 -> 
  custom:audio-encoder-webm-vorbis: bf7c407c2cedff20999df2af8eb42d56 -> 
  custom:scripting/precompiled-assembly-types:Assembly-CSharp: 8a13607b88e969254fdb1fb4056e76e0 -> 975431d59eab3a43bafba41244e6b097
========================================================================
Received Prepare
Caller must complete domain reload
 #0 GetStacktrace(int)
 #1 DebugStringToFile(DebugStringToFileData const&)
 #2 AssertImplementation(int, char const*, int, int, char const*)
 #3 Internal_ADB_WorkerOnly_DomainReload(AssemblyLoadReason)
 #4 WorkerDomainReloadV2()
 #5 AssetImportWorkerClient::ReloadMonoDomain(AssetResolver&)
 #6 invocation function for block in AssetImportWorkerClient::HandleMessage(PrepareMessage const&)::$_4::operator()() const
 #7 _dispatch_client_callout
 #8 _dispatch_async_and_wait_invoke
 #9 _dispatch_client_callout
 #10 _dispatch_main_queue_drain
 #11 _dispatch_main_queue_callback_4CF
 #12 __CFRUNLOOP_IS_SERVICING_THE_MAIN_DISPATCH_QUEUE__
 #13 __CFRunLoopRun
 #14 CFRunLoopRunSpecific
 #15 RunCurrentEventLoopInMode
 #16 ReceiveNextEventCommon
 #17 _BlockUntilNextEventMatchingListInModeWithFilter
 #18 _DPSNextEvent
 #19 -[NSApplication(NSEvent) _nextEventMatchingEventMask:untilDate:inMode:dequeue:]
 #20 -[NSApplication run]
 #21 NSApplicationMain
 #22 EditorMain(int, char const**)
 #23 main
 #24 start

Begin MonoManager ReloadAssembly
- Loaded All Assemblies, in  0.768 seconds
Native extension for WindowsStandalone target not found
Native extension for iOS target not found
Native extension for Android target not found
Native extension for OSXStandalone target not found
Mono: successfully reloaded assembly
[Package Manager] Server::EnsureServerProcessIsRunning -- launch failed, reason: Unity was launched with the -noUpm command-line argument
[Package Manager] UpmClient::Send -- Unable to send message (not connected to UPM process).
[Package Manager] Cannot connect to Unity Package Manager local server
- Finished resetting the current domain, in  1.524 seconds
Domain Reload Profiling: 2292ms
	BeginReloadAssembly (252ms)
		ExecutionOrderSort (0ms)
		DisableScriptedObjects (23ms)
		BackupInstance (0ms)
		ReleaseScriptingObjects (0ms)
		CreateAndSetChildDomain (80ms)
	RebuildCommonClasses (65ms)
	RebuildNativeTypeToScriptingClass (21ms)
	initialDomainReloadingComplete (41ms)
	LoadAllAssembliesAndSetupDomain (388ms)
		LoadAssemblies (463ms)
		RebuildTransferFunctionScriptingTraits (0ms)
		AnalyzeDomain (34ms)
			TypeCache.Refresh (11ms)
				TypeCache.ScanAssembly (0ms)
			ScanForSourceGeneratedMonoScriptInfo (0ms)
			ResolveRequiredComponents (17ms)
	FinalizeReload (1525ms)
		ReleaseScriptCaches (0ms)
		RebuildScriptCaches (0ms)
		SetupLoadedEditorAssemblies (797ms)
			LogAssemblyErrors (0ms)
			InitializePlatformSupportModulesInManaged (57ms)
			SetLoadedEditorAssemblies (9ms)
			RefreshPlugins (0ms)
			BeforeProcessingInitializeOnLoad (115ms)
			ProcessInitializeOnLoadAttributes (533ms)
			ProcessInitializeOnLoadMethodAttributes (78ms)
			AfterProcessingInitializeOnLoad (3ms)
			EditorAssembliesLoaded (1ms)
		ExecutionOrderSort2 (0ms)
		AwakeInstancesAfterBackupRestoration (23ms)
Refreshing native plugins compatible for Editor in 7.17 ms, found 3 plugins.
Preloading 0 native plugins for Editor in 0.00 ms.
Unloading 4321 Unused Serialized files (Serialized files now loaded: 0)
Unloading 19 unused Assets / (31.4 KB). Loaded Objects now: 4888.
Memory consumption went from 242.2 MB to 242.2 MB.
Total: 7.327269 ms (FindLiveObjects: 0.438144 ms CreateObjectMapping: 0.534456 ms MarkObjects: 6.288589 ms  DeleteObjects: 0.064459 ms)

Prepare: number of updated asset objects reloaded= 0
AssetImportParameters requested are different than current active one (requested -> active):
  custom:container-demuxer-ogg: 62fdf1f143b41e24485cea50d1cbac27 -> 
  custom:scripting/monoscript/fileName/Rumble Toggle.cs: 9255d141ced706a64b082180f4b6a5c6 -> 
  custom:video-decoder-ogg-theora: a1e56fd34408186e4bbccfd4996cb3dc -> 
  custom:CustomObjectIndexerAttribute: 9a22284fe3817be447336de3de66b15e -> 
  custom:container-demuxer-webm: 4f35f7cbe854078d1ac9338744f61a02 -> 
  custom:container-muxer-webm: aa71ff27fc2769a1b78a27578f13a17b -> 
  custom:video-decoder-webm-vp8: 9c59270c3fd7afecdb556c50c9e8de78 -> 
  custom:SearchIndexIgnoredProperties: e643bd26f0fe6173181afceb89e7c659 -> 
  custom:AudioImporter_EditorPlatform: 3918e3fc78b5a79bad01e8451be0beb8 -> 
  custom:framework-osx-AVFoundation: e770b220cccbd017edd2c1fefb359320 -> 
  custom:video-encoder-webm-vp8: eb34c28f22e8b96e1ab97ce403110664 -> 
  custom:audio-decoder-ogg-vorbis: bf7c407c2cedff20999df2af8eb42d56 -> 
  custom:audio-encoder-webm-vorbis: bf7c407c2cedff20999df2af8eb42d56 -> 
  custom:scripting/precompiled-assembly-types:Assembly-CSharp: 8a13607b88e969254fdb1fb4056e76e0 -> 975431d59eab3a43bafba41244e6b097
========================================================================
Received Prepare
Caller must complete domain reload
 #0 GetStacktrace(int)
 #1 DebugStringToFile(DebugStringToFileData const&)
 #2 AssertImplementation(int, char const*, int, int, char const*)
 #3 Internal_ADB_WorkerOnly_DomainReload(AssemblyLoadReason)
 #4 WorkerDomainReloadV2()
 #5 AssetImportWorkerClient::ReloadMonoDomain(AssetResolver&)
 #6 invocation function for block in AssetImportWorkerClient::HandleMessage(PrepareMessage const&)::$_4::operator()() const
 #7 _dispatch_client_callout
 #8 _dispatch_async_and_wait_invoke
 #9 _dispatch_client_callout
 #10 _dispatch_main_queue_drain
 #11 _dispatch_main_queue_callback_4CF
 #12 __CFRUNLOOP_IS_SERVICING_THE_MAIN_DISPATCH_QUEUE__
 #13 __CFRunLoopRun
 #14 CFRunLoopRunSpecific
 #15 RunCurrentEventLoopInMode
 #16 ReceiveNextEventCommon
 #17 _BlockUntilNextEventMatchingListInModeWithFilter
 #18 _DPSNextEvent
 #19 -[NSApplication(NSEvent) _nextEventMatchingEventMask:untilDate:inMode:dequeue:]
 #20 -[NSApplication run]
 #21 NSApplicationMain
 #22 EditorMain(int, char const**)
 #23 main
 #24 start

Begin MonoManager ReloadAssembly
- Loaded All Assemblies, in  1.306 seconds
Native extension for WindowsStandalone target not found
Native extension for iOS target not found
Native extension for Android target not found
Native extension for OSXStandalone target not found
Mono: successfully reloaded assembly
[Package Manager] Server::EnsureServerProcessIsRunning -- launch failed, reason: Unity was launched with the -noUpm command-line argument
[Package Manager] UpmClient::Send -- Unable to send message (not connected to UPM process).
[Package Manager] Cannot connect to Unity Package Manager local server
- Finished resetting the current domain, in  2.063 seconds
Domain Reload Profiling: 3369ms
	BeginReloadAssembly (389ms)
		ExecutionOrderSort (0ms)
		DisableScriptedObjects (24ms)
		BackupInstance (0ms)
		ReleaseScriptingObjects (0ms)
		CreateAndSetChildDomain (123ms)
	RebuildCommonClasses (71ms)
	RebuildNativeTypeToScriptingClass (28ms)
	initialDomainReloadingComplete (161ms)
	LoadAllAssembliesAndSetupDomain (656ms)
		LoadAssemblies (794ms)
		RebuildTransferFunctionScriptingTraits (0ms)
		AnalyzeDomain (60ms)
			TypeCache.Refresh (24ms)
				TypeCache.ScanAssembly (3ms)
			ScanForSourceGeneratedMonoScriptInfo (22ms)
			ResolveRequiredComponents (12ms)
	FinalizeReload (2064ms)
		ReleaseScriptCaches (0ms)
		RebuildScriptCaches (0ms)
		SetupLoadedEditorAssemblies (600ms)
			LogAssemblyErrors (0ms)
			InitializePlatformSupportModulesInManaged (43ms)
			SetLoadedEditorAssemblies (7ms)
			RefreshPlugins (0ms)
			BeforeProcessingInitializeOnLoad (87ms)
			ProcessInitializeOnLoadAttributes (413ms)
			ProcessInitializeOnLoadMethodAttributes (48ms)
			AfterProcessingInitializeOnLoad (2ms)
			EditorAssembliesLoaded (0ms)
		ExecutionOrderSort2 (0ms)
		AwakeInstancesAfterBackupRestoration (15ms)
Refreshing native plugins compatible for Editor in 3.89 ms, found 3 plugins.
Preloading 0 native plugins for Editor in 0.00 ms.
Unloading 4321 Unused Serialized files (Serialized files now loaded: 0)
Unloading 19 unused Assets / (31.3 KB). Loaded Objects now: 4892.
Memory consumption went from 246.6 MB to 246.5 MB.
Total: 5.029378 ms (FindLiveObjects: 0.367210 ms CreateObjectMapping: 0.345840 ms MarkObjects: 4.257367 ms  DeleteObjects: 0.057760 ms)

Prepare: number of updated asset objects reloaded= 0
AssetImportParameters requested are different than current active one (requested -> active):
  custom:container-demuxer-ogg: 62fdf1f143b41e24485cea50d1cbac27 -> 
  custom:scripting/monoscript/fileName/Rumble Toggle.cs: 9255d141ced706a64b082180f4b6a5c6 -> 
  custom:video-decoder-ogg-theora: a1e56fd34408186e4bbccfd4996cb3dc -> 
  custom:CustomObjectIndexerAttribute: 9a22284fe3817be447336de3de66b15e -> 
  custom:container-demuxer-webm: 4f35f7cbe854078d1ac9338744f61a02 -> 
  custom:container-muxer-webm: aa71ff27fc2769a1b78a27578f13a17b -> 
  custom:video-decoder-webm-vp8: 9c59270c3fd7afecdb556c50c9e8de78 -> 
  custom:SearchIndexIgnoredProperties: e643bd26f0fe6173181afceb89e7c659 -> 
  custom:AudioImporter_EditorPlatform: 3918e3fc78b5a79bad01e8451be0beb8 -> 
  custom:framework-osx-AVFoundation: e770b220cccbd017edd2c1fefb359320 -> 
  custom:video-encoder-webm-vp8: eb34c28f22e8b96e1ab97ce403110664 -> 
  custom:audio-decoder-ogg-vorbis: bf7c407c2cedff20999df2af8eb42d56 -> 
  custom:audio-encoder-webm-vorbis: bf7c407c2cedff20999df2af8eb42d56 -> 
  custom:scripting/precompiled-assembly-types:Assembly-CSharp: 4118f9efece36469725b6a708a004cfd -> 975431d59eab3a43bafba41244e6b097
========================================================================
Received Prepare
Caller must complete domain reload
 #0 GetStacktrace(int)
 #1 DebugStringToFile(DebugStringToFileData const&)
 #2 AssertImplementation(int, char const*, int, int, char const*)
 #3 Internal_ADB_WorkerOnly_DomainReload(AssemblyLoadReason)
 #4 WorkerDomainReloadV2()
 #5 AssetImportWorkerClient::ReloadMonoDomain(AssetResolver&)
 #6 invocation function for block in AssetImportWorkerClient::HandleMessage(PrepareMessage const&)::$_4::operator()() const
 #7 _dispatch_client_callout
 #8 _dispatch_async_and_wait_invoke
 #9 _dispatch_client_callout
 #10 _dispatch_main_queue_drain
 #11 _dispatch_main_queue_callback_4CF
 #12 __CFRUNLOOP_IS_SERVICING_THE_MAIN_DISPATCH_QUEUE__
 #13 __CFRunLoopRun
 #14 CFRunLoopRunSpecific
 #15 RunCurrentEventLoopInMode
 #16 ReceiveNextEventCommon
 #17 _BlockUntilNextEventMatchingListInModeWithFilter
 #18 _DPSNextEvent
 #19 -[NSApplication(NSEvent) _nextEventMatchingEventMask:untilDate:inMode:dequeue:]
 #20 -[NSApplication run]
 #21 NSApplicationMain
 #22 EditorMain(int, char const**)
 #23 main
 #24 start

Begin MonoManager ReloadAssembly
- Loaded All Assemblies, in  0.857 seconds
Native extension for WindowsStandalone target not found
Native extension for iOS target not found
Native extension for Android target not found
Native extension for OSXStandalone target not found
Mono: successfully reloaded assembly
[Package Manager] Server::EnsureServerProcessIsRunning -- launch failed, reason: Unity was launched with the -noUpm command-line argument
[Package Manager] UpmClient::Send -- Unable to send message (not connected to UPM process).
[Package Manager] Cannot connect to Unity Package Manager local server
- Finished resetting the current domain, in  2.427 seconds
Domain Reload Profiling: 3284ms
	BeginReloadAssembly (218ms)
		ExecutionOrderSort (0ms)
		DisableScriptedObjects (16ms)
		BackupInstance (0ms)
		ReleaseScriptingObjects (0ms)
		CreateAndSetChildDomain (70ms)
	RebuildCommonClasses (59ms)
	RebuildNativeTypeToScriptingClass (18ms)
	initialDomainReloadingComplete (45ms)
	LoadAllAssembliesAndSetupDomain (517ms)
		LoadAssemblies (556ms)
		RebuildTransferFunctionScriptingTraits (0ms)
		AnalyzeDomain (58ms)
			TypeCache.Refresh (26ms)
				TypeCache.ScanAssembly (5ms)
			ScanForSourceGeneratedMonoScriptInfo (17ms)
			ResolveRequiredComponents (11ms)
	FinalizeReload (2428ms)
		ReleaseScriptCaches (0ms)
		RebuildScriptCaches (0ms)
		SetupLoadedEditorAssemblies (638ms)
			LogAssemblyErrors (0ms)
			InitializePlatformSupportModulesInManaged (50ms)
			SetLoadedEditorAssemblies (7ms)
			RefreshPlugins (0ms)
			BeforeProcessingInitializeOnLoad (98ms)
			ProcessInitializeOnLoadAttributes (419ms)
			ProcessInitializeOnLoadMethodAttributes (61ms)
			AfterProcessingInitializeOnLoad (2ms)
			EditorAssembliesLoaded (0ms)
		ExecutionOrderSort2 (0ms)
		AwakeInstancesAfterBackupRestoration (14ms)
Refreshing native plugins compatible for Editor in 3.98 ms, found 3 plugins.
Preloading 0 native plugins for Editor in 0.00 ms.
Unloading 4321 Unused Serialized files (Serialized files now loaded: 0)
Unloading 19 unused Assets / (31.3 KB). Loaded Objects now: 4896.
Memory consumption went from 250.9 MB to 250.9 MB.
Total: 4.945871 ms (FindLiveObjects: 0.401296 ms CreateObjectMapping: 0.416299 ms MarkObjects: 4.064972 ms  DeleteObjects: 0.062040 ms)

Prepare: number of updated asset objects reloaded= 0
AssetImportParameters requested are different than current active one (requested -> active):
  custom:container-demuxer-ogg: 62fdf1f143b41e24485cea50d1cbac27 -> 
  custom:scripting/monoscript/fileName/Rumble Toggle.cs: 9255d141ced706a64b082180f4b6a5c6 -> 
  custom:video-decoder-ogg-theora: a1e56fd34408186e4bbccfd4996cb3dc -> 
  custom:CustomObjectIndexerAttribute: 9a22284fe3817be447336de3de66b15e -> 
  custom:container-demuxer-webm: 4f35f7cbe854078d1ac9338744f61a02 -> 
  custom:container-muxer-webm: aa71ff27fc2769a1b78a27578f13a17b -> 
  custom:video-decoder-webm-vp8: 9c59270c3fd7afecdb556c50c9e8de78 -> 
  custom:SearchIndexIgnoredProperties: e643bd26f0fe6173181afceb89e7c659 -> 
  custom:AudioImporter_EditorPlatform: 3918e3fc78b5a79bad01e8451be0beb8 -> 
  custom:framework-osx-AVFoundation: e770b220cccbd017edd2c1fefb359320 -> 
  custom:video-encoder-webm-vp8: eb34c28f22e8b96e1ab97ce403110664 -> 
  custom:audio-decoder-ogg-vorbis: bf7c407c2cedff20999df2af8eb42d56 -> 
  custom:audio-encoder-webm-vorbis: bf7c407c2cedff20999df2af8eb42d56 -> 
  custom:scripting/precompiled-assembly-types:Assembly-CSharp: 4118f9efece36469725b6a708a004cfd -> 975431d59eab3a43bafba41244e6b097
========================================================================
Received Prepare
Caller must complete domain reload
 #0 GetStacktrace(int)
 #1 DebugStringToFile(DebugStringToFileData const&)
 #2 AssertImplementation(int, char const*, int, int, char const*)
 #3 Internal_ADB_WorkerOnly_DomainReload(AssemblyLoadReason)
 #4 WorkerDomainReloadV2()
 #5 AssetImportWorkerClient::ReloadMonoDomain(AssetResolver&)
 #6 invocation function for block in AssetImportWorkerClient::HandleMessage(PrepareMessage const&)::$_4::operator()() const
 #7 _dispatch_client_callout
 #8 _dispatch_async_and_wait_invoke
 #9 _dispatch_client_callout
 #10 _dispatch_main_queue_drain
 #11 _dispatch_main_queue_callback_4CF
 #12 __CFRUNLOOP_IS_SERVICING_THE_MAIN_DISPATCH_QUEUE__
 #13 __CFRunLoopRun
 #14 CFRunLoopRunSpecific
 #15 RunCurrentEventLoopInMode
 #16 ReceiveNextEventCommon
 #17 _BlockUntilNextEventMatchingListInModeWithFilter
 #18 _DPSNextEvent
 #19 -[NSApplication(NSEvent) _nextEventMatchingEventMask:untilDate:inMode:dequeue:]
 #20 -[NSApplication run]
 #21 NSApplicationMain
 #22 EditorMain(int, char const**)
 #23 main
 #24 start

Begin MonoManager ReloadAssembly
- Loaded All Assemblies, in  0.720 seconds
Native extension for WindowsStandalone target not found
Native extension for iOS target not found
Native extension for Android target not found
Native extension for OSXStandalone target not found
Mono: successfully reloaded assembly
[Package Manager] Server::EnsureServerProcessIsRunning -- launch failed, reason: Unity was launched with the -noUpm command-line argument
[Package Manager] UpmClient::Send -- Unable to send message (not connected to UPM process).
[Package Manager] Cannot connect to Unity Package Manager local server
- Finished resetting the current domain, in  1.999 seconds
Domain Reload Profiling: 2719ms
	BeginReloadAssembly (227ms)
		ExecutionOrderSort (0ms)
		DisableScriptedObjects (19ms)
		BackupInstance (0ms)
		ReleaseScriptingObjects (0ms)
		CreateAndSetChildDomain (75ms)
	RebuildCommonClasses (54ms)
	RebuildNativeTypeToScriptingClass (17ms)
	initialDomainReloadingComplete (34ms)
	LoadAllAssembliesAndSetupDomain (388ms)
		LoadAssemblies (439ms)
		RebuildTransferFunctionScriptingTraits (0ms)
		AnalyzeDomain (47ms)
			TypeCache.Refresh (16ms)
				TypeCache.ScanAssembly (3ms)
			ScanForSourceGeneratedMonoScriptInfo (18ms)
			ResolveRequiredComponents (10ms)
	FinalizeReload (2000ms)
		ReleaseScriptCaches (0ms)
		RebuildScriptCaches (0ms)
		SetupLoadedEditorAssemblies (673ms)
			LogAssemblyErrors (0ms)
			InitializePlatformSupportModulesInManaged (42ms)
			SetLoadedEditorAssemblies (7ms)
			RefreshPlugins (0ms)
			BeforeProcessingInitializeOnLoad (93ms)
			ProcessInitializeOnLoadAttributes (476ms)
			ProcessInitializeOnLoadMethodAttributes (53ms)
			AfterProcessingInitializeOnLoad (2ms)
			EditorAssembliesLoaded (0ms)
		ExecutionOrderSort2 (0ms)
		AwakeInstancesAfterBackupRestoration (15ms)
Refreshing native plugins compatible for Editor in 4.27 ms, found 3 plugins.
Preloading 0 native plugins for Editor in 0.00 ms.
Unloading 4321 Unused Serialized files (Serialized files now loaded: 0)
Unloading 19 unused Assets / (31.3 KB). Loaded Objects now: 4900.
Memory consumption went from 255.3 MB to 255.3 MB.
Total: 4.494224 ms (FindLiveObjects: 0.400957 ms CreateObjectMapping: 0.411533 ms MarkObjects: 3.631791 ms  DeleteObjects: 0.049121 ms)

Prepare: number of updated asset objects reloaded= 0
AssetImportParameters requested are different than current active one (requested -> active):
  custom:container-demuxer-ogg: 62fdf1f143b41e24485cea50d1cbac27 -> 
  custom:scripting/monoscript/fileName/Rumble Toggle.cs: 9255d141ced706a64b082180f4b6a5c6 -> 
  custom:video-decoder-ogg-theora: a1e56fd34408186e4bbccfd4996cb3dc -> 
  custom:CustomObjectIndexerAttribute: 9a22284fe3817be447336de3de66b15e -> 
  custom:container-demuxer-webm: 4f35f7cbe854078d1ac9338744f61a02 -> 
  custom:container-muxer-webm: aa71ff27fc2769a1b78a27578f13a17b -> 
  custom:video-decoder-webm-vp8: 9c59270c3fd7afecdb556c50c9e8de78 -> 
  custom:SearchIndexIgnoredProperties: e643bd26f0fe6173181afceb89e7c659 -> 
  custom:AudioImporter_EditorPlatform: 3918e3fc78b5a79bad01e8451be0beb8 -> 
  custom:framework-osx-AVFoundation: e770b220cccbd017edd2c1fefb359320 -> 
  custom:video-encoder-webm-vp8: eb34c28f22e8b96e1ab97ce403110664 -> 
  custom:audio-decoder-ogg-vorbis: bf7c407c2cedff20999df2af8eb42d56 -> 
  custom:audio-encoder-webm-vorbis: bf7c407c2cedff20999df2af8eb42d56 -> 
  custom:scripting/precompiled-assembly-types:Assembly-CSharp: 4118f9efece36469725b6a708a004cfd -> 975431d59eab3a43bafba41244e6b097
========================================================================
Received Import Request.
  Time since last request: 7697.295785 seconds.
  path: Assets/Scenes/Levels/LevelOne.unity
  artifactKey: Guid(c2be75f7a025b49f28ec61964c1f5bba) Importer(815301076,1909f56bfc062723c751e8b465ee728b)
Start importing Assets/Scenes/Levels/LevelOne.unity using Guid(c2be75f7a025b49f28ec61964c1f5bba) Importer(815301076,1909f56bfc062723c751e8b465ee728b) [PhysX] Initialized MultithreadedTaskDispatcher with 8 workers.
 -> (artifact id: '32c9dcce1da1a10521a3b9f9e72d349e') in 0.014868 seconds
Number of updated asset objects reloaded before import = 0
Number of asset objects unloaded after import = 0
========================================================================
Received Import Request.
  Time since last request: 8.275982 seconds.
  path: Assets/Scenes/Levels/LevelTwo.unity
  artifactKey: Guid(76dbbd45c79fb4784aac9839d0ba0513) Importer(815301076,1909f56bfc062723c751e8b465ee728b)
Start importing Assets/Scenes/Levels/LevelTwo.unity using Guid(76dbbd45c79fb4784aac9839d0ba0513) Importer(815301076,1909f56bfc062723c751e8b465ee728b) [PhysX] Initialized MultithreadedTaskDispatcher with 8 workers.
 -> (artifact id: '3901981f26d9b23e30c6b6b64c8e63bf') in 0.001047 seconds
Number of updated asset objects reloaded before import = 0
Number of asset objects unloaded after import = 0
========================================================================
Received Import Request.
  Time since last request: 19.679799 seconds.
  path: Assets/Scripts/Enemy AI/ConeVision.cs
  artifactKey: Guid(b7e08193f30284816ad6df2788831603) Importer(815301076,1909f56bfc062723c751e8b465ee728b)
Start importing Assets/Scripts/Enemy AI/ConeVision.cs using Guid(b7e08193f30284816ad6df2788831603) Importer(815301076,1909f56bfc062723c751e8b465ee728b) [PhysX] Initialized MultithreadedTaskDispatcher with 8 workers.
 -> (artifact id: '92818029fe08db0b8f18f5af94f4e3b6') in 0.000804 seconds
Number of updated asset objects reloaded before import = 0
Number of asset objects unloaded after import = 0
========================================================================
Received Prepare
Caller must complete domain reload
 #0 GetStacktrace(int)
 #1 DebugStringToFile(DebugStringToFileData const&)
 #2 AssertImplementation(int, char const*, int, int, char const*)
 #3 Internal_ADB_WorkerOnly_DomainReload(AssemblyLoadReason)
 #4 WorkerDomainReloadV2()
 #5 AssetImportWorkerClient::ReloadMonoDomain(AssetResolver&)
 #6 invocation function for block in AssetImportWorkerClient::HandleMessage(PrepareMessage const&)::$_4::operator()() const
 #7 _dispatch_client_callout
 #8 _dispatch_async_and_wait_invoke
 #9 _dispatch_client_callout
 #10 _dispatch_main_queue_drain
 #11 _dispatch_main_queue_callback_4CF
 #12 __CFRUNLOOP_IS_SERVICING_THE_MAIN_DISPATCH_QUEUE__
 #13 __CFRunLoopRun
 #14 CFRunLoopRunSpecific
 #15 RunCurrentEventLoopInMode
 #16 ReceiveNextEventCommon
 #17 _BlockUntilNextEventMatchingListInModeWithFilter
 #18 _DPSNextEvent
 #19 -[NSApplication(NSEvent) _nextEventMatchingEventMask:untilDate:inMode:dequeue:]
 #20 -[NSApplication run]
 #21 NSApplicationMain
 #22 EditorMain(int, char const**)
 #23 main
 #24 start

Begin MonoManager ReloadAssembly
- Loaded All Assemblies, in  0.949 seconds
Native extension for WindowsStandalone target not found
Native extension for iOS target not found
Native extension for Android target not found
Native extension for OSXStandalone target not found
Mono: successfully reloaded assembly
[Package Manager] Server::EnsureServerProcessIsRunning -- launch failed, reason: Unity was launched with the -noUpm command-line argument
[Package Manager] UpmClient::Send -- Unable to send message (not connected to UPM process).
[Package Manager] Cannot connect to Unity Package Manager local server
- Finished resetting the current domain, in  2.339 seconds
Domain Reload Profiling: 3287ms
	BeginReloadAssembly (318ms)
		ExecutionOrderSort (0ms)
		DisableScriptedObjects (23ms)
		BackupInstance (0ms)
		ReleaseScriptingObjects (0ms)
		CreateAndSetChildDomain (123ms)
	RebuildCommonClasses (54ms)
	RebuildNativeTypeToScriptingClass (18ms)
	initialDomainReloadingComplete (54ms)
	LoadAllAssembliesAndSetupDomain (503ms)
		LoadAssemblies (573ms)
		RebuildTransferFunctionScriptingTraits (0ms)
		AnalyzeDomain (60ms)
			TypeCache.Refresh (19ms)
				TypeCache.ScanAssembly (3ms)
			ScanForSourceGeneratedMonoScriptInfo (22ms)
			ResolveRequiredComponents (16ms)
	FinalizeReload (2339ms)
		ReleaseScriptCaches (0ms)
		RebuildScriptCaches (0ms)
		SetupLoadedEditorAssemblies (748ms)
			LogAssemblyErrors (0ms)
			InitializePlatformSupportModulesInManaged (47ms)
			SetLoadedEditorAssemblies (11ms)
			RefreshPlugins (0ms)
			BeforeProcessingInitializeOnLoad (153ms)
			ProcessInitializeOnLoadAttributes (475ms)
			ProcessInitializeOnLoadMethodAttributes (59ms)
			AfterProcessingInitializeOnLoad (2ms)
			EditorAssembliesLoaded (0ms)
		ExecutionOrderSort2 (0ms)
		AwakeInstancesAfterBackupRestoration (15ms)
Refreshing native plugins compatible for Editor in 4.26 ms, found 3 plugins.
Preloading 0 native plugins for Editor in 0.00 ms.
Unloading 4320 Unused Serialized files (Serialized files now loaded: 0)
Unloading 19 unused Assets / (31.2 KB). Loaded Objects now: 4904.
Memory consumption went from 259.6 MB to 259.6 MB.
Total: 6.950291 ms (FindLiveObjects: 0.480230 ms CreateObjectMapping: 0.563415 ms MarkObjects: 5.788953 ms  DeleteObjects: 0.116474 ms)

Prepare: number of updated asset objects reloaded= 0
AssetImportParameters requested are different than current active one (requested -> active):
  custom:container-demuxer-ogg: 62fdf1f143b41e24485cea50d1cbac27 -> 
  custom:scripting/monoscript/fileName/Rumble Toggle.cs: 9255d141ced706a64b082180f4b6a5c6 -> 
  custom:video-decoder-ogg-theora: a1e56fd34408186e4bbccfd4996cb3dc -> 
  custom:CustomObjectIndexerAttribute: 9a22284fe3817be447336de3de66b15e -> 
  custom:container-demuxer-webm: 4f35f7cbe854078d1ac9338744f61a02 -> 
  custom:container-muxer-webm: aa71ff27fc2769a1b78a27578f13a17b -> 
  custom:video-decoder-webm-vp8: 9c59270c3fd7afecdb556c50c9e8de78 -> 
  custom:SearchIndexIgnoredProperties: e643bd26f0fe6173181afceb89e7c659 -> 
  custom:AudioImporter_EditorPlatform: 3918e3fc78b5a79bad01e8451be0beb8 -> 
  custom:framework-osx-AVFoundation: e770b220cccbd017edd2c1fefb359320 -> 
  custom:video-encoder-webm-vp8: eb34c28f22e8b96e1ab97ce403110664 -> 
  custom:audio-decoder-ogg-vorbis: bf7c407c2cedff20999df2af8eb42d56 -> 
  custom:audio-encoder-webm-vorbis: bf7c407c2cedff20999df2af8eb42d56 -> 
  custom:scripting/precompiled-assembly-types:Assembly-CSharp: 4118f9efece36469725b6a708a004cfd -> 975431d59eab3a43bafba41244e6b097
========================================================================
Received Prepare
Caller must complete domain reload
 #0 GetStacktrace(int)
 #1 DebugStringToFile(DebugStringToFileData const&)
 #2 AssertImplementation(int, char const*, int, int, char const*)
 #3 Internal_ADB_WorkerOnly_DomainReload(AssemblyLoadReason)
 #4 WorkerDomainReloadV2()
 #5 AssetImportWorkerClient::ReloadMonoDomain(AssetResolver&)
 #6 invocation function for block in AssetImportWorkerClient::HandleMessage(PrepareMessage const&)::$_4::operator()() const
 #7 _dispatch_client_callout
 #8 _dispatch_async_and_wait_invoke
 #9 _dispatch_client_callout
 #10 _dispatch_main_queue_drain
 #11 _dispatch_main_queue_callback_4CF
 #12 __CFRUNLOOP_IS_SERVICING_THE_MAIN_DISPATCH_QUEUE__
 #13 __CFRunLoopRun
 #14 CFRunLoopRunSpecific
 #15 RunCurrentEventLoopInMode
 #16 ReceiveNextEventCommon
 #17 _BlockUntilNextEventMatchingListInModeWithFilter
 #18 _DPSNextEvent
 #19 -[NSApplication(NSEvent) _nextEventMatchingEventMask:untilDate:inMode:dequeue:]
 #20 -[NSApplication run]
 #21 NSApplicationMain
 #22 EditorMain(int, char const**)
 #23 main
 #24 start

Begin MonoManager ReloadAssembly
- Loaded All Assemblies, in  0.929 seconds
Native extension for WindowsStandalone target not found
Native extension for iOS target not found
Native extension for Android target not found
Native extension for OSXStandalone target not found
Mono: successfully reloaded assembly
[Package Manager] Server::EnsureServerProcessIsRunning -- launch failed, reason: Unity was launched with the -noUpm command-line argument
[Package Manager] UpmClient::Send -- Unable to send message (not connected to UPM process).
[Package Manager] Cannot connect to Unity Package Manager local server
- Finished resetting the current domain, in  1.907 seconds
Domain Reload Profiling: 2835ms
	BeginReloadAssembly (225ms)
		ExecutionOrderSort (0ms)
		DisableScriptedObjects (16ms)
		BackupInstance (0ms)
		ReleaseScriptingObjects (0ms)
		CreateAndSetChildDomain (73ms)
	RebuildCommonClasses (53ms)
	RebuildNativeTypeToScriptingClass (16ms)
	initialDomainReloadingComplete (34ms)
	LoadAllAssembliesAndSetupDomain (600ms)
		LoadAssemblies (643ms)
		RebuildTransferFunctionScriptingTraits (0ms)
		AnalyzeDomain (59ms)
			TypeCache.Refresh (19ms)
				TypeCache.ScanAssembly (3ms)
			ScanForSourceGeneratedMonoScriptInfo (21ms)
			ResolveRequiredComponents (15ms)
	FinalizeReload (1907ms)
		ReleaseScriptCaches (0ms)
		RebuildScriptCaches (0ms)
		SetupLoadedEditorAssemblies (572ms)
			LogAssemblyErrors (0ms)
			InitializePlatformSupportModulesInManaged (46ms)
			SetLoadedEditorAssemblies (7ms)
			RefreshPlugins (0ms)
			BeforeProcessingInitializeOnLoad (88ms)
			ProcessInitializeOnLoadAttributes (384ms)
			ProcessInitializeOnLoadMethodAttributes (46ms)
			AfterProcessingInitializeOnLoad (2ms)
			EditorAssembliesLoaded (0ms)
		ExecutionOrderSort2 (0ms)
		AwakeInstancesAfterBackupRestoration (15ms)
Refreshing native plugins compatible for Editor in 3.86 ms, found 3 plugins.
Preloading 0 native plugins for Editor in 0.00 ms.
Unloading 4321 Unused Serialized files (Serialized files now loaded: 0)
Unloading 19 unused Assets / (31.3 KB). Loaded Objects now: 4908.
Memory consumption went from 264.3 MB to 264.2 MB.
Total: 5.143675 ms (FindLiveObjects: 0.558251 ms CreateObjectMapping: 0.547306 ms MarkObjects: 3.976602 ms  DeleteObjects: 0.060584 ms)

Prepare: number of updated asset objects reloaded= 0
AssetImportParameters requested are different than current active one (requested -> active):
  custom:container-demuxer-ogg: 62fdf1f143b41e24485cea50d1cbac27 -> 
  custom:scripting/monoscript/fileName/Rumble Toggle.cs: 9255d141ced706a64b082180f4b6a5c6 -> 
  custom:video-decoder-ogg-theora: a1e56fd34408186e4bbccfd4996cb3dc -> 
  custom:CustomObjectIndexerAttribute: 9a22284fe3817be447336de3de66b15e -> 
  custom:container-demuxer-webm: 4f35f7cbe854078d1ac9338744f61a02 -> 
  custom:container-muxer-webm: aa71ff27fc2769a1b78a27578f13a17b -> 
  custom:video-decoder-webm-vp8: 9c59270c3fd7afecdb556c50c9e8de78 -> 
  custom:SearchIndexIgnoredProperties: e643bd26f0fe6173181afceb89e7c659 -> 
  custom:AudioImporter_EditorPlatform: 3918e3fc78b5a79bad01e8451be0beb8 -> 
  custom:framework-osx-AVFoundation: e770b220cccbd017edd2c1fefb359320 -> 
  custom:video-encoder-webm-vp8: eb34c28f22e8b96e1ab97ce403110664 -> 
  custom:audio-decoder-ogg-vorbis: bf7c407c2cedff20999df2af8eb42d56 -> 
  custom:audio-encoder-webm-vorbis: bf7c407c2cedff20999df2af8eb42d56 -> 
  custom:scripting/precompiled-assembly-types:Assembly-CSharp: 4118f9efece36469725b6a708a004cfd -> 975431d59eab3a43bafba41244e6b097
========================================================================
Received Prepare
Caller must complete domain reload
 #0 GetStacktrace(int)
 #1 DebugStringToFile(DebugStringToFileData const&)
 #2 AssertImplementation(int, char const*, int, int, char const*)
 #3 Internal_ADB_WorkerOnly_DomainReload(AssemblyLoadReason)
 #4 WorkerDomainReloadV2()
 #5 AssetImportWorkerClient::ReloadMonoDomain(AssetResolver&)
 #6 invocation function for block in AssetImportWorkerClient::HandleMessage(PrepareMessage const&)::$_4::operator()() const
 #7 _dispatch_client_callout
 #8 _dispatch_async_and_wait_invoke
 #9 _dispatch_client_callout
 #10 _dispatch_main_queue_drain
 #11 _dispatch_main_queue_callback_4CF
 #12 __CFRUNLOOP_IS_SERVICING_THE_MAIN_DISPATCH_QUEUE__
 #13 __CFRunLoopRun
 #14 CFRunLoopRunSpecific
 #15 RunCurrentEventLoopInMode
 #16 ReceiveNextEventCommon
 #17 _BlockUntilNextEventMatchingListInModeWithFilter
 #18 _DPSNextEvent
 #19 -[NSApplication(NSEvent) _nextEventMatchingEventMask:untilDate:inMode:dequeue:]
 #20 -[NSApplication run]
 #21 NSApplicationMain
 #22 EditorMain(int, char const**)
 #23 main
 #24 start

Begin MonoManager ReloadAssembly
- Loaded All Assemblies, in  0.944 seconds
Native extension for WindowsStandalone target not found
Native extension for iOS target not found
Native extension for Android target not found
Native extension for OSXStandalone target not found
Mono: successfully reloaded assembly
[Package Manager] Server::EnsureServerProcessIsRunning -- launch failed, reason: Unity was launched with the -noUpm command-line argument
[Package Manager] UpmClient::Send -- Unable to send message (not connected to UPM process).
[Package Manager] Cannot connect to Unity Package Manager local server
- Finished resetting the current domain, in  2.130 seconds
Domain Reload Profiling: 3076ms
	BeginReloadAssembly (289ms)
		ExecutionOrderSort (0ms)
		DisableScriptedObjects (21ms)
		BackupInstance (0ms)
		ReleaseScriptingObjects (0ms)
		CreateAndSetChildDomain (98ms)
	RebuildCommonClasses (53ms)
	RebuildNativeTypeToScriptingClass (17ms)
	initialDomainReloadingComplete (62ms)
	LoadAllAssembliesAndSetupDomain (525ms)
		LoadAssemblies (621ms)
		RebuildTransferFunctionScriptingTraits (0ms)
		AnalyzeDomain (26ms)
			TypeCache.Refresh (10ms)
				TypeCache.ScanAssembly (0ms)
			ScanForSourceGeneratedMonoScriptInfo (0ms)
			ResolveRequiredComponents (11ms)
	FinalizeReload (2131ms)
		ReleaseScriptCaches (0ms)
		RebuildScriptCaches (0ms)
		SetupLoadedEditorAssemblies (705ms)
			LogAssemblyErrors (0ms)
			InitializePlatformSupportModulesInManaged (51ms)
			SetLoadedEditorAssemblies (9ms)
			RefreshPlugins (0ms)
			BeforeProcessingInitializeOnLoad (113ms)
			ProcessInitializeOnLoadAttributes (470ms)
			ProcessInitializeOnLoadMethodAttributes (60ms)
			AfterProcessingInitializeOnLoad (2ms)
			EditorAssembliesLoaded (1ms)
		ExecutionOrderSort2 (0ms)
		AwakeInstancesAfterBackupRestoration (16ms)
Refreshing native plugins compatible for Editor in 4.87 ms, found 3 plugins.
Preloading 0 native plugins for Editor in 0.00 ms.
Unloading 4321 Unused Serialized files (Serialized files now loaded: 0)
Unloading 19 unused Assets / (31.3 KB). Loaded Objects now: 4912.
Memory consumption went from 268.7 MB to 268.6 MB.
Total: 6.159467 ms (FindLiveObjects: 0.473290 ms CreateObjectMapping: 0.531081 ms MarkObjects: 5.035967 ms  DeleteObjects: 0.116453 ms)

Prepare: number of updated asset objects reloaded= 0
AssetImportParameters requested are different than current active one (requested -> active):
  custom:container-demuxer-ogg: 62fdf1f143b41e24485cea50d1cbac27 -> 
  custom:scripting/monoscript/fileName/Rumble Toggle.cs: 9255d141ced706a64b082180f4b6a5c6 -> 
  custom:video-decoder-ogg-theora: a1e56fd34408186e4bbccfd4996cb3dc -> 
  custom:CustomObjectIndexerAttribute: 9a22284fe3817be447336de3de66b15e -> 
  custom:container-demuxer-webm: 4f35f7cbe854078d1ac9338744f61a02 -> 
  custom:container-muxer-webm: aa71ff27fc2769a1b78a27578f13a17b -> 
  custom:video-decoder-webm-vp8: 9c59270c3fd7afecdb556c50c9e8de78 -> 
  custom:SearchIndexIgnoredProperties: e643bd26f0fe6173181afceb89e7c659 -> 
  custom:AudioImporter_EditorPlatform: 3918e3fc78b5a79bad01e8451be0beb8 -> 
  custom:framework-osx-AVFoundation: e770b220cccbd017edd2c1fefb359320 -> 
  custom:video-encoder-webm-vp8: eb34c28f22e8b96e1ab97ce403110664 -> 
  custom:audio-decoder-ogg-vorbis: bf7c407c2cedff20999df2af8eb42d56 -> 
  custom:audio-encoder-webm-vorbis: bf7c407c2cedff20999df2af8eb42d56 -> 
  custom:scripting/precompiled-assembly-types:Assembly-CSharp: 4118f9efece36469725b6a708a004cfd -> 975431d59eab3a43bafba41244e6b097
========================================================================
Received Prepare
Caller must complete domain reload
 #0 GetStacktrace(int)
 #1 DebugStringToFile(DebugStringToFileData const&)
 #2 AssertImplementation(int, char const*, int, int, char const*)
 #3 Internal_ADB_WorkerOnly_DomainReload(AssemblyLoadReason)
 #4 WorkerDomainReloadV2()
 #5 AssetImportWorkerClient::ReloadMonoDomain(AssetResolver&)
 #6 invocation function for block in AssetImportWorkerClient::HandleMessage(PrepareMessage const&)::$_4::operator()() const
 #7 _dispatch_client_callout
 #8 _dispatch_async_and_wait_invoke
 #9 _dispatch_client_callout
 #10 _dispatch_main_queue_drain
 #11 _dispatch_main_queue_callback_4CF
 #12 __CFRUNLOOP_IS_SERVICING_THE_MAIN_DISPATCH_QUEUE__
 #13 __CFRunLoopRun
 #14 CFRunLoopRunSpecific
 #15 RunCurrentEventLoopInMode
 #16 ReceiveNextEventCommon
 #17 _BlockUntilNextEventMatchingListInModeWithFilter
 #18 _DPSNextEvent
 #19 -[NSApplication(NSEvent) _nextEventMatchingEventMask:untilDate:inMode:dequeue:]
 #20 -[NSApplication run]
 #21 NSApplicationMain
 #22 EditorMain(int, char const**)
 #23 main
 #24 start

Begin MonoManager ReloadAssembly
- Loaded All Assemblies, in  0.757 seconds
Native extension for WindowsStandalone target not found
Native extension for iOS target not found
Native extension for Android target not found
Native extension for OSXStandalone target not found
Mono: successfully reloaded assembly
[Package Manager] Server::EnsureServerProcessIsRunning -- launch failed, reason: Unity was launched with the -noUpm command-line argument
[Package Manager] UpmClient::Send -- Unable to send message (not connected to UPM process).
[Package Manager] Cannot connect to Unity Package Manager local server
- Finished resetting the current domain, in  1.994 seconds
Domain Reload Profiling: 2751ms
	BeginReloadAssembly (200ms)
		ExecutionOrderSort (0ms)
		DisableScriptedObjects (16ms)
		BackupInstance (0ms)
		ReleaseScriptingObjects (0ms)
		CreateAndSetChildDomain (66ms)
	RebuildCommonClasses (50ms)
	RebuildNativeTypeToScriptingClass (16ms)
	initialDomainReloadingComplete (32ms)
	LoadAllAssembliesAndSetupDomain (458ms)
		LoadAssemblies (512ms)
		RebuildTransferFunctionScriptingTraits (0ms)
		AnalyzeDomain (31ms)
			TypeCache.Refresh (11ms)
				TypeCache.ScanAssembly (0ms)
			ScanForSourceGeneratedMonoScriptInfo (0ms)
			ResolveRequiredComponents (14ms)
	FinalizeReload (1994ms)
		ReleaseScriptCaches (0ms)
		RebuildScriptCaches (0ms)
		SetupLoadedEditorAssemblies (690ms)
			LogAssemblyErrors (0ms)
			InitializePlatformSupportModulesInManaged (50ms)
			SetLoadedEditorAssemblies (9ms)
			RefreshPlugins (0ms)
			BeforeProcessingInitializeOnLoad (108ms)
			ProcessInitializeOnLoadAttributes (462ms)
			ProcessInitializeOnLoadMethodAttributes (57ms)
			AfterProcessingInitializeOnLoad (2ms)
			EditorAssembliesLoaded (0ms)
		ExecutionOrderSort2 (0ms)
		AwakeInstancesAfterBackupRestoration (16ms)
Refreshing native plugins compatible for Editor in 4.39 ms, found 3 plugins.
Preloading 0 native plugins for Editor in 0.00 ms.
Unloading 4321 Unused Serialized files (Serialized files now loaded: 0)
Unloading 19 unused Assets / (31.3 KB). Loaded Objects now: 4916.
Memory consumption went from 273.0 MB to 273.0 MB.
Total: 5.290240 ms (FindLiveObjects: 0.494154 ms CreateObjectMapping: 0.484668 ms MarkObjects: 4.255225 ms  DeleteObjects: 0.055050 ms)

Prepare: number of updated asset objects reloaded= 0
AssetImportParameters requested are different than current active one (requested -> active):
  custom:container-demuxer-ogg: 62fdf1f143b41e24485cea50d1cbac27 -> 
  custom:scripting/monoscript/fileName/Rumble Toggle.cs: 9255d141ced706a64b082180f4b6a5c6 -> 
  custom:video-decoder-ogg-theora: a1e56fd34408186e4bbccfd4996cb3dc -> 
  custom:CustomObjectIndexerAttribute: 9a22284fe3817be447336de3de66b15e -> 
  custom:container-demuxer-webm: 4f35f7cbe854078d1ac9338744f61a02 -> 
  custom:container-muxer-webm: aa71ff27fc2769a1b78a27578f13a17b -> 
  custom:video-decoder-webm-vp8: 9c59270c3fd7afecdb556c50c9e8de78 -> 
  custom:SearchIndexIgnoredProperties: e643bd26f0fe6173181afceb89e7c659 -> 
  custom:AudioImporter_EditorPlatform: 3918e3fc78b5a79bad01e8451be0beb8 -> 
  custom:framework-osx-AVFoundation: e770b220cccbd017edd2c1fefb359320 -> 
  custom:video-encoder-webm-vp8: eb34c28f22e8b96e1ab97ce403110664 -> 
  custom:audio-decoder-ogg-vorbis: bf7c407c2cedff20999df2af8eb42d56 -> 
  custom:audio-encoder-webm-vorbis: bf7c407c2cedff20999df2af8eb42d56 -> 
  custom:scripting/precompiled-assembly-types:Assembly-CSharp: 4118f9efece36469725b6a708a004cfd -> 975431d59eab3a43bafba41244e6b097
========================================================================
Received Prepare
Caller must complete domain reload
 #0 GetStacktrace(int)
 #1 DebugStringToFile(DebugStringToFileData const&)
 #2 AssertImplementation(int, char const*, int, int, char const*)
 #3 Internal_ADB_WorkerOnly_DomainReload(AssemblyLoadReason)
 #4 WorkerDomainReloadV2()
 #5 AssetImportWorkerClient::ReloadMonoDomain(AssetResolver&)
 #6 invocation function for block in AssetImportWorkerClient::HandleMessage(PrepareMessage const&)::$_4::operator()() const
 #7 _dispatch_client_callout
 #8 _dispatch_async_and_wait_invoke
 #9 _dispatch_client_callout
 #10 _dispatch_main_queue_drain
 #11 _dispatch_main_queue_callback_4CF
 #12 __CFRUNLOOP_IS_SERVICING_THE_MAIN_DISPATCH_QUEUE__
 #13 __CFRunLoopRun
 #14 CFRunLoopRunSpecific
 #15 RunCurrentEventLoopInMode
 #16 ReceiveNextEventCommon
 #17 _BlockUntilNextEventMatchingListInModeWithFilter
 #18 _DPSNextEvent
 #19 -[NSApplication(NSEvent) _nextEventMatchingEventMask:untilDate:inMode:dequeue:]
 #20 -[NSApplication run]
 #21 NSApplicationMain
 #22 EditorMain(int, char const**)
 #23 main
 #24 start

Begin MonoManager ReloadAssembly
- Loaded All Assemblies, in  0.691 seconds
Native extension for WindowsStandalone target not found
Native extension for iOS target not found
Native extension for Android target not found
Native extension for OSXStandalone target not found
Mono: successfully reloaded assembly
[Package Manager] Server::EnsureServerProcessIsRunning -- launch failed, reason: Unity was launched with the -noUpm command-line argument
[Package Manager] UpmClient::Send -- Unable to send message (not connected to UPM process).
[Package Manager] Cannot connect to Unity Package Manager local server
- Finished resetting the current domain, in  1.990 seconds
Domain Reload Profiling: 2681ms
	BeginReloadAssembly (198ms)
		ExecutionOrderSort (0ms)
		DisableScriptedObjects (15ms)
		BackupInstance (0ms)
		ReleaseScriptingObjects (0ms)
		CreateAndSetChildDomain (65ms)
	RebuildCommonClasses (49ms)
	RebuildNativeTypeToScriptingClass (16ms)
	initialDomainReloadingComplete (31ms)
	LoadAllAssembliesAndSetupDomain (396ms)
		LoadAssemblies (459ms)
		RebuildTransferFunctionScriptingTraits (0ms)
		AnalyzeDomain (21ms)
			TypeCache.Refresh (8ms)
				TypeCache.ScanAssembly (0ms)
			ScanForSourceGeneratedMonoScriptInfo (0ms)
			ResolveRequiredComponents (10ms)
	FinalizeReload (1991ms)
		ReleaseScriptCaches (0ms)
		RebuildScriptCaches (0ms)
		SetupLoadedEditorAssemblies (686ms)
			LogAssemblyErrors (0ms)
			InitializePlatformSupportModulesInManaged (48ms)
			SetLoadedEditorAssemblies (8ms)
			RefreshPlugins (0ms)
			BeforeProcessingInitializeOnLoad (104ms)
			ProcessInitializeOnLoadAttributes (464ms)
			ProcessInitializeOnLoadMethodAttributes (59ms)
			AfterProcessingInitializeOnLoad (2ms)
			EditorAssembliesLoaded (0ms)
		ExecutionOrderSort2 (0ms)
		AwakeInstancesAfterBackupRestoration (16ms)
Refreshing native plugins compatible for Editor in 4.43 ms, found 3 plugins.
Preloading 0 native plugins for Editor in 0.00 ms.
Unloading 4321 Unused Serialized files (Serialized files now loaded: 0)
Unloading 19 unused Assets / (31.3 KB). Loaded Objects now: 4920.
Memory consumption went from 277.4 MB to 277.4 MB.
Total: 5.742828 ms (FindLiveObjects: 0.395935 ms CreateObjectMapping: 0.449651 ms MarkObjects: 4.833010 ms  DeleteObjects: 0.063031 ms)

Prepare: number of updated asset objects reloaded= 0
AssetImportParameters requested are different than current active one (requested -> active):
  custom:container-demuxer-ogg: 62fdf1f143b41e24485cea50d1cbac27 -> 
  custom:scripting/monoscript/fileName/Rumble Toggle.cs: 9255d141ced706a64b082180f4b6a5c6 -> 
  custom:video-decoder-ogg-theora: a1e56fd34408186e4bbccfd4996cb3dc -> 
  custom:CustomObjectIndexerAttribute: 9a22284fe3817be447336de3de66b15e -> 
  custom:container-demuxer-webm: 4f35f7cbe854078d1ac9338744f61a02 -> 
  custom:container-muxer-webm: aa71ff27fc2769a1b78a27578f13a17b -> 
  custom:video-decoder-webm-vp8: 9c59270c3fd7afecdb556c50c9e8de78 -> 
  custom:SearchIndexIgnoredProperties: e643bd26f0fe6173181afceb89e7c659 -> 
  custom:AudioImporter_EditorPlatform: 3918e3fc78b5a79bad01e8451be0beb8 -> 
  custom:framework-osx-AVFoundation: e770b220cccbd017edd2c1fefb359320 -> 
  custom:video-encoder-webm-vp8: eb34c28f22e8b96e1ab97ce403110664 -> 
  custom:audio-decoder-ogg-vorbis: bf7c407c2cedff20999df2af8eb42d56 -> 
  custom:audio-encoder-webm-vorbis: bf7c407c2cedff20999df2af8eb42d56 -> 
  custom:scripting/precompiled-assembly-types:Assembly-CSharp: 4118f9efece36469725b6a708a004cfd -> 975431d59eab3a43bafba41244e6b097
========================================================================
Received Prepare
Caller must complete domain reload
 #0 GetStacktrace(int)
 #1 DebugStringToFile(DebugStringToFileData const&)
 #2 AssertImplementation(int, char const*, int, int, char const*)
 #3 Internal_ADB_WorkerOnly_DomainReload(AssemblyLoadReason)
 #4 WorkerDomainReloadV2()
 #5 AssetImportWorkerClient::ReloadMonoDomain(AssetResolver&)
 #6 invocation function for block in AssetImportWorkerClient::HandleMessage(PrepareMessage const&)::$_4::operator()() const
 #7 _dispatch_client_callout
 #8 _dispatch_async_and_wait_invoke
 #9 _dispatch_client_callout
 #10 _dispatch_main_queue_drain
 #11 _dispatch_main_queue_callback_4CF
 #12 __CFRUNLOOP_IS_SERVICING_THE_MAIN_DISPATCH_QUEUE__
 #13 __CFRunLoopRun
 #14 CFRunLoopRunSpecific
 #15 RunCurrentEventLoopInMode
 #16 ReceiveNextEventCommon
 #17 _BlockUntilNextEventMatchingListInModeWithFilter
 #18 _DPSNextEvent
 #19 -[NSApplication(NSEvent) _nextEventMatchingEventMask:untilDate:inMode:dequeue:]
 #20 -[NSApplication run]
 #21 NSApplicationMain
 #22 EditorMain(int, char const**)
 #23 main
 #24 start

Begin MonoManager ReloadAssembly
- Loaded All Assemblies, in  0.627 seconds
Native extension for WindowsStandalone target not found
Native extension for iOS target not found
Native extension for Android target not found
Native extension for OSXStandalone target not found
Mono: successfully reloaded assembly
[Package Manager] Server::EnsureServerProcessIsRunning -- launch failed, reason: Unity was launched with the -noUpm command-line argument
[Package Manager] UpmClient::Send -- Unable to send message (not connected to UPM process).
[Package Manager] Cannot connect to Unity Package Manager local server
- Finished resetting the current domain, in  1.185 seconds
Domain Reload Profiling: 1812ms
	BeginReloadAssembly (206ms)
		ExecutionOrderSort (0ms)
		DisableScriptedObjects (15ms)
		BackupInstance (0ms)
		ReleaseScriptingObjects (0ms)
		CreateAndSetChildDomain (67ms)
	RebuildCommonClasses (52ms)
	RebuildNativeTypeToScriptingClass (16ms)
	initialDomainReloadingComplete (31ms)
	LoadAllAssembliesAndSetupDomain (322ms)
		LoadAssemblies (383ms)
		RebuildTransferFunctionScriptingTraits (0ms)
		AnalyzeDomain (23ms)
			TypeCache.Refresh (8ms)
				TypeCache.ScanAssembly (0ms)
			ScanForSourceGeneratedMonoScriptInfo (0ms)
			ResolveRequiredComponents (10ms)
	FinalizeReload (1186ms)
		ReleaseScriptCaches (0ms)
		RebuildScriptCaches (0ms)
		SetupLoadedEditorAssemblies (642ms)
			LogAssemblyErrors (0ms)
			InitializePlatformSupportModulesInManaged (41ms)
			SetLoadedEditorAssemblies (9ms)
			RefreshPlugins (0ms)
			BeforeProcessingInitializeOnLoad (99ms)
			ProcessInitializeOnLoadAttributes (431ms)
			ProcessInitializeOnLoadMethodAttributes (60ms)
			AfterProcessingInitializeOnLoad (2ms)
			EditorAssembliesLoaded (1ms)
		ExecutionOrderSort2 (0ms)
		AwakeInstancesAfterBackupRestoration (16ms)
Refreshing native plugins compatible for Editor in 4.46 ms, found 3 plugins.
Preloading 0 native plugins for Editor in 0.00 ms.
Unloading 4321 Unused Serialized files (Serialized files now loaded: 0)
Unloading 19 unused Assets / (31.2 KB). Loaded Objects now: 4924.
Memory consumption went from 281.7 MB to 281.7 MB.
Total: 5.943907 ms (FindLiveObjects: 0.414367 ms CreateObjectMapping: 0.479416 ms MarkObjects: 4.994307 ms  DeleteObjects: 0.054717 ms)

Prepare: number of updated asset objects reloaded= 0
AssetImportParameters requested are different than current active one (requested -> active):
  custom:container-demuxer-ogg: 62fdf1f143b41e24485cea50d1cbac27 -> 
  custom:scripting/monoscript/fileName/Rumble Toggle.cs: 9255d141ced706a64b082180f4b6a5c6 -> 
  custom:video-decoder-ogg-theora: a1e56fd34408186e4bbccfd4996cb3dc -> 
  custom:CustomObjectIndexerAttribute: 9a22284fe3817be447336de3de66b15e -> 
  custom:container-demuxer-webm: 4f35f7cbe854078d1ac9338744f61a02 -> 
  custom:container-muxer-webm: aa71ff27fc2769a1b78a27578f13a17b -> 
  custom:video-decoder-webm-vp8: 9c59270c3fd7afecdb556c50c9e8de78 -> 
  custom:SearchIndexIgnoredProperties: e643bd26f0fe6173181afceb89e7c659 -> 
  custom:AudioImporter_EditorPlatform: 3918e3fc78b5a79bad01e8451be0beb8 -> 
  custom:framework-osx-AVFoundation: e770b220cccbd017edd2c1fefb359320 -> 
  custom:video-encoder-webm-vp8: eb34c28f22e8b96e1ab97ce403110664 -> 
  custom:audio-decoder-ogg-vorbis: bf7c407c2cedff20999df2af8eb42d56 -> 
  custom:audio-encoder-webm-vorbis: bf7c407c2cedff20999df2af8eb42d56 -> 
  custom:scripting/precompiled-assembly-types:Assembly-CSharp: 4118f9efece36469725b6a708a004cfd -> 975431d59eab3a43bafba41244e6b097
========================================================================
Received Prepare
Caller must complete domain reload
 #0 GetStacktrace(int)
 #1 DebugStringToFile(DebugStringToFileData const&)
 #2 AssertImplementation(int, char const*, int, int, char const*)
 #3 Internal_ADB_WorkerOnly_DomainReload(AssemblyLoadReason)
 #4 WorkerDomainReloadV2()
 #5 AssetImportWorkerClient::ReloadMonoDomain(AssetResolver&)
 #6 invocation function for block in AssetImportWorkerClient::HandleMessage(PrepareMessage const&)::$_4::operator()() const
 #7 _dispatch_client_callout
 #8 _dispatch_async_and_wait_invoke
 #9 _dispatch_client_callout
 #10 _dispatch_main_queue_drain
 #11 _dispatch_main_queue_callback_4CF
 #12 __CFRUNLOOP_IS_SERVICING_THE_MAIN_DISPATCH_QUEUE__
 #13 __CFRunLoopRun
 #14 CFRunLoopRunSpecific
 #15 RunCurrentEventLoopInMode
 #16 ReceiveNextEventCommon
 #17 _BlockUntilNextEventMatchingListInModeWithFilter
 #18 _DPSNextEvent
 #19 -[NSApplication(NSEvent) _nextEventMatchingEventMask:untilDate:inMode:dequeue:]
 #20 -[NSApplication run]
 #21 NSApplicationMain
 #22 EditorMain(int, char const**)
 #23 main
 #24 start

Begin MonoManager ReloadAssembly
- Loaded All Assemblies, in  0.672 seconds
Native extension for WindowsStandalone target not found
Native extension for iOS target not found
Native extension for Android target not found
Native extension for OSXStandalone target not found
Mono: successfully reloaded assembly
[Package Manager] Server::EnsureServerProcessIsRunning -- launch failed, reason: Unity was launched with the -noUpm command-line argument
[Package Manager] UpmClient::Send -- Unable to send message (not connected to UPM process).
[Package Manager] Cannot connect to Unity Package Manager local server
- Finished resetting the current domain, in  1.814 seconds
Domain Reload Profiling: 2485ms
	BeginReloadAssembly (216ms)
		ExecutionOrderSort (0ms)
		DisableScriptedObjects (16ms)
		BackupInstance (0ms)
		ReleaseScriptingObjects (0ms)
		CreateAndSetChildDomain (75ms)
	RebuildCommonClasses (50ms)
	RebuildNativeTypeToScriptingClass (16ms)
	initialDomainReloadingComplete (33ms)
	LoadAllAssembliesAndSetupDomain (356ms)
		LoadAssemblies (399ms)
		RebuildTransferFunctionScriptingTraits (0ms)
		AnalyzeDomain (47ms)
			TypeCache.Refresh (15ms)
				TypeCache.ScanAssembly (2ms)
			ScanForSourceGeneratedMonoScriptInfo (19ms)
			ResolveRequiredComponents (11ms)
	FinalizeReload (1815ms)
		ReleaseScriptCaches (0ms)
		RebuildScriptCaches (0ms)
		SetupLoadedEditorAssemblies (561ms)
			LogAssemblyErrors (0ms)
			InitializePlatformSupportModulesInManaged (42ms)
			SetLoadedEditorAssemblies (7ms)
			RefreshPlugins (0ms)
			BeforeProcessingInitializeOnLoad (86ms)
			ProcessInitializeOnLoadAttributes (379ms)
			ProcessInitializeOnLoadMethodAttributes (46ms)
			AfterProcessingInitializeOnLoad (2ms)
			EditorAssembliesLoaded (0ms)
		ExecutionOrderSort2 (0ms)
		AwakeInstancesAfterBackupRestoration (13ms)
Refreshing native plugins compatible for Editor in 3.97 ms, found 3 plugins.
Preloading 0 native plugins for Editor in 0.00 ms.
Unloading 4321 Unused Serialized files (Serialized files now loaded: 0)
Unloading 19 unused Assets / (31.3 KB). Loaded Objects now: 4928.
Memory consumption went from 286.1 MB to 286.1 MB.
Total: 4.742133 ms (FindLiveObjects: 0.345507 ms CreateObjectMapping: 0.433694 ms MarkObjects: 3.914736 ms  DeleteObjects: 0.047323 ms)

Prepare: number of updated asset objects reloaded= 0
AssetImportParameters requested are different than current active one (requested -> active):
  custom:container-demuxer-ogg: 62fdf1f143b41e24485cea50d1cbac27 -> 
  custom:scripting/monoscript/fileName/Rumble Toggle.cs: 9255d141ced706a64b082180f4b6a5c6 -> 
  custom:video-decoder-ogg-theora: a1e56fd34408186e4bbccfd4996cb3dc -> 
  custom:CustomObjectIndexerAttribute: 9a22284fe3817be447336de3de66b15e -> 
  custom:container-demuxer-webm: 4f35f7cbe854078d1ac9338744f61a02 -> 
  custom:container-muxer-webm: aa71ff27fc2769a1b78a27578f13a17b -> 
  custom:video-decoder-webm-vp8: 9c59270c3fd7afecdb556c50c9e8de78 -> 
  custom:SearchIndexIgnoredProperties: e643bd26f0fe6173181afceb89e7c659 -> 
  custom:AudioImporter_EditorPlatform: 3918e3fc78b5a79bad01e8451be0beb8 -> 
  custom:framework-osx-AVFoundation: e770b220cccbd017edd2c1fefb359320 -> 
  custom:video-encoder-webm-vp8: eb34c28f22e8b96e1ab97ce403110664 -> 
  custom:audio-decoder-ogg-vorbis: bf7c407c2cedff20999df2af8eb42d56 -> 
  custom:audio-encoder-webm-vorbis: bf7c407c2cedff20999df2af8eb42d56 -> 
  custom:scripting/precompiled-assembly-types:Assembly-CSharp: 4118f9efece36469725b6a708a004cfd -> 975431d59eab3a43bafba41244e6b097
========================================================================
Received Prepare
Caller must complete domain reload
 #0 GetStacktrace(int)
 #1 DebugStringToFile(DebugStringToFileData const&)
 #2 AssertImplementation(int, char const*, int, int, char const*)
 #3 Internal_ADB_WorkerOnly_DomainReload(AssemblyLoadReason)
 #4 WorkerDomainReloadV2()
 #5 AssetImportWorkerClient::ReloadMonoDomain(AssetResolver&)
 #6 invocation function for block in AssetImportWorkerClient::HandleMessage(PrepareMessage const&)::$_4::operator()() const
 #7 _dispatch_client_callout
 #8 _dispatch_async_and_wait_invoke
 #9 _dispatch_client_callout
 #10 _dispatch_main_queue_drain
 #11 _dispatch_main_queue_callback_4CF
 #12 __CFRUNLOOP_IS_SERVICING_THE_MAIN_DISPATCH_QUEUE__
 #13 __CFRunLoopRun
 #14 CFRunLoopRunSpecific
 #15 RunCurrentEventLoopInMode
 #16 ReceiveNextEventCommon
 #17 _BlockUntilNextEventMatchingListInModeWithFilter
 #18 _DPSNextEvent
 #19 -[NSApplication(NSEvent) _nextEventMatchingEventMask:untilDate:inMode:dequeue:]
 #20 -[NSApplication run]
 #21 NSApplicationMain
 #22 EditorMain(int, char const**)
 #23 main
 #24 start

Begin MonoManager ReloadAssembly
- Loaded All Assemblies, in  0.643 seconds
Native extension for WindowsStandalone target not found
Native extension for iOS target not found
Native extension for Android target not found
Native extension for OSXStandalone target not found
Mono: successfully reloaded assembly
[Package Manager] Server::EnsureServerProcessIsRunning -- launch failed, reason: Unity was launched with the -noUpm command-line argument
[Package Manager] UpmClient::Send -- Unable to send message (not connected to UPM process).
[Package Manager] Cannot connect to Unity Package Manager local server
- Finished resetting the current domain, in  1.131 seconds
Domain Reload Profiling: 1774ms
	BeginReloadAssembly (242ms)
		ExecutionOrderSort (0ms)
		DisableScriptedObjects (15ms)
		BackupInstance (0ms)
		ReleaseScriptingObjects (0ms)
		CreateAndSetChildDomain (102ms)
	RebuildCommonClasses (51ms)
	RebuildNativeTypeToScriptingClass (17ms)
	initialDomainReloadingComplete (33ms)
	LoadAllAssembliesAndSetupDomain (299ms)
		LoadAssemblies (368ms)
		RebuildTransferFunctionScriptingTraits (0ms)
		AnalyzeDomain (21ms)
			TypeCache.Refresh (7ms)
				TypeCache.ScanAssembly (0ms)
			ScanForSourceGeneratedMonoScriptInfo (0ms)
			ResolveRequiredComponents (11ms)
	FinalizeReload (1132ms)
		ReleaseScriptCaches (0ms)
		RebuildScriptCaches (0ms)
		SetupLoadedEditorAssemblies (590ms)
			LogAssemblyErrors (0ms)
			InitializePlatformSupportModulesInManaged (40ms)
			SetLoadedEditorAssemblies (7ms)
			RefreshPlugins (0ms)
			BeforeProcessingInitializeOnLoad (87ms)
			ProcessInitializeOnLoadAttributes (398ms)
			ProcessInitializeOnLoadMethodAttributes (55ms)
			AfterProcessingInitializeOnLoad (2ms)
			EditorAssembliesLoaded (0ms)
		ExecutionOrderSort2 (0ms)
		AwakeInstancesAfterBackupRestoration (15ms)
Refreshing native plugins compatible for Editor in 5.02 ms, found 3 plugins.
Preloading 0 native plugins for Editor in 0.00 ms.
Unloading 4321 Unused Serialized files (Serialized files now loaded: 0)
Unloading 19 unused Assets / (31.3 KB). Loaded Objects now: 4932.
Memory consumption went from 290.5 MB to 290.4 MB.
Total: 6.827241 ms (FindLiveObjects: 0.531669 ms CreateObjectMapping: 0.502473 ms MarkObjects: 5.730640 ms  DeleteObjects: 0.060965 ms)

Prepare: number of updated asset objects reloaded= 0
AssetImportParameters requested are different than current active one (requested -> active):
  custom:container-demuxer-ogg: 62fdf1f143b41e24485cea50d1cbac27 -> 
  custom:scripting/monoscript/fileName/Rumble Toggle.cs: 9255d141ced706a64b082180f4b6a5c6 -> 
  custom:video-decoder-ogg-theora: a1e56fd34408186e4bbccfd4996cb3dc -> 
  custom:CustomObjectIndexerAttribute: 9a22284fe3817be447336de3de66b15e -> 
  custom:container-demuxer-webm: 4f35f7cbe854078d1ac9338744f61a02 -> 
  custom:container-muxer-webm: aa71ff27fc2769a1b78a27578f13a17b -> 
  custom:video-decoder-webm-vp8: 9c59270c3fd7afecdb556c50c9e8de78 -> 
  custom:SearchIndexIgnoredProperties: e643bd26f0fe6173181afceb89e7c659 -> 
  custom:AudioImporter_EditorPlatform: 3918e3fc78b5a79bad01e8451be0beb8 -> 
  custom:framework-osx-AVFoundation: e770b220cccbd017edd2c1fefb359320 -> 
  custom:video-encoder-webm-vp8: eb34c28f22e8b96e1ab97ce403110664 -> 
  custom:audio-decoder-ogg-vorbis: bf7c407c2cedff20999df2af8eb42d56 -> 
  custom:audio-encoder-webm-vorbis: bf7c407c2cedff20999df2af8eb42d56 -> 
  custom:scripting/precompiled-assembly-types:Assembly-CSharp: 4118f9efece36469725b6a708a004cfd -> 975431d59eab3a43bafba41244e6b097
========================================================================
Received Prepare
Caller must complete domain reload
 #0 GetStacktrace(int)
 #1 DebugStringToFile(DebugStringToFileData const&)
 #2 AssertImplementation(int, char const*, int, int, char const*)
 #3 Internal_ADB_WorkerOnly_DomainReload(AssemblyLoadReason)
 #4 WorkerDomainReloadV2()
 #5 AssetImportWorkerClient::ReloadMonoDomain(AssetResolver&)
 #6 invocation function for block in AssetImportWorkerClient::HandleMessage(PrepareMessage const&)::$_4::operator()() const
 #7 _dispatch_client_callout
 #8 _dispatch_async_and_wait_invoke
 #9 _dispatch_client_callout
 #10 _dispatch_main_queue_drain
 #11 _dispatch_main_queue_callback_4CF
 #12 __CFRUNLOOP_IS_SERVICING_THE_MAIN_DISPATCH_QUEUE__
 #13 __CFRunLoopRun
 #14 CFRunLoopRunSpecific
 #15 RunCurrentEventLoopInMode
 #16 ReceiveNextEventCommon
 #17 _BlockUntilNextEventMatchingListInModeWithFilter
 #18 _DPSNextEvent
 #19 -[NSApplication(NSEvent) _nextEventMatchingEventMask:untilDate:inMode:dequeue:]
 #20 -[NSApplication run]
 #21 NSApplicationMain
 #22 EditorMain(int, char const**)
 #23 main
 #24 start

Begin MonoManager ReloadAssembly
- Loaded All Assemblies, in  0.673 seconds
Native extension for WindowsStandalone target not found
Native extension for iOS target not found
Native extension for Android target not found
Native extension for OSXStandalone target not found
Mono: successfully reloaded assembly
[Package Manager] Server::EnsureServerProcessIsRunning -- launch failed, reason: Unity was launched with the -noUpm command-line argument
[Package Manager] UpmClient::Send -- Unable to send message (not connected to UPM process).
[Package Manager] Cannot connect to Unity Package Manager local server
- Finished resetting the current domain, in  2.083 seconds
Domain Reload Profiling: 2756ms
	BeginReloadAssembly (203ms)
		ExecutionOrderSort (0ms)
		DisableScriptedObjects (16ms)
		BackupInstance (0ms)
		ReleaseScriptingObjects (0ms)
		CreateAndSetChildDomain (68ms)
	RebuildCommonClasses (49ms)
	RebuildNativeTypeToScriptingClass (17ms)
	initialDomainReloadingComplete (32ms)
	LoadAllAssembliesAndSetupDomain (371ms)
		LoadAssemblies (423ms)
		RebuildTransferFunctionScriptingTraits (0ms)
		AnalyzeDomain (33ms)
			TypeCache.Refresh (12ms)
				TypeCache.ScanAssembly (0ms)
			ScanForSourceGeneratedMonoScriptInfo (0ms)
			ResolveRequiredComponents (16ms)
	FinalizeReload (2083ms)
		ReleaseScriptCaches (0ms)
		RebuildScriptCaches (0ms)
		SetupLoadedEditorAssemblies (761ms)
			LogAssemblyErrors (0ms)
			InitializePlatformSupportModulesInManaged (57ms)
			SetLoadedEditorAssemblies (9ms)
			RefreshPlugins (0ms)
			BeforeProcessingInitializeOnLoad (111ms)
			ProcessInitializeOnLoadAttributes (523ms)
			ProcessInitializeOnLoadMethodAttributes (59ms)
			AfterProcessingInitializeOnLoad (3ms)
			EditorAssembliesLoaded (0ms)
		ExecutionOrderSort2 (0ms)
		AwakeInstancesAfterBackupRestoration (18ms)
Refreshing native plugins compatible for Editor in 4.33 ms, found 3 plugins.
Preloading 0 native plugins for Editor in 0.00 ms.
Unloading 4321 Unused Serialized files (Serialized files now loaded: 0)
Unloading 19 unused Assets / (31.4 KB). Loaded Objects now: 4936.
Memory consumption went from 294.8 MB to 294.8 MB.
Total: 5.615437 ms (FindLiveObjects: 0.400171 ms CreateObjectMapping: 0.447050 ms MarkObjects: 4.708223 ms  DeleteObjects: 0.058473 ms)

Prepare: number of updated asset objects reloaded= 0
AssetImportParameters requested are different than current active one (requested -> active):
  custom:container-demuxer-ogg: 62fdf1f143b41e24485cea50d1cbac27 -> 
  custom:scripting/monoscript/fileName/Rumble Toggle.cs: 9255d141ced706a64b082180f4b6a5c6 -> 
  custom:video-decoder-ogg-theora: a1e56fd34408186e4bbccfd4996cb3dc -> 
  custom:CustomObjectIndexerAttribute: 9a22284fe3817be447336de3de66b15e -> 
  custom:container-demuxer-webm: 4f35f7cbe854078d1ac9338744f61a02 -> 
  custom:container-muxer-webm: aa71ff27fc2769a1b78a27578f13a17b -> 
  custom:video-decoder-webm-vp8: 9c59270c3fd7afecdb556c50c9e8de78 -> 
  custom:SearchIndexIgnoredProperties: e643bd26f0fe6173181afceb89e7c659 -> 
  custom:AudioImporter_EditorPlatform: 3918e3fc78b5a79bad01e8451be0beb8 -> 
  custom:framework-osx-AVFoundation: e770b220cccbd017edd2c1fefb359320 -> 
  custom:video-encoder-webm-vp8: eb34c28f22e8b96e1ab97ce403110664 -> 
  custom:audio-decoder-ogg-vorbis: bf7c407c2cedff20999df2af8eb42d56 -> 
  custom:audio-encoder-webm-vorbis: bf7c407c2cedff20999df2af8eb42d56 -> 
  custom:scripting/precompiled-assembly-types:Assembly-CSharp: 4118f9efece36469725b6a708a004cfd -> 975431d59eab3a43bafba41244e6b097
========================================================================
Received Prepare
Caller must complete domain reload
 #0 GetStacktrace(int)
 #1 DebugStringToFile(DebugStringToFileData const&)
 #2 AssertImplementation(int, char const*, int, int, char const*)
 #3 Internal_ADB_WorkerOnly_DomainReload(AssemblyLoadReason)
 #4 WorkerDomainReloadV2()
 #5 AssetImportWorkerClient::ReloadMonoDomain(AssetResolver&)
 #6 invocation function for block in AssetImportWorkerClient::HandleMessage(PrepareMessage const&)::$_4::operator()() const
 #7 _dispatch_client_callout
 #8 _dispatch_async_and_wait_invoke
 #9 _dispatch_client_callout
 #10 _dispatch_main_queue_drain
 #11 _dispatch_main_queue_callback_4CF
 #12 __CFRUNLOOP_IS_SERVICING_THE_MAIN_DISPATCH_QUEUE__
 #13 __CFRunLoopRun
 #14 CFRunLoopRunSpecific
 #15 RunCurrentEventLoopInMode
 #16 ReceiveNextEventCommon
 #17 _BlockUntilNextEventMatchingListInModeWithFilter
 #18 _DPSNextEvent
 #19 -[NSApplication(NSEvent) _nextEventMatchingEventMask:untilDate:inMode:dequeue:]
 #20 -[NSApplication run]
 #21 NSApplicationMain
 #22 EditorMain(int, char const**)
 #23 main
 #24 start

Begin MonoManager ReloadAssembly
- Loaded All Assemblies, in  0.832 seconds
Native extension for WindowsStandalone target not found
Native extension for iOS target not found
Native extension for Android target not found
Native extension for OSXStandalone target not found
Mono: successfully reloaded assembly
[Package Manager] Server::EnsureServerProcessIsRunning -- launch failed, reason: Unity was launched with the -noUpm command-line argument
[Package Manager] UpmClient::Send -- Unable to send message (not connected to UPM process).
[Package Manager] Cannot connect to Unity Package Manager local server
- Finished resetting the current domain, in  2.346 seconds
Domain Reload Profiling: 3178ms
	BeginReloadAssembly (269ms)
		ExecutionOrderSort (0ms)
		DisableScriptedObjects (19ms)
		BackupInstance (0ms)
		ReleaseScriptingObjects (0ms)
		CreateAndSetChildDomain (87ms)
	RebuildCommonClasses (67ms)
	RebuildNativeTypeToScriptingClass (22ms)
	initialDomainReloadingComplete (44ms)
	LoadAllAssembliesAndSetupDomain (428ms)
		LoadAssemblies (522ms)
		RebuildTransferFunctionScriptingTraits (0ms)
		AnalyzeDomain (29ms)
			TypeCache.Refresh (10ms)
				TypeCache.ScanAssembly (0ms)
			ScanForSourceGeneratedMonoScriptInfo (0ms)
			ResolveRequiredComponents (15ms)
	FinalizeReload (2347ms)
		ReleaseScriptCaches (0ms)
		RebuildScriptCaches (0ms)
		SetupLoadedEditorAssemblies (831ms)
			LogAssemblyErrors (0ms)
			InitializePlatformSupportModulesInManaged (53ms)
			SetLoadedEditorAssemblies (9ms)
			RefreshPlugins (0ms)
			BeforeProcessingInitializeOnLoad (118ms)
			ProcessInitializeOnLoadAttributes (572ms)
			ProcessInitializeOnLoadMethodAttributes (75ms)
			AfterProcessingInitializeOnLoad (3ms)
			EditorAssembliesLoaded (0ms)
		ExecutionOrderSort2 (0ms)
		AwakeInstancesAfterBackupRestoration (20ms)
Refreshing native plugins compatible for Editor in 6.21 ms, found 3 plugins.
Preloading 0 native plugins for Editor in 0.00 ms.
Unloading 4321 Unused Serialized files (Serialized files now loaded: 0)
Unloading 19 unused Assets / (31.4 KB). Loaded Objects now: 4940.
Memory consumption went from 299.2 MB to 299.2 MB.
Total: 6.848949 ms (FindLiveObjects: 0.506340 ms CreateObjectMapping: 0.591374 ms MarkObjects: 5.688798 ms  DeleteObjects: 0.060952 ms)

Prepare: number of updated asset objects reloaded= 0
AssetImportParameters requested are different than current active one (requested -> active):
  custom:container-demuxer-ogg: 62fdf1f143b41e24485cea50d1cbac27 -> 
  custom:scripting/monoscript/fileName/Rumble Toggle.cs: 9255d141ced706a64b082180f4b6a5c6 -> 
  custom:video-decoder-ogg-theora: a1e56fd34408186e4bbccfd4996cb3dc -> 
  custom:CustomObjectIndexerAttribute: 9a22284fe3817be447336de3de66b15e -> 
  custom:container-demuxer-webm: 4f35f7cbe854078d1ac9338744f61a02 -> 
  custom:container-muxer-webm: aa71ff27fc2769a1b78a27578f13a17b -> 
  custom:video-decoder-webm-vp8: 9c59270c3fd7afecdb556c50c9e8de78 -> 
  custom:SearchIndexIgnoredProperties: e643bd26f0fe6173181afceb89e7c659 -> 
  custom:AudioImporter_EditorPlatform: 3918e3fc78b5a79bad01e8451be0beb8 -> 
  custom:framework-osx-AVFoundation: e770b220cccbd017edd2c1fefb359320 -> 
  custom:video-encoder-webm-vp8: eb34c28f22e8b96e1ab97ce403110664 -> 
  custom:audio-decoder-ogg-vorbis: bf7c407c2cedff20999df2af8eb42d56 -> 
  custom:audio-encoder-webm-vorbis: bf7c407c2cedff20999df2af8eb42d56 -> 
  custom:scripting/precompiled-assembly-types:Assembly-CSharp: 4118f9efece36469725b6a708a004cfd -> 975431d59eab3a43bafba41244e6b097
========================================================================
Received Import Request.
  Time since last request: 7562.988537 seconds.
  path: ProjectSettings/TagManager.asset
  artifactKey: Guid(00000000000000003000000000000000) Importer(815301076,1909f56bfc062723c751e8b465ee728b)
Start importing ProjectSettings/TagManager.asset using Guid(00000000000000003000000000000000) Importer(815301076,1909f56bfc062723c751e8b465ee728b) [PhysX] Initialized MultithreadedTaskDispatcher with 8 workers.
 -> (artifact id: 'adb1d0ffa0227e0e217fa8f2a9c3aae6') in 0.029373 seconds
Number of updated asset objects reloaded before import = 0
Number of asset objects unloaded after import = 0
========================================================================
Received Prepare
Caller must complete domain reload
 #0 GetStacktrace(int)
 #1 DebugStringToFile(DebugStringToFileData const&)
 #2 AssertImplementation(int, char const*, int, int, char const*)
 #3 Internal_ADB_WorkerOnly_DomainReload(AssemblyLoadReason)
 #4 WorkerDomainReloadV2()
 #5 AssetImportWorkerClient::ReloadMonoDomain(AssetResolver&)
 #6 invocation function for block in AssetImportWorkerClient::HandleMessage(PrepareMessage const&)::$_4::operator()() const
 #7 _dispatch_client_callout
 #8 _dispatch_async_and_wait_invoke
 #9 _dispatch_client_callout
 #10 _dispatch_main_queue_drain
 #11 _dispatch_main_queue_callback_4CF
 #12 __CFRUNLOOP_IS_SERVICING_THE_MAIN_DISPATCH_QUEUE__
 #13 __CFRunLoopRun
 #14 CFRunLoopRunSpecific
 #15 RunCurrentEventLoopInMode
 #16 ReceiveNextEventCommon
 #17 _BlockUntilNextEventMatchingListInModeWithFilter
 #18 _DPSNextEvent
 #19 -[NSApplication(NSEvent) _nextEventMatchingEventMask:untilDate:inMode:dequeue:]
 #20 -[NSApplication run]
 #21 NSApplicationMain
 #22 EditorMain(int, char const**)
 #23 main
 #24 start

Begin MonoManager ReloadAssembly
- Loaded All Assemblies, in  0.838 seconds
Native extension for WindowsStandalone target not found
Native extension for iOS target not found
Native extension for Android target not found
Native extension for OSXStandalone target not found
Mono: successfully reloaded assembly
[Package Manager] Server::EnsureServerProcessIsRunning -- launch failed, reason: Unity was launched with the -noUpm command-line argument
[Package Manager] UpmClient::Send -- Unable to send message (not connected to UPM process).
[Package Manager] Cannot connect to Unity Package Manager local server
- Finished resetting the current domain, in  2.513 seconds
Domain Reload Profiling: 3350ms
	BeginReloadAssembly (276ms)
		ExecutionOrderSort (0ms)
		DisableScriptedObjects (21ms)
		BackupInstance (0ms)
		ReleaseScriptingObjects (0ms)
		CreateAndSetChildDomain (98ms)
	RebuildCommonClasses (64ms)
	RebuildNativeTypeToScriptingClass (21ms)
	initialDomainReloadingComplete (43ms)
	LoadAllAssembliesAndSetupDomain (431ms)
		LoadAssemblies (522ms)
		RebuildTransferFunctionScriptingTraits (0ms)
		AnalyzeDomain (27ms)
			TypeCache.Refresh (9ms)
				TypeCache.ScanAssembly (0ms)
			ScanForSourceGeneratedMonoScriptInfo (0ms)
			ResolveRequiredComponents (14ms)
	FinalizeReload (2514ms)
		ReleaseScriptCaches (0ms)
		RebuildScriptCaches (0ms)
		SetupLoadedEditorAssemblies (961ms)
			LogAssemblyErrors (0ms)
			InitializePlatformSupportModulesInManaged (65ms)
			SetLoadedEditorAssemblies (12ms)
			RefreshPlugins (0ms)
			BeforeProcessingInitializeOnLoad (145ms)
			ProcessInitializeOnLoadAttributes (658ms)
			ProcessInitializeOnLoadMethodAttributes (79ms)
			AfterProcessingInitializeOnLoad (3ms)
			EditorAssembliesLoaded (0ms)
		ExecutionOrderSort2 (0ms)
		AwakeInstancesAfterBackupRestoration (22ms)
Refreshing native plugins compatible for Editor in 5.31 ms, found 3 plugins.
Preloading 0 native plugins for Editor in 0.00 ms.
Unloading 4320 Unused Serialized files (Serialized files now loaded: 0)
Unloading 19 unused Assets / (31.4 KB). Loaded Objects now: 4944.
Memory consumption went from 303.5 MB to 303.5 MB.
Total: 5.529665 ms (FindLiveObjects: 0.451231 ms CreateObjectMapping: 0.444704 ms MarkObjects: 4.575160 ms  DeleteObjects: 0.057063 ms)

Prepare: number of updated asset objects reloaded= 0
AssetImportParameters requested are different than current active one (requested -> active):
  custom:container-demuxer-ogg: 62fdf1f143b41e24485cea50d1cbac27 -> 
  custom:scripting/monoscript/fileName/Rumble Toggle.cs: 9255d141ced706a64b082180f4b6a5c6 -> 
  custom:video-decoder-ogg-theora: a1e56fd34408186e4bbccfd4996cb3dc -> 
  custom:CustomObjectIndexerAttribute: 9a22284fe3817be447336de3de66b15e -> 
  custom:container-demuxer-webm: 4f35f7cbe854078d1ac9338744f61a02 -> 
  custom:container-muxer-webm: aa71ff27fc2769a1b78a27578f13a17b -> 
  custom:video-decoder-webm-vp8: 9c59270c3fd7afecdb556c50c9e8de78 -> 
  custom:SearchIndexIgnoredProperties: e643bd26f0fe6173181afceb89e7c659 -> 
  custom:AudioImporter_EditorPlatform: 3918e3fc78b5a79bad01e8451be0beb8 -> 
  custom:framework-osx-AVFoundation: e770b220cccbd017edd2c1fefb359320 -> 
  custom:video-encoder-webm-vp8: eb34c28f22e8b96e1ab97ce403110664 -> 
  custom:audio-decoder-ogg-vorbis: bf7c407c2cedff20999df2af8eb42d56 -> 
  custom:audio-encoder-webm-vorbis: bf7c407c2cedff20999df2af8eb42d56 -> 
  custom:scripting/precompiled-assembly-types:Assembly-CSharp: 4118f9efece36469725b6a708a004cfd -> 975431d59eab3a43bafba41244e6b097
========================================================================
Received Prepare
Caller must complete domain reload
 #0 GetStacktrace(int)
 #1 DebugStringToFile(DebugStringToFileData const&)
 #2 AssertImplementation(int, char const*, int, int, char const*)
 #3 Internal_ADB_WorkerOnly_DomainReload(AssemblyLoadReason)
 #4 WorkerDomainReloadV2()
 #5 AssetImportWorkerClient::ReloadMonoDomain(AssetResolver&)
 #6 invocation function for block in AssetImportWorkerClient::HandleMessage(PrepareMessage const&)::$_4::operator()() const
 #7 _dispatch_client_callout
 #8 _dispatch_async_and_wait_invoke
 #9 _dispatch_client_callout
 #10 _dispatch_main_queue_drain
 #11 _dispatch_main_queue_callback_4CF
 #12 __CFRUNLOOP_IS_SERVICING_THE_MAIN_DISPATCH_QUEUE__
 #13 __CFRunLoopRun
 #14 CFRunLoopRunSpecific
 #15 RunCurrentEventLoopInMode
 #16 ReceiveNextEventCommon
 #17 _BlockUntilNextEventMatchingListInModeWithFilter
 #18 _DPSNextEvent
 #19 -[NSApplication(NSEvent) _nextEventMatchingEventMask:untilDate:inMode:dequeue:]
 #20 -[NSApplication run]
 #21 NSApplicationMain
 #22 EditorMain(int, char const**)
 #23 main
 #24 start

Begin MonoManager ReloadAssembly
- Loaded All Assemblies, in  0.834 seconds
Native extension for WindowsStandalone target not found
Native extension for iOS target not found
Native extension for Android target not found
Native extension for OSXStandalone target not found
Mono: successfully reloaded assembly
[Package Manager] Server::EnsureServerProcessIsRunning -- launch failed, reason: Unity was launched with the -noUpm command-line argument
[Package Manager] UpmClient::Send -- Unable to send message (not connected to UPM process).
[Package Manager] Cannot connect to Unity Package Manager local server
- Finished resetting the current domain, in  2.442 seconds
Domain Reload Profiling: 3275ms
	BeginReloadAssembly (258ms)
		ExecutionOrderSort (0ms)
		DisableScriptedObjects (21ms)
		BackupInstance (0ms)
		ReleaseScriptingObjects (0ms)
		CreateAndSetChildDomain (84ms)
	RebuildCommonClasses (66ms)
	RebuildNativeTypeToScriptingClass (24ms)
	initialDomainReloadingComplete (43ms)
	LoadAllAssembliesAndSetupDomain (441ms)
		LoadAssemblies (523ms)
		RebuildTransferFunctionScriptingTraits (0ms)
		AnalyzeDomain (30ms)
			TypeCache.Refresh (10ms)
				TypeCache.ScanAssembly (0ms)
			ScanForSourceGeneratedMonoScriptInfo (0ms)
			ResolveRequiredComponents (16ms)
	FinalizeReload (2443ms)
		ReleaseScriptCaches (0ms)
		RebuildScriptCaches (0ms)
		SetupLoadedEditorAssemblies (935ms)
			LogAssemblyErrors (0ms)
			InitializePlatformSupportModulesInManaged (64ms)
			SetLoadedEditorAssemblies (11ms)
			RefreshPlugins (0ms)
			BeforeProcessingInitializeOnLoad (140ms)
			ProcessInitializeOnLoadAttributes (637ms)
			ProcessInitializeOnLoadMethodAttributes (79ms)
			AfterProcessingInitializeOnLoad (2ms)
			EditorAssembliesLoaded (0ms)
		ExecutionOrderSort2 (0ms)
		AwakeInstancesAfterBackupRestoration (22ms)
Refreshing native plugins compatible for Editor in 5.99 ms, found 3 plugins.
Preloading 0 native plugins for Editor in 0.00 ms.
Unloading 4321 Unused Serialized files (Serialized files now loaded: 0)
Unloading 19 unused Assets / (31.3 KB). Loaded Objects now: 4948.
Memory consumption went from 308.1 MB to 308.1 MB.
Total: 7.161485 ms (FindLiveObjects: 0.545357 ms CreateObjectMapping: 0.579307 ms MarkObjects: 5.975768 ms  DeleteObjects: 0.059534 ms)

Prepare: number of updated asset objects reloaded= 0
AssetImportParameters requested are different than current active one (requested -> active):
  custom:container-demuxer-ogg: 62fdf1f143b41e24485cea50d1cbac27 -> 
  custom:scripting/monoscript/fileName/Rumble Toggle.cs: 9255d141ced706a64b082180f4b6a5c6 -> 
  custom:video-decoder-ogg-theora: a1e56fd34408186e4bbccfd4996cb3dc -> 
  custom:CustomObjectIndexerAttribute: 9a22284fe3817be447336de3de66b15e -> 
  custom:container-demuxer-webm: 4f35f7cbe854078d1ac9338744f61a02 -> 
  custom:container-muxer-webm: aa71ff27fc2769a1b78a27578f13a17b -> 
  custom:video-decoder-webm-vp8: 9c59270c3fd7afecdb556c50c9e8de78 -> 
  custom:SearchIndexIgnoredProperties: e643bd26f0fe6173181afceb89e7c659 -> 
  custom:AudioImporter_EditorPlatform: 3918e3fc78b5a79bad01e8451be0beb8 -> 
  custom:framework-osx-AVFoundation: e770b220cccbd017edd2c1fefb359320 -> 
  custom:video-encoder-webm-vp8: eb34c28f22e8b96e1ab97ce403110664 -> 
  custom:audio-decoder-ogg-vorbis: bf7c407c2cedff20999df2af8eb42d56 -> 
  custom:audio-encoder-webm-vorbis: bf7c407c2cedff20999df2af8eb42d56 -> 
  custom:scripting/precompiled-assembly-types:Assembly-CSharp: 4118f9efece36469725b6a708a004cfd -> 975431d59eab3a43bafba41244e6b097
========================================================================
Received Prepare
Caller must complete domain reload
 #0 GetStacktrace(int)
 #1 DebugStringToFile(DebugStringToFileData const&)
 #2 AssertImplementation(int, char const*, int, int, char const*)
 #3 Internal_ADB_WorkerOnly_DomainReload(AssemblyLoadReason)
 #4 WorkerDomainReloadV2()
 #5 AssetImportWorkerClient::ReloadMonoDomain(AssetResolver&)
 #6 invocation function for block in AssetImportWorkerClient::HandleMessage(PrepareMessage const&)::$_4::operator()() const
 #7 _dispatch_client_callout
 #8 _dispatch_async_and_wait_invoke
 #9 _dispatch_client_callout
 #10 _dispatch_main_queue_drain
 #11 _dispatch_main_queue_callback_4CF
 #12 __CFRUNLOOP_IS_SERVICING_THE_MAIN_DISPATCH_QUEUE__
 #13 __CFRunLoopRun
 #14 CFRunLoopRunSpecific
 #15 RunCurrentEventLoopInMode
 #16 ReceiveNextEventCommon
 #17 _BlockUntilNextEventMatchingListInModeWithFilter
 #18 _DPSNextEvent
 #19 -[NSApplication(NSEvent) _nextEventMatchingEventMask:untilDate:inMode:dequeue:]
 #20 -[NSApplication run]
 #21 NSApplicationMain
 #22 EditorMain(int, char const**)
 #23 main
 #24 start

Begin MonoManager ReloadAssembly
- Loaded All Assemblies, in  0.821 seconds
Native extension for WindowsStandalone target not found
Native extension for iOS target not found
Native extension for Android target not found
Native extension for OSXStandalone target not found
Mono: successfully reloaded assembly
[Package Manager] Server::EnsureServerProcessIsRunning -- launch failed, reason: Unity was launched with the -noUpm command-line argument
[Package Manager] UpmClient::Send -- Unable to send message (not connected to UPM process).
[Package Manager] Cannot connect to Unity Package Manager local server
- Finished resetting the current domain, in  1.511 seconds
Domain Reload Profiling: 2331ms
	BeginReloadAssembly (253ms)
		ExecutionOrderSort (0ms)
		DisableScriptedObjects (20ms)
		BackupInstance (0ms)
		ReleaseScriptingObjects (0ms)
		CreateAndSetChildDomain (82ms)
	RebuildCommonClasses (67ms)
	RebuildNativeTypeToScriptingClass (22ms)
	initialDomainReloadingComplete (41ms)
	LoadAllAssembliesAndSetupDomain (436ms)
		LoadAssemblies (519ms)
		RebuildTransferFunctionScriptingTraits (0ms)
		AnalyzeDomain (29ms)
			TypeCache.Refresh (10ms)
				TypeCache.ScanAssembly (0ms)
			ScanForSourceGeneratedMonoScriptInfo (0ms)
			ResolveRequiredComponents (14ms)
	FinalizeReload (1512ms)
		ReleaseScriptCaches (0ms)
		RebuildScriptCaches (0ms)
		SetupLoadedEditorAssemblies (767ms)
			LogAssemblyErrors (0ms)
			InitializePlatformSupportModulesInManaged (55ms)
			SetLoadedEditorAssemblies (9ms)
			RefreshPlugins (0ms)
			BeforeProcessingInitializeOnLoad (119ms)
			ProcessInitializeOnLoadAttributes (514ms)
			ProcessInitializeOnLoadMethodAttributes (66ms)
			AfterProcessingInitializeOnLoad (2ms)
			EditorAssembliesLoaded (0ms)
		ExecutionOrderSort2 (0ms)
		AwakeInstancesAfterBackupRestoration (18ms)
Refreshing native plugins compatible for Editor in 6.54 ms, found 3 plugins.
Preloading 0 native plugins for Editor in 0.00 ms.
Unloading 4321 Unused Serialized files (Serialized files now loaded: 0)
Unloading 19 unused Assets / (31.3 KB). Loaded Objects now: 4952.
Memory consumption went from 312.5 MB to 312.5 MB.
Total: 7.205416 ms (FindLiveObjects: 0.448741 ms CreateObjectMapping: 0.490563 ms MarkObjects: 6.194367 ms  DeleteObjects: 0.068316 ms)

Prepare: number of updated asset objects reloaded= 0
AssetImportParameters requested are different than current active one (requested -> active):
  custom:container-demuxer-ogg: 62fdf1f143b41e24485cea50d1cbac27 -> 
  custom:scripting/monoscript/fileName/Rumble Toggle.cs: 9255d141ced706a64b082180f4b6a5c6 -> 
  custom:video-decoder-ogg-theora: a1e56fd34408186e4bbccfd4996cb3dc -> 
  custom:CustomObjectIndexerAttribute: 9a22284fe3817be447336de3de66b15e -> 
  custom:container-demuxer-webm: 4f35f7cbe854078d1ac9338744f61a02 -> 
  custom:container-muxer-webm: aa71ff27fc2769a1b78a27578f13a17b -> 
  custom:video-decoder-webm-vp8: 9c59270c3fd7afecdb556c50c9e8de78 -> 
  custom:SearchIndexIgnoredProperties: e643bd26f0fe6173181afceb89e7c659 -> 
  custom:AudioImporter_EditorPlatform: 3918e3fc78b5a79bad01e8451be0beb8 -> 
  custom:framework-osx-AVFoundation: e770b220cccbd017edd2c1fefb359320 -> 
  custom:video-encoder-webm-vp8: eb34c28f22e8b96e1ab97ce403110664 -> 
  custom:audio-decoder-ogg-vorbis: bf7c407c2cedff20999df2af8eb42d56 -> 
  custom:audio-encoder-webm-vorbis: bf7c407c2cedff20999df2af8eb42d56 -> 
  custom:scripting/precompiled-assembly-types:Assembly-CSharp: 4118f9efece36469725b6a708a004cfd -> 975431d59eab3a43bafba41244e6b097
========================================================================
Received Prepare
Caller must complete domain reload
 #0 GetStacktrace(int)
 #1 DebugStringToFile(DebugStringToFileData const&)
 #2 AssertImplementation(int, char const*, int, int, char const*)
 #3 Internal_ADB_WorkerOnly_DomainReload(AssemblyLoadReason)
 #4 WorkerDomainReloadV2()
 #5 AssetImportWorkerClient::ReloadMonoDomain(AssetResolver&)
 #6 invocation function for block in AssetImportWorkerClient::HandleMessage(PrepareMessage const&)::$_4::operator()() const
 #7 _dispatch_client_callout
 #8 _dispatch_async_and_wait_invoke
 #9 _dispatch_client_callout
 #10 _dispatch_main_queue_drain
 #11 _dispatch_main_queue_callback_4CF
 #12 __CFRUNLOOP_IS_SERVICING_THE_MAIN_DISPATCH_QUEUE__
 #13 __CFRunLoopRun
 #14 CFRunLoopRunSpecific
 #15 RunCurrentEventLoopInMode
 #16 ReceiveNextEventCommon
 #17 _BlockUntilNextEventMatchingListInModeWithFilter
 #18 _DPSNextEvent
 #19 -[NSApplication(NSEvent) _nextEventMatchingEventMask:untilDate:inMode:dequeue:]
 #20 -[NSApplication run]
 #21 NSApplicationMain
 #22 EditorMain(int, char const**)
 #23 main
 #24 start

Begin MonoManager ReloadAssembly
- Loaded All Assemblies, in  1.027 seconds
Native extension for WindowsStandalone target not found
Native extension for iOS target not found
Native extension for Android target not found
Native extension for OSXStandalone target not found
Mono: successfully reloaded assembly
[Package Manager] Server::EnsureServerProcessIsRunning -- launch failed, reason: Unity was launched with the -noUpm command-line argument
[Package Manager] UpmClient::Send -- Unable to send message (not connected to UPM process).
[Package Manager] Cannot connect to Unity Package Manager local server
- Finished resetting the current domain, in  2.590 seconds
Domain Reload Profiling: 3618ms
	BeginReloadAssembly (335ms)
		ExecutionOrderSort (0ms)
		DisableScriptedObjects (31ms)
		BackupInstance (0ms)
		ReleaseScriptingObjects (0ms)
		CreateAndSetChildDomain (112ms)
	RebuildCommonClasses (67ms)
	RebuildNativeTypeToScriptingClass (22ms)
	initialDomainReloadingComplete (52ms)
	LoadAllAssembliesAndSetupDomain (551ms)
		LoadAssemblies (658ms)
		RebuildTransferFunctionScriptingTraits (0ms)
		AnalyzeDomain (37ms)
			TypeCache.Refresh (14ms)
				TypeCache.ScanAssembly (0ms)
			ScanForSourceGeneratedMonoScriptInfo (1ms)
			ResolveRequiredComponents (18ms)
	FinalizeReload (2591ms)
		ReleaseScriptCaches (0ms)
		RebuildScriptCaches (0ms)
		SetupLoadedEditorAssemblies (925ms)
			LogAssemblyErrors (0ms)
			InitializePlatformSupportModulesInManaged (67ms)
			SetLoadedEditorAssemblies (11ms)
			RefreshPlugins (0ms)
			BeforeProcessingInitializeOnLoad (127ms)
			ProcessInitializeOnLoadAttributes (632ms)
			ProcessInitializeOnLoadMethodAttributes (84ms)
			AfterProcessingInitializeOnLoad (4ms)
			EditorAssembliesLoaded (0ms)
		ExecutionOrderSort2 (0ms)
		AwakeInstancesAfterBackupRestoration (23ms)
Refreshing native plugins compatible for Editor in 17.02 ms, found 3 plugins.
Preloading 0 native plugins for Editor in 0.00 ms.
Unloading 4321 Unused Serialized files (Serialized files now loaded: 0)
Unloading 19 unused Assets / (31.3 KB). Loaded Objects now: 4956.
Memory consumption went from 316.9 MB to 316.8 MB.
Total: 11.475756 ms (FindLiveObjects: 0.610632 ms CreateObjectMapping: 0.623844 ms MarkObjects: 10.156311 ms  DeleteObjects: 0.081875 ms)

Prepare: number of updated asset objects reloaded= 0
AssetImportParameters requested are different than current active one (requested -> active):
  custom:container-demuxer-ogg: 62fdf1f143b41e24485cea50d1cbac27 -> 
  custom:scripting/monoscript/fileName/Rumble Toggle.cs: 9255d141ced706a64b082180f4b6a5c6 -> 
  custom:video-decoder-ogg-theora: a1e56fd34408186e4bbccfd4996cb3dc -> 
  custom:CustomObjectIndexerAttribute: 9a22284fe3817be447336de3de66b15e -> 
  custom:container-demuxer-webm: 4f35f7cbe854078d1ac9338744f61a02 -> 
  custom:container-muxer-webm: aa71ff27fc2769a1b78a27578f13a17b -> 
  custom:video-decoder-webm-vp8: 9c59270c3fd7afecdb556c50c9e8de78 -> 
  custom:SearchIndexIgnoredProperties: e643bd26f0fe6173181afceb89e7c659 -> 
  custom:AudioImporter_EditorPlatform: 3918e3fc78b5a79bad01e8451be0beb8 -> 
  custom:framework-osx-AVFoundation: e770b220cccbd017edd2c1fefb359320 -> 
  custom:video-encoder-webm-vp8: eb34c28f22e8b96e1ab97ce403110664 -> 
  custom:audio-decoder-ogg-vorbis: bf7c407c2cedff20999df2af8eb42d56 -> 
  custom:audio-encoder-webm-vorbis: bf7c407c2cedff20999df2af8eb42d56 -> 
  custom:scripting/precompiled-assembly-types:Assembly-CSharp: 4118f9efece36469725b6a708a004cfd -> 975431d59eab3a43bafba41244e6b097
========================================================================
Received Prepare
Caller must complete domain reload
 #0 GetStacktrace(int)
 #1 DebugStringToFile(DebugStringToFileData const&)
 #2 AssertImplementation(int, char const*, int, int, char const*)
 #3 Internal_ADB_WorkerOnly_DomainReload(AssemblyLoadReason)
 #4 WorkerDomainReloadV2()
 #5 AssetImportWorkerClient::ReloadMonoDomain(AssetResolver&)
 #6 invocation function for block in AssetImportWorkerClient::HandleMessage(PrepareMessage const&)::$_4::operator()() const
 #7 _dispatch_client_callout
 #8 _dispatch_async_and_wait_invoke
 #9 _dispatch_client_callout
 #10 _dispatch_main_queue_drain
 #11 _dispatch_main_queue_callback_4CF
 #12 __CFRUNLOOP_IS_SERVICING_THE_MAIN_DISPATCH_QUEUE__
 #13 __CFRunLoopRun
 #14 CFRunLoopRunSpecific
 #15 RunCurrentEventLoopInMode
 #16 ReceiveNextEventCommon
 #17 _BlockUntilNextEventMatchingListInModeWithFilter
 #18 _DPSNextEvent
 #19 -[NSApplication(NSEvent) _nextEventMatchingEventMask:untilDate:inMode:dequeue:]
 #20 -[NSApplication run]
 #21 NSApplicationMain
 #22 EditorMain(int, char const**)
 #23 main
 #24 start

Begin MonoManager ReloadAssembly
- Loaded All Assemblies, in  0.974 seconds
Native extension for WindowsStandalone target not found
Native extension for iOS target not found
Native extension for Android target not found
Native extension for OSXStandalone target not found
Mono: successfully reloaded assembly
[Package Manager] Server::EnsureServerProcessIsRunning -- launch failed, reason: Unity was launched with the -noUpm command-line argument
[Package Manager] UpmClient::Send -- Unable to send message (not connected to UPM process).
[Package Manager] Cannot connect to Unity Package Manager local server
- Finished resetting the current domain, in  2.351 seconds
Domain Reload Profiling: 3325ms
	BeginReloadAssembly (297ms)
		ExecutionOrderSort (0ms)
		DisableScriptedObjects (24ms)
		BackupInstance (0ms)
		ReleaseScriptingObjects (0ms)
		CreateAndSetChildDomain (112ms)
	RebuildCommonClasses (69ms)
	RebuildNativeTypeToScriptingClass (22ms)
	initialDomainReloadingComplete (44ms)
	LoadAllAssembliesAndSetupDomain (541ms)
		LoadAssemblies (584ms)
		RebuildTransferFunctionScriptingTraits (0ms)
		AnalyzeDomain (75ms)
			TypeCache.Refresh (22ms)
				TypeCache.ScanAssembly (4ms)
			ScanForSourceGeneratedMonoScriptInfo (31ms)
			ResolveRequiredComponents (16ms)
	FinalizeReload (2352ms)
		ReleaseScriptCaches (0ms)
		RebuildScriptCaches (0ms)
		SetupLoadedEditorAssemblies (746ms)
			LogAssemblyErrors (0ms)
			InitializePlatformSupportModulesInManaged (56ms)
			SetLoadedEditorAssemblies (9ms)
			RefreshPlugins (0ms)
			BeforeProcessingInitializeOnLoad (115ms)
			ProcessInitializeOnLoadAttributes (502ms)
			ProcessInitializeOnLoadMethodAttributes (61ms)
			AfterProcessingInitializeOnLoad (4ms)
			EditorAssembliesLoaded (0ms)
		ExecutionOrderSort2 (0ms)
		AwakeInstancesAfterBackupRestoration (18ms)
Refreshing native plugins compatible for Editor in 6.37 ms, found 3 plugins.
Preloading 0 native plugins for Editor in 0.00 ms.
Unloading 4321 Unused Serialized files (Serialized files now loaded: 0)
Unloading 19 unused Assets / (31.4 KB). Loaded Objects now: 4960.
Memory consumption went from 321.2 MB to 321.2 MB.
Total: 5.879711 ms (FindLiveObjects: 0.422720 ms CreateObjectMapping: 0.446936 ms MarkObjects: 4.939945 ms  DeleteObjects: 0.068602 ms)

Prepare: number of updated asset objects reloaded= 0
AssetImportParameters requested are different than current active one (requested -> active):
  custom:container-demuxer-ogg: 62fdf1f143b41e24485cea50d1cbac27 -> 
  custom:scripting/monoscript/fileName/Rumble Toggle.cs: 9255d141ced706a64b082180f4b6a5c6 -> 
  custom:video-decoder-ogg-theora: a1e56fd34408186e4bbccfd4996cb3dc -> 
  custom:CustomObjectIndexerAttribute: 9a22284fe3817be447336de3de66b15e -> 
  custom:container-demuxer-webm: 4f35f7cbe854078d1ac9338744f61a02 -> 
  custom:container-muxer-webm: aa71ff27fc2769a1b78a27578f13a17b -> 
  custom:video-decoder-webm-vp8: 9c59270c3fd7afecdb556c50c9e8de78 -> 
  custom:SearchIndexIgnoredProperties: e643bd26f0fe6173181afceb89e7c659 -> 
  custom:AudioImporter_EditorPlatform: 3918e3fc78b5a79bad01e8451be0beb8 -> 
  custom:framework-osx-AVFoundation: e770b220cccbd017edd2c1fefb359320 -> 
  custom:video-encoder-webm-vp8: eb34c28f22e8b96e1ab97ce403110664 -> 
  custom:audio-decoder-ogg-vorbis: bf7c407c2cedff20999df2af8eb42d56 -> 
  custom:audio-encoder-webm-vorbis: bf7c407c2cedff20999df2af8eb42d56 -> 
  custom:scripting/precompiled-assembly-types:Assembly-CSharp: 4118f9efece36469725b6a708a004cfd -> 975431d59eab3a43bafba41244e6b097
========================================================================
Received Prepare
Caller must complete domain reload
 #0 GetStacktrace(int)
 #1 DebugStringToFile(DebugStringToFileData const&)
 #2 AssertImplementation(int, char const*, int, int, char const*)
 #3 Internal_ADB_WorkerOnly_DomainReload(AssemblyLoadReason)
 #4 WorkerDomainReloadV2()
 #5 AssetImportWorkerClient::ReloadMonoDomain(AssetResolver&)
 #6 invocation function for block in AssetImportWorkerClient::HandleMessage(PrepareMessage const&)::$_4::operator()() const
 #7 _dispatch_client_callout
 #8 _dispatch_async_and_wait_invoke
 #9 _dispatch_client_callout
 #10 _dispatch_main_queue_drain
 #11 _dispatch_main_queue_callback_4CF
 #12 __CFRUNLOOP_IS_SERVICING_THE_MAIN_DISPATCH_QUEUE__
 #13 __CFRunLoopRun
 #14 CFRunLoopRunSpecific
 #15 RunCurrentEventLoopInMode
 #16 ReceiveNextEventCommon
 #17 _BlockUntilNextEventMatchingListInModeWithFilter
 #18 _DPSNextEvent
 #19 -[NSApplication(NSEvent) _nextEventMatchingEventMask:untilDate:inMode:dequeue:]
 #20 -[NSApplication run]
 #21 NSApplicationMain
 #22 EditorMain(int, char const**)
 #23 main
 #24 start

Begin MonoManager ReloadAssembly
- Loaded All Assemblies, in  0.805 seconds
Native extension for WindowsStandalone target not found
Native extension for iOS target not found
Native extension for Android target not found
Native extension for OSXStandalone target not found
Mono: successfully reloaded assembly
[Package Manager] Server::EnsureServerProcessIsRunning -- launch failed, reason: Unity was launched with the -noUpm command-line argument
[Package Manager] UpmClient::Send -- Unable to send message (not connected to UPM process).
[Package Manager] Cannot connect to Unity Package Manager local server
- Finished resetting the current domain, in  1.517 seconds
Domain Reload Profiling: 2322ms
	BeginReloadAssembly (256ms)
		ExecutionOrderSort (0ms)
		DisableScriptedObjects (19ms)
		BackupInstance (0ms)
		ReleaseScriptingObjects (0ms)
		CreateAndSetChildDomain (87ms)
	RebuildCommonClasses (66ms)
	RebuildNativeTypeToScriptingClass (21ms)
	initialDomainReloadingComplete (42ms)
	LoadAllAssembliesAndSetupDomain (419ms)
		LoadAssemblies (499ms)
		RebuildTransferFunctionScriptingTraits (0ms)
		AnalyzeDomain (30ms)
			TypeCache.Refresh (10ms)
				TypeCache.ScanAssembly (0ms)
			ScanForSourceGeneratedMonoScriptInfo (0ms)
			ResolveRequiredComponents (14ms)
	FinalizeReload (1518ms)
		ReleaseScriptCaches (0ms)
		RebuildScriptCaches (0ms)
		SetupLoadedEditorAssemblies (804ms)
			LogAssemblyErrors (0ms)
			InitializePlatformSupportModulesInManaged (54ms)
			SetLoadedEditorAssemblies (9ms)
			RefreshPlugins (0ms)
			BeforeProcessingInitializeOnLoad (116ms)
			ProcessInitializeOnLoadAttributes (538ms)
			ProcessInitializeOnLoadMethodAttributes (82ms)
			AfterProcessingInitializeOnLoad (4ms)
			EditorAssembliesLoaded (1ms)
		ExecutionOrderSort2 (0ms)
		AwakeInstancesAfterBackupRestoration (21ms)
Refreshing native plugins compatible for Editor in 5.62 ms, found 3 plugins.
Preloading 0 native plugins for Editor in 0.00 ms.
Unloading 4321 Unused Serialized files (Serialized files now loaded: 0)
Unloading 19 unused Assets / (31.3 KB). Loaded Objects now: 4964.
Memory consumption went from 325.6 MB to 325.6 MB.
Total: 7.484982 ms (FindLiveObjects: 0.685439 ms CreateObjectMapping: 0.561584 ms MarkObjects: 6.174888 ms  DeleteObjects: 0.061410 ms)

Prepare: number of updated asset objects reloaded= 0
AssetImportParameters requested are different than current active one (requested -> active):
  custom:container-demuxer-ogg: 62fdf1f143b41e24485cea50d1cbac27 -> 
  custom:scripting/monoscript/fileName/Rumble Toggle.cs: 9255d141ced706a64b082180f4b6a5c6 -> 
  custom:video-decoder-ogg-theora: a1e56fd34408186e4bbccfd4996cb3dc -> 
  custom:CustomObjectIndexerAttribute: 9a22284fe3817be447336de3de66b15e -> 
  custom:container-demuxer-webm: 4f35f7cbe854078d1ac9338744f61a02 -> 
  custom:container-muxer-webm: aa71ff27fc2769a1b78a27578f13a17b -> 
  custom:video-decoder-webm-vp8: 9c59270c3fd7afecdb556c50c9e8de78 -> 
  custom:SearchIndexIgnoredProperties: e643bd26f0fe6173181afceb89e7c659 -> 
  custom:AudioImporter_EditorPlatform: 3918e3fc78b5a79bad01e8451be0beb8 -> 
  custom:framework-osx-AVFoundation: e770b220cccbd017edd2c1fefb359320 -> 
  custom:video-encoder-webm-vp8: eb34c28f22e8b96e1ab97ce403110664 -> 
  custom:audio-decoder-ogg-vorbis: bf7c407c2cedff20999df2af8eb42d56 -> 
  custom:audio-encoder-webm-vorbis: bf7c407c2cedff20999df2af8eb42d56 -> 
  custom:scripting/precompiled-assembly-types:Assembly-CSharp: 4118f9efece36469725b6a708a004cfd -> 975431d59eab3a43bafba41244e6b097
========================================================================
Received Prepare
Caller must complete domain reload
 #0 GetStacktrace(int)
 #1 DebugStringToFile(DebugStringToFileData const&)
 #2 AssertImplementation(int, char const*, int, int, char const*)
 #3 Internal_ADB_WorkerOnly_DomainReload(AssemblyLoadReason)
 #4 WorkerDomainReloadV2()
 #5 AssetImportWorkerClient::ReloadMonoDomain(AssetResolver&)
 #6 invocation function for block in AssetImportWorkerClient::HandleMessage(PrepareMessage const&)::$_4::operator()() const
 #7 _dispatch_client_callout
 #8 _dispatch_async_and_wait_invoke
 #9 _dispatch_client_callout
 #10 _dispatch_main_queue_drain
 #11 _dispatch_main_queue_callback_4CF
 #12 __CFRUNLOOP_IS_SERVICING_THE_MAIN_DISPATCH_QUEUE__
 #13 __CFRunLoopRun
 #14 CFRunLoopRunSpecific
 #15 RunCurrentEventLoopInMode
 #16 ReceiveNextEventCommon
 #17 _BlockUntilNextEventMatchingListInModeWithFilter
 #18 _DPSNextEvent
 #19 -[NSApplication(NSEvent) _nextEventMatchingEventMask:untilDate:inMode:dequeue:]
 #20 -[NSApplication run]
 #21 NSApplicationMain
 #22 EditorMain(int, char const**)
 #23 main
 #24 start

Begin MonoManager ReloadAssembly
- Loaded All Assemblies, in  0.802 seconds
Native extension for WindowsStandalone target not found
Native extension for iOS target not found
Native extension for Android target not found
Native extension for OSXStandalone target not found
Mono: successfully reloaded assembly
[Package Manager] Server::EnsureServerProcessIsRunning -- launch failed, reason: Unity was launched with the -noUpm command-line argument
[Package Manager] UpmClient::Send -- Unable to send message (not connected to UPM process).
[Package Manager] Cannot connect to Unity Package Manager local server
- Finished resetting the current domain, in  2.502 seconds
Domain Reload Profiling: 3304ms
	BeginReloadAssembly (251ms)
		ExecutionOrderSort (0ms)
		DisableScriptedObjects (20ms)
		BackupInstance (0ms)
		ReleaseScriptingObjects (0ms)
		CreateAndSetChildDomain (85ms)
	RebuildCommonClasses (66ms)
	RebuildNativeTypeToScriptingClass (22ms)
	initialDomainReloadingComplete (42ms)
	LoadAllAssembliesAndSetupDomain (419ms)
		LoadAssemblies (495ms)
		RebuildTransferFunctionScriptingTraits (0ms)
		AnalyzeDomain (31ms)
			TypeCache.Refresh (12ms)
				TypeCache.ScanAssembly (0ms)
			ScanForSourceGeneratedMonoScriptInfo (0ms)
			ResolveRequiredComponents (15ms)
	FinalizeReload (2503ms)
		ReleaseScriptCaches (0ms)
		RebuildScriptCaches (0ms)
		SetupLoadedEditorAssemblies (943ms)
			LogAssemblyErrors (0ms)
			InitializePlatformSupportModulesInManaged (63ms)
			SetLoadedEditorAssemblies (11ms)
			RefreshPlugins (0ms)
			BeforeProcessingInitializeOnLoad (139ms)
			ProcessInitializeOnLoadAttributes (649ms)
			ProcessInitializeOnLoadMethodAttributes (77ms)
			AfterProcessingInitializeOnLoad (3ms)
			EditorAssembliesLoaded (0ms)
		ExecutionOrderSort2 (0ms)
		AwakeInstancesAfterBackupRestoration (21ms)
Refreshing native plugins compatible for Editor in 6.28 ms, found 3 plugins.
Preloading 0 native plugins for Editor in 0.00 ms.
Unloading 4321 Unused Serialized files (Serialized files now loaded: 0)
Unloading 19 unused Assets / (31.4 KB). Loaded Objects now: 4968.
Memory consumption went from 329.9 MB to 329.9 MB.
Total: 6.662737 ms (FindLiveObjects: 0.453725 ms CreateObjectMapping: 0.517607 ms MarkObjects: 5.613690 ms  DeleteObjects: 0.076273 ms)

Prepare: number of updated asset objects reloaded= 0
AssetImportParameters requested are different than current active one (requested -> active):
  custom:container-demuxer-ogg: 62fdf1f143b41e24485cea50d1cbac27 -> 
  custom:scripting/monoscript/fileName/Rumble Toggle.cs: 9255d141ced706a64b082180f4b6a5c6 -> 
  custom:video-decoder-ogg-theora: a1e56fd34408186e4bbccfd4996cb3dc -> 
  custom:CustomObjectIndexerAttribute: 9a22284fe3817be447336de3de66b15e -> 
  custom:container-demuxer-webm: 4f35f7cbe854078d1ac9338744f61a02 -> 
  custom:container-muxer-webm: aa71ff27fc2769a1b78a27578f13a17b -> 
  custom:video-decoder-webm-vp8: 9c59270c3fd7afecdb556c50c9e8de78 -> 
  custom:SearchIndexIgnoredProperties: e643bd26f0fe6173181afceb89e7c659 -> 
  custom:AudioImporter_EditorPlatform: 3918e3fc78b5a79bad01e8451be0beb8 -> 
  custom:framework-osx-AVFoundation: e770b220cccbd017edd2c1fefb359320 -> 
  custom:video-encoder-webm-vp8: eb34c28f22e8b96e1ab97ce403110664 -> 
  custom:audio-decoder-ogg-vorbis: bf7c407c2cedff20999df2af8eb42d56 -> 
  custom:audio-encoder-webm-vorbis: bf7c407c2cedff20999df2af8eb42d56 -> 
  custom:scripting/precompiled-assembly-types:Assembly-CSharp: 4118f9efece36469725b6a708a004cfd -> 975431d59eab3a43bafba41244e6b097
========================================================================
Received Prepare
Caller must complete domain reload
 #0 GetStacktrace(int)
 #1 DebugStringToFile(DebugStringToFileData const&)
 #2 AssertImplementation(int, char const*, int, int, char const*)
 #3 Internal_ADB_WorkerOnly_DomainReload(AssemblyLoadReason)
 #4 WorkerDomainReloadV2()
 #5 AssetImportWorkerClient::ReloadMonoDomain(AssetResolver&)
 #6 invocation function for block in AssetImportWorkerClient::HandleMessage(PrepareMessage const&)::$_4::operator()() const
 #7 _dispatch_client_callout
 #8 _dispatch_async_and_wait_invoke
 #9 _dispatch_client_callout
 #10 _dispatch_main_queue_drain
 #11 _dispatch_main_queue_callback_4CF
 #12 __CFRUNLOOP_IS_SERVICING_THE_MAIN_DISPATCH_QUEUE__
 #13 __CFRunLoopRun
 #14 CFRunLoopRunSpecific
 #15 RunCurrentEventLoopInMode
 #16 ReceiveNextEventCommon
 #17 _BlockUntilNextEventMatchingListInModeWithFilter
 #18 _DPSNextEvent
 #19 -[NSApplication(NSEvent) _nextEventMatchingEventMask:untilDate:inMode:dequeue:]
 #20 -[NSApplication run]
 #21 NSApplicationMain
 #22 EditorMain(int, char const**)
 #23 main
 #24 start

Begin MonoManager ReloadAssembly
- Loaded All Assemblies, in  0.938 seconds
Native extension for WindowsStandalone target not found
Native extension for iOS target not found
Native extension for Android target not found
Native extension for OSXStandalone target not found
Mono: successfully reloaded assembly
[Package Manager] Server::EnsureServerProcessIsRunning -- launch failed, reason: Unity was launched with the -noUpm command-line argument
[Package Manager] UpmClient::Send -- Unable to send message (not connected to UPM process).
[Package Manager] Cannot connect to Unity Package Manager local server
- Finished resetting the current domain, in  2.732 seconds
Domain Reload Profiling: 3671ms
	BeginReloadAssembly (298ms)
		ExecutionOrderSort (0ms)
		DisableScriptedObjects (22ms)
		BackupInstance (0ms)
		ReleaseScriptingObjects (0ms)
		CreateAndSetChildDomain (102ms)
	RebuildCommonClasses (66ms)
	RebuildNativeTypeToScriptingClass (23ms)
	initialDomainReloadingComplete (51ms)
	LoadAllAssembliesAndSetupDomain (500ms)
		LoadAssemblies (598ms)
		RebuildTransferFunctionScriptingTraits (0ms)
		AnalyzeDomain (31ms)
			TypeCache.Refresh (11ms)
				TypeCache.ScanAssembly (0ms)
			ScanForSourceGeneratedMonoScriptInfo (0ms)
			ResolveRequiredComponents (15ms)
	FinalizeReload (2734ms)
		ReleaseScriptCaches (0ms)
		RebuildScriptCaches (0ms)
		SetupLoadedEditorAssemblies (1045ms)
			LogAssemblyErrors (0ms)
			InitializePlatformSupportModulesInManaged (72ms)
			SetLoadedEditorAssemblies (12ms)
			RefreshPlugins (0ms)
			BeforeProcessingInitializeOnLoad (172ms)
			ProcessInitializeOnLoadAttributes (708ms)
			ProcessInitializeOnLoadMethodAttributes (78ms)
			AfterProcessingInitializeOnLoad (3ms)
			EditorAssembliesLoaded (1ms)
		ExecutionOrderSort2 (0ms)
		AwakeInstancesAfterBackupRestoration (22ms)
Refreshing native plugins compatible for Editor in 12.31 ms, found 3 plugins.
Preloading 0 native plugins for Editor in 0.00 ms.
Unloading 4321 Unused Serialized files (Serialized files now loaded: 0)
Unloading 19 unused Assets / (31.4 KB). Loaded Objects now: 4972.
Memory consumption went from 334.3 MB to 334.3 MB.
Total: 7.549193 ms (FindLiveObjects: 0.553262 ms CreateObjectMapping: 0.500525 ms MarkObjects: 6.426601 ms  DeleteObjects: 0.067337 ms)

Prepare: number of updated asset objects reloaded= 0
AssetImportParameters requested are different than current active one (requested -> active):
  custom:container-demuxer-ogg: 62fdf1f143b41e24485cea50d1cbac27 -> 
  custom:scripting/monoscript/fileName/Rumble Toggle.cs: 9255d141ced706a64b082180f4b6a5c6 -> 
  custom:video-decoder-ogg-theora: a1e56fd34408186e4bbccfd4996cb3dc -> 
  custom:CustomObjectIndexerAttribute: 9a22284fe3817be447336de3de66b15e -> 
  custom:container-demuxer-webm: 4f35f7cbe854078d1ac9338744f61a02 -> 
  custom:container-muxer-webm: aa71ff27fc2769a1b78a27578f13a17b -> 
  custom:video-decoder-webm-vp8: 9c59270c3fd7afecdb556c50c9e8de78 -> 
  custom:SearchIndexIgnoredProperties: e643bd26f0fe6173181afceb89e7c659 -> 
  custom:AudioImporter_EditorPlatform: 3918e3fc78b5a79bad01e8451be0beb8 -> 
  custom:framework-osx-AVFoundation: e770b220cccbd017edd2c1fefb359320 -> 
  custom:video-encoder-webm-vp8: eb34c28f22e8b96e1ab97ce403110664 -> 
  custom:audio-decoder-ogg-vorbis: bf7c407c2cedff20999df2af8eb42d56 -> 
  custom:audio-encoder-webm-vorbis: bf7c407c2cedff20999df2af8eb42d56 -> 
  custom:scripting/precompiled-assembly-types:Assembly-CSharp: 4118f9efece36469725b6a708a004cfd -> 975431d59eab3a43bafba41244e6b097
========================================================================
Received Prepare
Caller must complete domain reload
 #0 GetStacktrace(int)
 #1 DebugStringToFile(DebugStringToFileData const&)
 #2 AssertImplementation(int, char const*, int, int, char const*)
 #3 Internal_ADB_WorkerOnly_DomainReload(AssemblyLoadReason)
 #4 WorkerDomainReloadV2()
 #5 AssetImportWorkerClient::ReloadMonoDomain(AssetResolver&)
 #6 invocation function for block in AssetImportWorkerClient::HandleMessage(PrepareMessage const&)::$_4::operator()() const
 #7 _dispatch_client_callout
 #8 _dispatch_async_and_wait_invoke
 #9 _dispatch_client_callout
 #10 _dispatch_main_queue_drain
 #11 _dispatch_main_queue_callback_4CF
 #12 __CFRUNLOOP_IS_SERVICING_THE_MAIN_DISPATCH_QUEUE__
 #13 __CFRunLoopRun
 #14 CFRunLoopRunSpecific
 #15 RunCurrentEventLoopInMode
 #16 ReceiveNextEventCommon
 #17 _BlockUntilNextEventMatchingListInModeWithFilter
 #18 _DPSNextEvent
 #19 -[NSApplication(NSEvent) _nextEventMatchingEventMask:untilDate:inMode:dequeue:]
 #20 -[NSApplication run]
 #21 NSApplicationMain
 #22 EditorMain(int, char const**)
 #23 main
 #24 start

Begin MonoManager ReloadAssembly
- Loaded All Assemblies, in  1.917 seconds
Native extension for WindowsStandalone target not found
Native extension for iOS target not found
Native extension for Android target not found
Native extension for OSXStandalone target not found
Mono: successfully reloaded assembly
[Package Manager] Server::EnsureServerProcessIsRunning -- launch failed, reason: Unity was launched with the -noUpm command-line argument
[Package Manager] UpmClient::Send -- Unable to send message (not connected to UPM process).
[Package Manager] Cannot connect to Unity Package Manager local server
- Finished resetting the current domain, in  3.282 seconds
Domain Reload Profiling: 5201ms
	BeginReloadAssembly (618ms)
		ExecutionOrderSort (0ms)
		DisableScriptedObjects (52ms)
		BackupInstance (0ms)
		ReleaseScriptingObjects (0ms)
		CreateAndSetChildDomain (183ms)
	RebuildCommonClasses (126ms)
	RebuildNativeTypeToScriptingClass (40ms)
	initialDomainReloadingComplete (75ms)
	LoadAllAssembliesAndSetupDomain (1059ms)
		LoadAssemblies (1206ms)
		RebuildTransferFunctionScriptingTraits (0ms)
		AnalyzeDomain (108ms)
			TypeCache.Refresh (40ms)
				TypeCache.ScanAssembly (6ms)
			ScanForSourceGeneratedMonoScriptInfo (33ms)
			ResolveRequiredComponents (27ms)
	FinalizeReload (3283ms)
		ReleaseScriptCaches (0ms)
		RebuildScriptCaches (0ms)
		SetupLoadedEditorAssemblies (1189ms)
			LogAssemblyErrors (0ms)
			InitializePlatformSupportModulesInManaged (86ms)
			SetLoadedEditorAssemblies (13ms)
			RefreshPlugins (0ms)
			BeforeProcessingInitializeOnLoad (165ms)
			ProcessInitializeOnLoadAttributes (788ms)
			ProcessInitializeOnLoadMethodAttributes (132ms)
			AfterProcessingInitializeOnLoad (5ms)
			EditorAssembliesLoaded (1ms)
		ExecutionOrderSort2 (0ms)
		AwakeInstancesAfterBackupRestoration (29ms)
Refreshing native plugins compatible for Editor in 13.52 ms, found 3 plugins.
Preloading 0 native plugins for Editor in 0.00 ms.
Unloading 4321 Unused Serialized files (Serialized files now loaded: 0)
Unloading 19 unused Assets / (31.4 KB). Loaded Objects now: 4976.
Memory consumption went from 338.7 MB to 338.6 MB.
Total: 7.217476 ms (FindLiveObjects: 0.438356 ms CreateObjectMapping: 0.639867 ms MarkObjects: 6.069569 ms  DeleteObjects: 0.068216 ms)

Prepare: number of updated asset objects reloaded= 0
AssetImportParameters requested are different than current active one (requested -> active):
  custom:container-demuxer-ogg: 62fdf1f143b41e24485cea50d1cbac27 -> 
  custom:scripting/monoscript/fileName/Rumble Toggle.cs: 9255d141ced706a64b082180f4b6a5c6 -> 
  custom:video-decoder-ogg-theora: a1e56fd34408186e4bbccfd4996cb3dc -> 
  custom:CustomObjectIndexerAttribute: 9a22284fe3817be447336de3de66b15e -> 
  custom:container-demuxer-webm: 4f35f7cbe854078d1ac9338744f61a02 -> 
  custom:container-muxer-webm: aa71ff27fc2769a1b78a27578f13a17b -> 
  custom:video-decoder-webm-vp8: 9c59270c3fd7afecdb556c50c9e8de78 -> 
  custom:SearchIndexIgnoredProperties: e643bd26f0fe6173181afceb89e7c659 -> 
  custom:AudioImporter_EditorPlatform: 3918e3fc78b5a79bad01e8451be0beb8 -> 
  custom:framework-osx-AVFoundation: e770b220cccbd017edd2c1fefb359320 -> 
  custom:video-encoder-webm-vp8: eb34c28f22e8b96e1ab97ce403110664 -> 
  custom:audio-decoder-ogg-vorbis: bf7c407c2cedff20999df2af8eb42d56 -> 
  custom:audio-encoder-webm-vorbis: bf7c407c2cedff20999df2af8eb42d56 -> 
  custom:scripting/precompiled-assembly-types:Assembly-CSharp: 4118f9efece36469725b6a708a004cfd -> 975431d59eab3a43bafba41244e6b097
========================================================================
Received Prepare
Caller must complete domain reload
 #0 GetStacktrace(int)
 #1 DebugStringToFile(DebugStringToFileData const&)
 #2 AssertImplementation(int, char const*, int, int, char const*)
 #3 Internal_ADB_WorkerOnly_DomainReload(AssemblyLoadReason)
 #4 WorkerDomainReloadV2()
 #5 AssetImportWorkerClient::ReloadMonoDomain(AssetResolver&)
 #6 invocation function for block in AssetImportWorkerClient::HandleMessage(PrepareMessage const&)::$_4::operator()() const
 #7 _dispatch_client_callout
 #8 _dispatch_async_and_wait_invoke
 #9 _dispatch_client_callout
 #10 _dispatch_main_queue_drain
 #11 _dispatch_main_queue_callback_4CF
 #12 __CFRUNLOOP_IS_SERVICING_THE_MAIN_DISPATCH_QUEUE__
 #13 __CFRunLoopRun
 #14 CFRunLoopRunSpecific
 #15 RunCurrentEventLoopInMode
 #16 ReceiveNextEventCommon
 #17 _BlockUntilNextEventMatchingListInModeWithFilter
 #18 _DPSNextEvent
 #19 -[NSApplication(NSEvent) _nextEventMatchingEventMask:untilDate:inMode:dequeue:]
 #20 -[NSApplication run]
 #21 NSApplicationMain
 #22 EditorMain(int, char const**)
 #23 main
 #24 start

Begin MonoManager ReloadAssembly
- Loaded All Assemblies, in  0.897 seconds
Native extension for WindowsStandalone target not found
Native extension for iOS target not found
Native extension for Android target not found
Native extension for OSXStandalone target not found
Mono: successfully reloaded assembly
[Package Manager] Server::EnsureServerProcessIsRunning -- launch failed, reason: Unity was launched with the -noUpm command-line argument
[Package Manager] UpmClient::Send -- Unable to send message (not connected to UPM process).
[Package Manager] Cannot connect to Unity Package Manager local server
- Finished resetting the current domain, in  2.459 seconds
Domain Reload Profiling: 3355ms
	BeginReloadAssembly (324ms)
		ExecutionOrderSort (0ms)
		DisableScriptedObjects (22ms)
		BackupInstance (0ms)
		ReleaseScriptingObjects (0ms)
		CreateAndSetChildDomain (115ms)
	RebuildCommonClasses (68ms)
	RebuildNativeTypeToScriptingClass (23ms)
	initialDomainReloadingComplete (44ms)
	LoadAllAssembliesAndSetupDomain (435ms)
		LoadAssemblies (543ms)
		RebuildTransferFunctionScriptingTraits (0ms)
		AnalyzeDomain (28ms)
			TypeCache.Refresh (10ms)
				TypeCache.ScanAssembly (0ms)
			ScanForSourceGeneratedMonoScriptInfo (0ms)
			ResolveRequiredComponents (14ms)
	FinalizeReload (2460ms)
		ReleaseScriptCaches (0ms)
		RebuildScriptCaches (0ms)
		SetupLoadedEditorAssemblies (902ms)
			LogAssemblyErrors (0ms)
			InitializePlatformSupportModulesInManaged (54ms)
			SetLoadedEditorAssemblies (8ms)
			RefreshPlugins (0ms)
			BeforeProcessingInitializeOnLoad (115ms)
			ProcessInitializeOnLoadAttributes (645ms)
			ProcessInitializeOnLoadMethodAttributes (77ms)
			AfterProcessingInitializeOnLoad (3ms)
			EditorAssembliesLoaded (0ms)
		ExecutionOrderSort2 (0ms)
		AwakeInstancesAfterBackupRestoration (21ms)
Refreshing native plugins compatible for Editor in 6.19 ms, found 3 plugins.
Preloading 0 native plugins for Editor in 0.00 ms.
Unloading 4321 Unused Serialized files (Serialized files now loaded: 0)
Unloading 19 unused Assets / (31.3 KB). Loaded Objects now: 4980.
Memory consumption went from 343.0 MB to 343.0 MB.
Total: 7.230126 ms (FindLiveObjects: 0.497307 ms CreateObjectMapping: 0.595293 ms MarkObjects: 6.047157 ms  DeleteObjects: 0.088440 ms)

Prepare: number of updated asset objects reloaded= 0
AssetImportParameters requested are different than current active one (requested -> active):
  custom:container-demuxer-ogg: 62fdf1f143b41e24485cea50d1cbac27 -> 
  custom:scripting/monoscript/fileName/Rumble Toggle.cs: 9255d141ced706a64b082180f4b6a5c6 -> 
  custom:video-decoder-ogg-theora: a1e56fd34408186e4bbccfd4996cb3dc -> 
  custom:CustomObjectIndexerAttribute: 9a22284fe3817be447336de3de66b15e -> 
  custom:container-demuxer-webm: 4f35f7cbe854078d1ac9338744f61a02 -> 
  custom:container-muxer-webm: aa71ff27fc2769a1b78a27578f13a17b -> 
  custom:video-decoder-webm-vp8: 9c59270c3fd7afecdb556c50c9e8de78 -> 
  custom:SearchIndexIgnoredProperties: e643bd26f0fe6173181afceb89e7c659 -> 
  custom:AudioImporter_EditorPlatform: 3918e3fc78b5a79bad01e8451be0beb8 -> 
  custom:framework-osx-AVFoundation: e770b220cccbd017edd2c1fefb359320 -> 
  custom:video-encoder-webm-vp8: eb34c28f22e8b96e1ab97ce403110664 -> 
  custom:audio-decoder-ogg-vorbis: bf7c407c2cedff20999df2af8eb42d56 -> 
  custom:audio-encoder-webm-vorbis: bf7c407c2cedff20999df2af8eb42d56 -> 
  custom:scripting/precompiled-assembly-types:Assembly-CSharp: 4118f9efece36469725b6a708a004cfd -> 975431d59eab3a43bafba41244e6b097
========================================================================
Received Prepare
Caller must complete domain reload
 #0 GetStacktrace(int)
 #1 DebugStringToFile(DebugStringToFileData const&)
 #2 AssertImplementation(int, char const*, int, int, char const*)
 #3 Internal_ADB_WorkerOnly_DomainReload(AssemblyLoadReason)
 #4 WorkerDomainReloadV2()
 #5 AssetImportWorkerClient::ReloadMonoDomain(AssetResolver&)
 #6 invocation function for block in AssetImportWorkerClient::HandleMessage(PrepareMessage const&)::$_4::operator()() const
 #7 _dispatch_client_callout
 #8 _dispatch_async_and_wait_invoke
 #9 _dispatch_client_callout
 #10 _dispatch_main_queue_drain
 #11 _dispatch_main_queue_callback_4CF
 #12 __CFRUNLOOP_IS_SERVICING_THE_MAIN_DISPATCH_QUEUE__
 #13 __CFRunLoopRun
 #14 CFRunLoopRunSpecific
 #15 RunCurrentEventLoopInMode
 #16 ReceiveNextEventCommon
 #17 _BlockUntilNextEventMatchingListInModeWithFilter
 #18 _DPSNextEvent
 #19 -[NSApplication(NSEvent) _nextEventMatchingEventMask:untilDate:inMode:dequeue:]
 #20 -[NSApplication run]
 #21 NSApplicationMain
 #22 EditorMain(int, char const**)
 #23 main
 #24 start

Begin MonoManager ReloadAssembly
- Loaded All Assemblies, in  0.768 seconds
Native extension for WindowsStandalone target not found
Native extension for iOS target not found
Native extension for Android target not found
Native extension for OSXStandalone target not found
Mono: successfully reloaded assembly
[Package Manager] Server::EnsureServerProcessIsRunning -- launch failed, reason: Unity was launched with the -noUpm command-line argument
[Package Manager] UpmClient::Send -- Unable to send message (not connected to UPM process).
[Package Manager] Cannot connect to Unity Package Manager local server
- Finished resetting the current domain, in  1.535 seconds
Domain Reload Profiling: 2303ms
	BeginReloadAssembly (250ms)
		ExecutionOrderSort (0ms)
		DisableScriptedObjects (19ms)
		BackupInstance (0ms)
		ReleaseScriptingObjects (0ms)
		CreateAndSetChildDomain (81ms)
	RebuildCommonClasses (66ms)
	RebuildNativeTypeToScriptingClass (22ms)
	initialDomainReloadingComplete (42ms)
	LoadAllAssembliesAndSetupDomain (387ms)
		LoadAssemblies (468ms)
		RebuildTransferFunctionScriptingTraits (0ms)
		AnalyzeDomain (29ms)
			TypeCache.Refresh (9ms)
				TypeCache.ScanAssembly (0ms)
			ScanForSourceGeneratedMonoScriptInfo (0ms)
			ResolveRequiredComponents (14ms)
	FinalizeReload (1536ms)
		ReleaseScriptCaches (0ms)
		RebuildScriptCaches (0ms)
		SetupLoadedEditorAssemblies (816ms)
			LogAssemblyErrors (0ms)
			InitializePlatformSupportModulesInManaged (59ms)
			SetLoadedEditorAssemblies (10ms)
			RefreshPlugins (0ms)
			BeforeProcessingInitializeOnLoad (120ms)
			ProcessInitializeOnLoadAttributes (543ms)
			ProcessInitializeOnLoadMethodAttributes (79ms)
			AfterProcessingInitializeOnLoad (5ms)
			EditorAssembliesLoaded (1ms)
		ExecutionOrderSort2 (0ms)
		AwakeInstancesAfterBackupRestoration (22ms)
Refreshing native plugins compatible for Editor in 6.34 ms, found 3 plugins.
Preloading 0 native plugins for Editor in 0.00 ms.
Unloading 4321 Unused Serialized files (Serialized files now loaded: 0)
Unloading 19 unused Assets / (31.3 KB). Loaded Objects now: 4984.
Memory consumption went from 347.4 MB to 347.3 MB.
Total: 7.613328 ms (FindLiveObjects: 0.550733 ms CreateObjectMapping: 0.508894 ms MarkObjects: 6.448928 ms  DeleteObjects: 0.102959 ms)

Prepare: number of updated asset objects reloaded= 0
AssetImportParameters requested are different than current active one (requested -> active):
  custom:container-demuxer-ogg: 62fdf1f143b41e24485cea50d1cbac27 -> 
  custom:scripting/monoscript/fileName/Rumble Toggle.cs: 9255d141ced706a64b082180f4b6a5c6 -> 
  custom:video-decoder-ogg-theora: a1e56fd34408186e4bbccfd4996cb3dc -> 
  custom:CustomObjectIndexerAttribute: 9a22284fe3817be447336de3de66b15e -> 
  custom:container-demuxer-webm: 4f35f7cbe854078d1ac9338744f61a02 -> 
  custom:container-muxer-webm: aa71ff27fc2769a1b78a27578f13a17b -> 
  custom:video-decoder-webm-vp8: 9c59270c3fd7afecdb556c50c9e8de78 -> 
  custom:SearchIndexIgnoredProperties: e643bd26f0fe6173181afceb89e7c659 -> 
  custom:AudioImporter_EditorPlatform: 3918e3fc78b5a79bad01e8451be0beb8 -> 
  custom:framework-osx-AVFoundation: e770b220cccbd017edd2c1fefb359320 -> 
  custom:video-encoder-webm-vp8: eb34c28f22e8b96e1ab97ce403110664 -> 
  custom:audio-decoder-ogg-vorbis: bf7c407c2cedff20999df2af8eb42d56 -> 
  custom:audio-encoder-webm-vorbis: bf7c407c2cedff20999df2af8eb42d56 -> 
  custom:scripting/precompiled-assembly-types:Assembly-CSharp: 4118f9efece36469725b6a708a004cfd -> 975431d59eab3a43bafba41244e6b097
========================================================================
Received Prepare
Caller must complete domain reload
 #0 GetStacktrace(int)
 #1 DebugStringToFile(DebugStringToFileData const&)
 #2 AssertImplementation(int, char const*, int, int, char const*)
 #3 Internal_ADB_WorkerOnly_DomainReload(AssemblyLoadReason)
 #4 WorkerDomainReloadV2()
 #5 AssetImportWorkerClient::ReloadMonoDomain(AssetResolver&)
 #6 invocation function for block in AssetImportWorkerClient::HandleMessage(PrepareMessage const&)::$_4::operator()() const
 #7 _dispatch_client_callout
 #8 _dispatch_async_and_wait_invoke
 #9 _dispatch_client_callout
 #10 _dispatch_main_queue_drain
 #11 _dispatch_main_queue_callback_4CF
 #12 __CFRUNLOOP_IS_SERVICING_THE_MAIN_DISPATCH_QUEUE__
 #13 __CFRunLoopRun
 #14 CFRunLoopRunSpecific
 #15 RunCurrentEventLoopInMode
 #16 ReceiveNextEventCommon
 #17 _BlockUntilNextEventMatchingListInModeWithFilter
 #18 _DPSNextEvent
 #19 -[NSApplication(NSEvent) _nextEventMatchingEventMask:untilDate:inMode:dequeue:]
 #20 -[NSApplication run]
 #21 NSApplicationMain
 #22 EditorMain(int, char const**)
 #23 main
 #24 start

Begin MonoManager ReloadAssembly
- Loaded All Assemblies, in  0.834 seconds
Native extension for WindowsStandalone target not found
Native extension for iOS target not found
Native extension for Android target not found
Native extension for OSXStandalone target not found
Mono: successfully reloaded assembly
[Package Manager] Server::EnsureServerProcessIsRunning -- launch failed, reason: Unity was launched with the -noUpm command-line argument
[Package Manager] UpmClient::Send -- Unable to send message (not connected to UPM process).
[Package Manager] Cannot connect to Unity Package Manager local server
- Finished resetting the current domain, in  2.614 seconds
Domain Reload Profiling: 3448ms
	BeginReloadAssembly (274ms)
		ExecutionOrderSort (0ms)
		DisableScriptedObjects (21ms)
		BackupInstance (0ms)
		ReleaseScriptingObjects (0ms)
		CreateAndSetChildDomain (86ms)
	RebuildCommonClasses (69ms)
	RebuildNativeTypeToScriptingClass (21ms)
	initialDomainReloadingComplete (44ms)
	LoadAllAssembliesAndSetupDomain (424ms)
		LoadAssemblies (522ms)
		RebuildTransferFunctionScriptingTraits (0ms)
		AnalyzeDomain (27ms)
			TypeCache.Refresh (9ms)
				TypeCache.ScanAssembly (0ms)
			ScanForSourceGeneratedMonoScriptInfo (0ms)
			ResolveRequiredComponents (15ms)
	FinalizeReload (2615ms)
		ReleaseScriptCaches (0ms)
		RebuildScriptCaches (0ms)
		SetupLoadedEditorAssemblies (968ms)
			LogAssemblyErrors (0ms)
			InitializePlatformSupportModulesInManaged (65ms)
			SetLoadedEditorAssemblies (12ms)
			RefreshPlugins (0ms)
			BeforeProcessingInitializeOnLoad (150ms)
			ProcessInitializeOnLoadAttributes (658ms)
			ProcessInitializeOnLoadMethodAttributes (80ms)
			AfterProcessingInitializeOnLoad (3ms)
			EditorAssembliesLoaded (1ms)
		ExecutionOrderSort2 (0ms)
		AwakeInstancesAfterBackupRestoration (22ms)
Refreshing native plugins compatible for Editor in 12.37 ms, found 3 plugins.
Preloading 0 native plugins for Editor in 0.00 ms.
Unloading 4321 Unused Serialized files (Serialized files now loaded: 0)
Unloading 19 unused Assets / (31.4 KB). Loaded Objects now: 4988.
Memory consumption went from 351.7 MB to 351.7 MB.
Total: 7.024786 ms (FindLiveObjects: 0.578577 ms CreateObjectMapping: 0.551275 ms MarkObjects: 5.823340 ms  DeleteObjects: 0.070190 ms)

Prepare: number of updated asset objects reloaded= 0
AssetImportParameters requested are different than current active one (requested -> active):
  custom:container-demuxer-ogg: 62fdf1f143b41e24485cea50d1cbac27 -> 
  custom:scripting/monoscript/fileName/Rumble Toggle.cs: 9255d141ced706a64b082180f4b6a5c6 -> 
  custom:video-decoder-ogg-theora: a1e56fd34408186e4bbccfd4996cb3dc -> 
  custom:CustomObjectIndexerAttribute: 9a22284fe3817be447336de3de66b15e -> 
  custom:container-demuxer-webm: 4f35f7cbe854078d1ac9338744f61a02 -> 
  custom:container-muxer-webm: aa71ff27fc2769a1b78a27578f13a17b -> 
  custom:video-decoder-webm-vp8: 9c59270c3fd7afecdb556c50c9e8de78 -> 
  custom:SearchIndexIgnoredProperties: e643bd26f0fe6173181afceb89e7c659 -> 
  custom:AudioImporter_EditorPlatform: 3918e3fc78b5a79bad01e8451be0beb8 -> 
  custom:framework-osx-AVFoundation: e770b220cccbd017edd2c1fefb359320 -> 
  custom:video-encoder-webm-vp8: eb34c28f22e8b96e1ab97ce403110664 -> 
  custom:audio-decoder-ogg-vorbis: bf7c407c2cedff20999df2af8eb42d56 -> 
  custom:audio-encoder-webm-vorbis: bf7c407c2cedff20999df2af8eb42d56 -> 
  custom:scripting/precompiled-assembly-types:Assembly-CSharp: 4118f9efece36469725b6a708a004cfd -> 975431d59eab3a43bafba41244e6b097
========================================================================
Received Prepare
Caller must complete domain reload
 #0 GetStacktrace(int)
 #1 DebugStringToFile(DebugStringToFileData const&)
 #2 AssertImplementation(int, char const*, int, int, char const*)
 #3 Internal_ADB_WorkerOnly_DomainReload(AssemblyLoadReason)
 #4 WorkerDomainReloadV2()
 #5 AssetImportWorkerClient::ReloadMonoDomain(AssetResolver&)
 #6 invocation function for block in AssetImportWorkerClient::HandleMessage(PrepareMessage const&)::$_4::operator()() const
 #7 _dispatch_client_callout
 #8 _dispatch_async_and_wait_invoke
 #9 _dispatch_client_callout
 #10 _dispatch_main_queue_drain
 #11 _dispatch_main_queue_callback_4CF
 #12 __CFRUNLOOP_IS_SERVICING_THE_MAIN_DISPATCH_QUEUE__
 #13 __CFRunLoopRun
 #14 CFRunLoopRunSpecific
 #15 RunCurrentEventLoopInMode
 #16 ReceiveNextEventCommon
 #17 _BlockUntilNextEventMatchingListInModeWithFilter
 #18 _DPSNextEvent
 #19 -[NSApplication(NSEvent) _nextEventMatchingEventMask:untilDate:inMode:dequeue:]
 #20 -[NSApplication run]
 #21 NSApplicationMain
 #22 EditorMain(int, char const**)
 #23 main
 #24 start

Begin MonoManager ReloadAssembly
- Loaded All Assemblies, in  1.051 seconds
Native extension for WindowsStandalone target not found
Native extension for iOS target not found
Native extension for Android target not found
Native extension for OSXStandalone target not found
Mono: successfully reloaded assembly
[Package Manager] Server::EnsureServerProcessIsRunning -- launch failed, reason: Unity was launched with the -noUpm command-line argument
[Package Manager] UpmClient::Send -- Unable to send message (not connected to UPM process).
[Package Manager] Cannot connect to Unity Package Manager local server
- Finished resetting the current domain, in  2.387 seconds
Domain Reload Profiling: 3438ms
	BeginReloadAssembly (327ms)
		ExecutionOrderSort (0ms)
		DisableScriptedObjects (27ms)
		BackupInstance (0ms)
		ReleaseScriptingObjects (0ms)
		CreateAndSetChildDomain (116ms)
	RebuildCommonClasses (151ms)
	RebuildNativeTypeToScriptingClass (23ms)
	initialDomainReloadingComplete (46ms)
	LoadAllAssembliesAndSetupDomain (504ms)
		LoadAssemblies (575ms)
		RebuildTransferFunctionScriptingTraits (0ms)
		AnalyzeDomain (66ms)
			TypeCache.Refresh (22ms)
				TypeCache.ScanAssembly (3ms)
			ScanForSourceGeneratedMonoScriptInfo (24ms)
			ResolveRequiredComponents (17ms)
	FinalizeReload (2388ms)
		ReleaseScriptCaches (0ms)
		RebuildScriptCaches (0ms)
		SetupLoadedEditorAssemblies (748ms)
			LogAssemblyErrors (0ms)
			InitializePlatformSupportModulesInManaged (53ms)
			SetLoadedEditorAssemblies (9ms)
			RefreshPlugins (0ms)
			BeforeProcessingInitializeOnLoad (117ms)
			ProcessInitializeOnLoadAttributes (504ms)
			ProcessInitializeOnLoadMethodAttributes (61ms)
			AfterProcessingInitializeOnLoad (2ms)
			EditorAssembliesLoaded (0ms)
		ExecutionOrderSort2 (0ms)
		AwakeInstancesAfterBackupRestoration (18ms)
Refreshing native plugins compatible for Editor in 5.39 ms, found 3 plugins.
Preloading 0 native plugins for Editor in 0.00 ms.
Unloading 4321 Unused Serialized files (Serialized files now loaded: 0)
Unloading 19 unused Assets / (31.4 KB). Loaded Objects now: 4992.
Memory consumption went from 356.1 MB to 356.0 MB.
Total: 6.248576 ms (FindLiveObjects: 0.408390 ms CreateObjectMapping: 0.375491 ms MarkObjects: 5.395116 ms  DeleteObjects: 0.066360 ms)

Prepare: number of updated asset objects reloaded= 0
AssetImportParameters requested are different than current active one (requested -> active):
  custom:container-demuxer-ogg: 62fdf1f143b41e24485cea50d1cbac27 -> 
  custom:scripting/monoscript/fileName/Rumble Toggle.cs: 9255d141ced706a64b082180f4b6a5c6 -> 
  custom:video-decoder-ogg-theora: a1e56fd34408186e4bbccfd4996cb3dc -> 
  custom:CustomObjectIndexerAttribute: 9a22284fe3817be447336de3de66b15e -> 
  custom:container-demuxer-webm: 4f35f7cbe854078d1ac9338744f61a02 -> 
  custom:container-muxer-webm: aa71ff27fc2769a1b78a27578f13a17b -> 
  custom:video-decoder-webm-vp8: 9c59270c3fd7afecdb556c50c9e8de78 -> 
  custom:SearchIndexIgnoredProperties: e643bd26f0fe6173181afceb89e7c659 -> 
  custom:AudioImporter_EditorPlatform: 3918e3fc78b5a79bad01e8451be0beb8 -> 
  custom:framework-osx-AVFoundation: e770b220cccbd017edd2c1fefb359320 -> 
  custom:video-encoder-webm-vp8: eb34c28f22e8b96e1ab97ce403110664 -> 
  custom:audio-decoder-ogg-vorbis: bf7c407c2cedff20999df2af8eb42d56 -> 
  custom:audio-encoder-webm-vorbis: bf7c407c2cedff20999df2af8eb42d56 -> 
  custom:scripting/precompiled-assembly-types:Assembly-CSharp: 4118f9efece36469725b6a708a004cfd -> 975431d59eab3a43bafba41244e6b097
========================================================================
Received Prepare
Caller must complete domain reload
 #0 GetStacktrace(int)
 #1 DebugStringToFile(DebugStringToFileData const&)
 #2 AssertImplementation(int, char const*, int, int, char const*)
 #3 Internal_ADB_WorkerOnly_DomainReload(AssemblyLoadReason)
 #4 WorkerDomainReloadV2()
 #5 AssetImportWorkerClient::ReloadMonoDomain(AssetResolver&)
 #6 invocation function for block in AssetImportWorkerClient::HandleMessage(PrepareMessage const&)::$_4::operator()() const
 #7 _dispatch_client_callout
 #8 _dispatch_async_and_wait_invoke
 #9 _dispatch_client_callout
 #10 _dispatch_main_queue_drain
 #11 _dispatch_main_queue_callback_4CF
 #12 __CFRUNLOOP_IS_SERVICING_THE_MAIN_DISPATCH_QUEUE__
 #13 __CFRunLoopRun
 #14 CFRunLoopRunSpecific
 #15 RunCurrentEventLoopInMode
 #16 ReceiveNextEventCommon
 #17 _BlockUntilNextEventMatchingListInModeWithFilter
 #18 _DPSNextEvent
 #19 -[NSApplication(NSEvent) _nextEventMatchingEventMask:untilDate:inMode:dequeue:]
 #20 -[NSApplication run]
 #21 NSApplicationMain
 #22 EditorMain(int, char const**)
 #23 main
 #24 start

Begin MonoManager ReloadAssembly
- Loaded All Assemblies, in  0.823 seconds
Native extension for WindowsStandalone target not found
Native extension for iOS target not found
Native extension for Android target not found
Native extension for OSXStandalone target not found
Mono: successfully reloaded assembly
[Package Manager] Server::EnsureServerProcessIsRunning -- launch failed, reason: Unity was launched with the -noUpm command-line argument
[Package Manager] UpmClient::Send -- Unable to send message (not connected to UPM process).
[Package Manager] Cannot connect to Unity Package Manager local server
- Finished resetting the current domain, in  2.565 seconds
Domain Reload Profiling: 3387ms
	BeginReloadAssembly (261ms)
		ExecutionOrderSort (0ms)
		DisableScriptedObjects (21ms)
		BackupInstance (0ms)
		ReleaseScriptingObjects (0ms)
		CreateAndSetChildDomain (86ms)
	RebuildCommonClasses (66ms)
	RebuildNativeTypeToScriptingClass (22ms)
	initialDomainReloadingComplete (42ms)
	LoadAllAssembliesAndSetupDomain (431ms)
		LoadAssemblies (516ms)
		RebuildTransferFunctionScriptingTraits (0ms)
		AnalyzeDomain (29ms)
			TypeCache.Refresh (10ms)
				TypeCache.ScanAssembly (0ms)
			ScanForSourceGeneratedMonoScriptInfo (0ms)
			ResolveRequiredComponents (14ms)
	FinalizeReload (2566ms)
		ReleaseScriptCaches (0ms)
		RebuildScriptCaches (0ms)
		SetupLoadedEditorAssemblies (961ms)
			LogAssemblyErrors (0ms)
			InitializePlatformSupportModulesInManaged (67ms)
			SetLoadedEditorAssemblies (11ms)
			RefreshPlugins (0ms)
			BeforeProcessingInitializeOnLoad (143ms)
			ProcessInitializeOnLoadAttributes (654ms)
			ProcessInitializeOnLoadMethodAttributes (83ms)
			AfterProcessingInitializeOnLoad (3ms)
			EditorAssembliesLoaded (1ms)
		ExecutionOrderSort2 (0ms)
		AwakeInstancesAfterBackupRestoration (22ms)
Refreshing native plugins compatible for Editor in 6.56 ms, found 3 plugins.
Preloading 0 native plugins for Editor in 0.00 ms.
Unloading 4321 Unused Serialized files (Serialized files now loaded: 0)
Unloading 19 unused Assets / (31.5 KB). Loaded Objects now: 4996.
Memory consumption went from 360.4 MB to 360.4 MB.
Total: 7.391897 ms (FindLiveObjects: 0.549248 ms CreateObjectMapping: 0.558499 ms MarkObjects: 6.220581 ms  DeleteObjects: 0.062309 ms)

Prepare: number of updated asset objects reloaded= 0
AssetImportParameters requested are different than current active one (requested -> active):
  custom:container-demuxer-ogg: 62fdf1f143b41e24485cea50d1cbac27 -> 
  custom:scripting/monoscript/fileName/Rumble Toggle.cs: 9255d141ced706a64b082180f4b6a5c6 -> 
  custom:video-decoder-ogg-theora: a1e56fd34408186e4bbccfd4996cb3dc -> 
  custom:CustomObjectIndexerAttribute: 9a22284fe3817be447336de3de66b15e -> 
  custom:container-demuxer-webm: 4f35f7cbe854078d1ac9338744f61a02 -> 
  custom:container-muxer-webm: aa71ff27fc2769a1b78a27578f13a17b -> 
  custom:video-decoder-webm-vp8: 9c59270c3fd7afecdb556c50c9e8de78 -> 
  custom:SearchIndexIgnoredProperties: e643bd26f0fe6173181afceb89e7c659 -> 
  custom:AudioImporter_EditorPlatform: 3918e3fc78b5a79bad01e8451be0beb8 -> 
  custom:framework-osx-AVFoundation: e770b220cccbd017edd2c1fefb359320 -> 
  custom:video-encoder-webm-vp8: eb34c28f22e8b96e1ab97ce403110664 -> 
  custom:audio-decoder-ogg-vorbis: bf7c407c2cedff20999df2af8eb42d56 -> 
  custom:audio-encoder-webm-vorbis: bf7c407c2cedff20999df2af8eb42d56 -> 
  custom:scripting/precompiled-assembly-types:Assembly-CSharp: 4118f9efece36469725b6a708a004cfd -> 975431d59eab3a43bafba41244e6b097
========================================================================
Received Prepare
Caller must complete domain reload
 #0 GetStacktrace(int)
 #1 DebugStringToFile(DebugStringToFileData const&)
 #2 AssertImplementation(int, char const*, int, int, char const*)
 #3 Internal_ADB_WorkerOnly_DomainReload(AssemblyLoadReason)
 #4 WorkerDomainReloadV2()
 #5 AssetImportWorkerClient::ReloadMonoDomain(AssetResolver&)
 #6 invocation function for block in AssetImportWorkerClient::HandleMessage(PrepareMessage const&)::$_4::operator()() const
 #7 _dispatch_client_callout
 #8 _dispatch_async_and_wait_invoke
 #9 _dispatch_client_callout
 #10 _dispatch_main_queue_drain
 #11 _dispatch_main_queue_callback_4CF
 #12 __CFRUNLOOP_IS_SERVICING_THE_MAIN_DISPATCH_QUEUE__
 #13 __CFRunLoopRun
 #14 CFRunLoopRunSpecific
 #15 RunCurrentEventLoopInMode
 #16 ReceiveNextEventCommon
 #17 _BlockUntilNextEventMatchingListInModeWithFilter
 #18 _DPSNextEvent
 #19 -[NSApplication(NSEvent) _nextEventMatchingEventMask:untilDate:inMode:dequeue:]
 #20 -[NSApplication run]
 #21 NSApplicationMain
 #22 EditorMain(int, char const**)
 #23 main
 #24 start

Begin MonoManager ReloadAssembly
- Loaded All Assemblies, in  0.889 seconds
Native extension for WindowsStandalone target not found
Native extension for iOS target not found
Native extension for Android target not found
Native extension for OSXStandalone target not found
Mono: successfully reloaded assembly
[Package Manager] Server::EnsureServerProcessIsRunning -- launch failed, reason: Unity was launched with the -noUpm command-line argument
[Package Manager] UpmClient::Send -- Unable to send message (not connected to UPM process).
[Package Manager] Cannot connect to Unity Package Manager local server
- Finished resetting the current domain, in  2.471 seconds
Domain Reload Profiling: 3360ms
	BeginReloadAssembly (286ms)
		ExecutionOrderSort (0ms)
		DisableScriptedObjects (21ms)
		BackupInstance (0ms)
		ReleaseScriptingObjects (0ms)
		CreateAndSetChildDomain (96ms)
	RebuildCommonClasses (68ms)
	RebuildNativeTypeToScriptingClass (24ms)
	initialDomainReloadingComplete (46ms)
	LoadAllAssembliesAndSetupDomain (464ms)
		LoadAssemblies (528ms)
		RebuildTransferFunctionScriptingTraits (0ms)
		AnalyzeDomain (62ms)
			TypeCache.Refresh (18ms)
				TypeCache.ScanAssembly (3ms)
			ScanForSourceGeneratedMonoScriptInfo (25ms)
			ResolveRequiredComponents (14ms)
	FinalizeReload (2472ms)
		ReleaseScriptCaches (0ms)
		RebuildScriptCaches (0ms)
		SetupLoadedEditorAssemblies (789ms)
			LogAssemblyErrors (0ms)
			InitializePlatformSupportModulesInManaged (53ms)
			SetLoadedEditorAssemblies (9ms)
			RefreshPlugins (0ms)
			BeforeProcessingInitializeOnLoad (117ms)
			ProcessInitializeOnLoadAttributes (531ms)
			ProcessInitializeOnLoadMethodAttributes (76ms)
			AfterProcessingInitializeOnLoad (3ms)
			EditorAssembliesLoaded (0ms)
		ExecutionOrderSort2 (0ms)
		AwakeInstancesAfterBackupRestoration (19ms)
Refreshing native plugins compatible for Editor in 5.61 ms, found 3 plugins.
Preloading 0 native plugins for Editor in 0.00 ms.
Unloading 4321 Unused Serialized files (Serialized files now loaded: 0)
Unloading 19 unused Assets / (31.4 KB). Loaded Objects now: 5000.
Memory consumption went from 364.8 MB to 364.8 MB.
Total: 5.591100 ms (FindLiveObjects: 0.432136 ms CreateObjectMapping: 0.430838 ms MarkObjects: 4.667485 ms  DeleteObjects: 0.059203 ms)

Prepare: number of updated asset objects reloaded= 0
AssetImportParameters requested are different than current active one (requested -> active):
  custom:container-demuxer-ogg: 62fdf1f143b41e24485cea50d1cbac27 -> 
  custom:scripting/monoscript/fileName/Rumble Toggle.cs: 9255d141ced706a64b082180f4b6a5c6 -> 
  custom:video-decoder-ogg-theora: a1e56fd34408186e4bbccfd4996cb3dc -> 
  custom:CustomObjectIndexerAttribute: 9a22284fe3817be447336de3de66b15e -> 
  custom:container-demuxer-webm: 4f35f7cbe854078d1ac9338744f61a02 -> 
  custom:container-muxer-webm: aa71ff27fc2769a1b78a27578f13a17b -> 
  custom:video-decoder-webm-vp8: 9c59270c3fd7afecdb556c50c9e8de78 -> 
  custom:SearchIndexIgnoredProperties: e643bd26f0fe6173181afceb89e7c659 -> 
  custom:AudioImporter_EditorPlatform: 3918e3fc78b5a79bad01e8451be0beb8 -> 
  custom:framework-osx-AVFoundation: e770b220cccbd017edd2c1fefb359320 -> 
  custom:video-encoder-webm-vp8: eb34c28f22e8b96e1ab97ce403110664 -> 
  custom:audio-decoder-ogg-vorbis: bf7c407c2cedff20999df2af8eb42d56 -> 
  custom:audio-encoder-webm-vorbis: bf7c407c2cedff20999df2af8eb42d56 -> 
  custom:scripting/precompiled-assembly-types:Assembly-CSharp: 4118f9efece36469725b6a708a004cfd -> 975431d59eab3a43bafba41244e6b097
========================================================================
Received Prepare
Caller must complete domain reload
 #0 GetStacktrace(int)
 #1 DebugStringToFile(DebugStringToFileData const&)
 #2 AssertImplementation(int, char const*, int, int, char const*)
 #3 Internal_ADB_WorkerOnly_DomainReload(AssemblyLoadReason)
 #4 WorkerDomainReloadV2()
 #5 AssetImportWorkerClient::ReloadMonoDomain(AssetResolver&)
 #6 invocation function for block in AssetImportWorkerClient::HandleMessage(PrepareMessage const&)::$_4::operator()() const
 #7 _dispatch_client_callout
 #8 _dispatch_async_and_wait_invoke
 #9 _dispatch_client_callout
 #10 _dispatch_main_queue_drain
 #11 _dispatch_main_queue_callback_4CF
 #12 __CFRUNLOOP_IS_SERVICING_THE_MAIN_DISPATCH_QUEUE__
 #13 __CFRunLoopRun
 #14 CFRunLoopRunSpecific
 #15 RunCurrentEventLoopInMode
 #16 ReceiveNextEventCommon
 #17 _BlockUntilNextEventMatchingListInModeWithFilter
 #18 _DPSNextEvent
 #19 -[NSApplication(NSEvent) _nextEventMatchingEventMask:untilDate:inMode:dequeue:]
 #20 -[NSApplication run]
 #21 NSApplicationMain
 #22 EditorMain(int, char const**)
 #23 main
 #24 start

Begin MonoManager ReloadAssembly
- Loaded All Assemblies, in  0.799 seconds
Native extension for WindowsStandalone target not found
Native extension for iOS target not found
Native extension for Android target not found
Native extension for OSXStandalone target not found
Mono: successfully reloaded assembly
[Package Manager] Server::EnsureServerProcessIsRunning -- launch failed, reason: Unity was launched with the -noUpm command-line argument
[Package Manager] UpmClient::Send -- Unable to send message (not connected to UPM process).
[Package Manager] Cannot connect to Unity Package Manager local server
- Finished resetting the current domain, in  1.475 seconds
Domain Reload Profiling: 2273ms
	BeginReloadAssembly (267ms)
		ExecutionOrderSort (0ms)
		DisableScriptedObjects (20ms)
		BackupInstance (0ms)
		ReleaseScriptingObjects (0ms)
		CreateAndSetChildDomain (82ms)
	RebuildCommonClasses (65ms)
	RebuildNativeTypeToScriptingClass (22ms)
	initialDomainReloadingComplete (52ms)
	LoadAllAssembliesAndSetupDomain (392ms)
		LoadAssemblies (487ms)
		RebuildTransferFunctionScriptingTraits (0ms)
		AnalyzeDomain (29ms)
			TypeCache.Refresh (10ms)
				TypeCache.ScanAssembly (0ms)
			ScanForSourceGeneratedMonoScriptInfo (0ms)
			ResolveRequiredComponents (14ms)
	FinalizeReload (1476ms)
		ReleaseScriptCaches (0ms)
		RebuildScriptCaches (0ms)
		SetupLoadedEditorAssemblies (789ms)
			LogAssemblyErrors (0ms)
			InitializePlatformSupportModulesInManaged (55ms)
			SetLoadedEditorAssemblies (9ms)
			RefreshPlugins (0ms)
			BeforeProcessingInitializeOnLoad (116ms)
			ProcessInitializeOnLoadAttributes (544ms)
			ProcessInitializeOnLoadMethodAttributes (62ms)
			AfterProcessingInitializeOnLoad (2ms)
			EditorAssembliesLoaded (0ms)
		ExecutionOrderSort2 (0ms)
		AwakeInstancesAfterBackupRestoration (17ms)
Refreshing native plugins compatible for Editor in 5.72 ms, found 3 plugins.
Preloading 0 native plugins for Editor in 0.00 ms.
Unloading 4321 Unused Serialized files (Serialized files now loaded: 0)
Unloading 19 unused Assets / (31.4 KB). Loaded Objects now: 5004.
Memory consumption went from 369.1 MB to 369.1 MB.
Total: 7.180929 ms (FindLiveObjects: 0.455833 ms CreateObjectMapping: 0.516279 ms MarkObjects: 6.104616 ms  DeleteObjects: 0.102557 ms)

Prepare: number of updated asset objects reloaded= 0
AssetImportParameters requested are different than current active one (requested -> active):
  custom:container-demuxer-ogg: 62fdf1f143b41e24485cea50d1cbac27 -> 
  custom:scripting/monoscript/fileName/Rumble Toggle.cs: 9255d141ced706a64b082180f4b6a5c6 -> 
  custom:video-decoder-ogg-theora: a1e56fd34408186e4bbccfd4996cb3dc -> 
  custom:CustomObjectIndexerAttribute: 9a22284fe3817be447336de3de66b15e -> 
  custom:container-demuxer-webm: 4f35f7cbe854078d1ac9338744f61a02 -> 
  custom:container-muxer-webm: aa71ff27fc2769a1b78a27578f13a17b -> 
  custom:video-decoder-webm-vp8: 9c59270c3fd7afecdb556c50c9e8de78 -> 
  custom:SearchIndexIgnoredProperties: e643bd26f0fe6173181afceb89e7c659 -> 
  custom:AudioImporter_EditorPlatform: 3918e3fc78b5a79bad01e8451be0beb8 -> 
  custom:framework-osx-AVFoundation: e770b220cccbd017edd2c1fefb359320 -> 
  custom:video-encoder-webm-vp8: eb34c28f22e8b96e1ab97ce403110664 -> 
  custom:audio-decoder-ogg-vorbis: bf7c407c2cedff20999df2af8eb42d56 -> 
  custom:audio-encoder-webm-vorbis: bf7c407c2cedff20999df2af8eb42d56 -> 
  custom:scripting/precompiled-assembly-types:Assembly-CSharp: 4118f9efece36469725b6a708a004cfd -> 975431d59eab3a43bafba41244e6b097
========================================================================
Received Prepare
Caller must complete domain reload
 #0 GetStacktrace(int)
 #1 DebugStringToFile(DebugStringToFileData const&)
 #2 AssertImplementation(int, char const*, int, int, char const*)
 #3 Internal_ADB_WorkerOnly_DomainReload(AssemblyLoadReason)
 #4 WorkerDomainReloadV2()
 #5 AssetImportWorkerClient::ReloadMonoDomain(AssetResolver&)
 #6 invocation function for block in AssetImportWorkerClient::HandleMessage(PrepareMessage const&)::$_4::operator()() const
 #7 _dispatch_client_callout
 #8 _dispatch_async_and_wait_invoke
 #9 _dispatch_client_callout
 #10 _dispatch_main_queue_drain
 #11 _dispatch_main_queue_callback_4CF
 #12 __CFRUNLOOP_IS_SERVICING_THE_MAIN_DISPATCH_QUEUE__
 #13 __CFRunLoopRun
 #14 CFRunLoopRunSpecific
 #15 RunCurrentEventLoopInMode
 #16 ReceiveNextEventCommon
 #17 _BlockUntilNextEventMatchingListInModeWithFilter
 #18 _DPSNextEvent
 #19 -[NSApplication(NSEvent) _nextEventMatchingEventMask:untilDate:inMode:dequeue:]
 #20 -[NSApplication run]
 #21 NSApplicationMain
 #22 EditorMain(int, char const**)
 #23 main
 #24 start

Begin MonoManager ReloadAssembly
- Loaded All Assemblies, in  0.950 seconds
Native extension for WindowsStandalone target not found
Native extension for iOS target not found
Native extension for Android target not found
Native extension for OSXStandalone target not found
Mono: successfully reloaded assembly
[Package Manager] Server::EnsureServerProcessIsRunning -- launch failed, reason: Unity was launched with the -noUpm command-line argument
[Package Manager] UpmClient::Send -- Unable to send message (not connected to UPM process).
[Package Manager] Cannot connect to Unity Package Manager local server
- Finished resetting the current domain, in  2.307 seconds
Domain Reload Profiling: 3256ms
	BeginReloadAssembly (276ms)
		ExecutionOrderSort (0ms)
		DisableScriptedObjects (20ms)
		BackupInstance (0ms)
		ReleaseScriptingObjects (0ms)
		CreateAndSetChildDomain (95ms)
	RebuildCommonClasses (70ms)
	RebuildNativeTypeToScriptingClass (25ms)
	initialDomainReloadingComplete (46ms)
	LoadAllAssembliesAndSetupDomain (532ms)
		LoadAssemblies (584ms)
		RebuildTransferFunctionScriptingTraits (0ms)
		AnalyzeDomain (67ms)
			TypeCache.Refresh (24ms)
				TypeCache.ScanAssembly (5ms)
			ScanForSourceGeneratedMonoScriptInfo (23ms)
			ResolveRequiredComponents (14ms)
	FinalizeReload (2307ms)
		ReleaseScriptCaches (0ms)
		RebuildScriptCaches (0ms)
		SetupLoadedEditorAssemblies (746ms)
			LogAssemblyErrors (0ms)
			InitializePlatformSupportModulesInManaged (55ms)
			SetLoadedEditorAssemblies (8ms)
			RefreshPlugins (0ms)
			BeforeProcessingInitializeOnLoad (115ms)
			ProcessInitializeOnLoadAttributes (505ms)
			ProcessInitializeOnLoadMethodAttributes (61ms)
			AfterProcessingInitializeOnLoad (2ms)
			EditorAssembliesLoaded (0ms)
		ExecutionOrderSort2 (0ms)
		AwakeInstancesAfterBackupRestoration (18ms)
Refreshing native plugins compatible for Editor in 5.42 ms, found 3 plugins.
Preloading 0 native plugins for Editor in 0.00 ms.
Unloading 4321 Unused Serialized files (Serialized files now loaded: 0)
Unloading 19 unused Assets / (31.3 KB). Loaded Objects now: 5008.
Memory consumption went from 373.5 MB to 373.5 MB.
Total: 5.588984 ms (FindLiveObjects: 0.434383 ms CreateObjectMapping: 0.409305 ms MarkObjects: 4.682733 ms  DeleteObjects: 0.061151 ms)

Prepare: number of updated asset objects reloaded= 0
AssetImportParameters requested are different than current active one (requested -> active):
  custom:container-demuxer-ogg: 62fdf1f143b41e24485cea50d1cbac27 -> 
  custom:scripting/monoscript/fileName/Rumble Toggle.cs: 9255d141ced706a64b082180f4b6a5c6 -> 
  custom:video-decoder-ogg-theora: a1e56fd34408186e4bbccfd4996cb3dc -> 
  custom:CustomObjectIndexerAttribute: 9a22284fe3817be447336de3de66b15e -> 
  custom:container-demuxer-webm: 4f35f7cbe854078d1ac9338744f61a02 -> 
  custom:container-muxer-webm: aa71ff27fc2769a1b78a27578f13a17b -> 
  custom:video-decoder-webm-vp8: 9c59270c3fd7afecdb556c50c9e8de78 -> 
  custom:SearchIndexIgnoredProperties: e643bd26f0fe6173181afceb89e7c659 -> 
  custom:AudioImporter_EditorPlatform: 3918e3fc78b5a79bad01e8451be0beb8 -> 
  custom:framework-osx-AVFoundation: e770b220cccbd017edd2c1fefb359320 -> 
  custom:video-encoder-webm-vp8: eb34c28f22e8b96e1ab97ce403110664 -> 
  custom:audio-decoder-ogg-vorbis: bf7c407c2cedff20999df2af8eb42d56 -> 
  custom:audio-encoder-webm-vorbis: bf7c407c2cedff20999df2af8eb42d56 -> 
  custom:scripting/precompiled-assembly-types:Assembly-CSharp: 4118f9efece36469725b6a708a004cfd -> 975431d59eab3a43bafba41244e6b097
========================================================================
Received Prepare
Caller must complete domain reload
 #0 GetStacktrace(int)
 #1 DebugStringToFile(DebugStringToFileData const&)
 #2 AssertImplementation(int, char const*, int, int, char const*)
 #3 Internal_ADB_WorkerOnly_DomainReload(AssemblyLoadReason)
 #4 WorkerDomainReloadV2()
 #5 AssetImportWorkerClient::ReloadMonoDomain(AssetResolver&)
 #6 invocation function for block in AssetImportWorkerClient::HandleMessage(PrepareMessage const&)::$_4::operator()() const
 #7 _dispatch_client_callout
 #8 _dispatch_async_and_wait_invoke
 #9 _dispatch_client_callout
 #10 _dispatch_main_queue_drain
 #11 _dispatch_main_queue_callback_4CF
 #12 __CFRUNLOOP_IS_SERVICING_THE_MAIN_DISPATCH_QUEUE__
 #13 __CFRunLoopRun
 #14 CFRunLoopRunSpecific
 #15 RunCurrentEventLoopInMode
 #16 ReceiveNextEventCommon
 #17 _BlockUntilNextEventMatchingListInModeWithFilter
 #18 _DPSNextEvent
 #19 -[NSApplication(NSEvent) _nextEventMatchingEventMask:untilDate:inMode:dequeue:]
 #20 -[NSApplication run]
 #21 NSApplicationMain
 #22 EditorMain(int, char const**)
 #23 main
 #24 start

Begin MonoManager ReloadAssembly
- Loaded All Assemblies, in  0.775 seconds
Native extension for WindowsStandalone target not found
Native extension for iOS target not found
Native extension for Android target not found
Native extension for OSXStandalone target not found
Mono: successfully reloaded assembly
[Package Manager] Server::EnsureServerProcessIsRunning -- launch failed, reason: Unity was launched with the -noUpm command-line argument
[Package Manager] UpmClient::Send -- Unable to send message (not connected to UPM process).
[Package Manager] Cannot connect to Unity Package Manager local server
- Finished resetting the current domain, in  1.601 seconds
Domain Reload Profiling: 2375ms
	BeginReloadAssembly (251ms)
		ExecutionOrderSort (0ms)
		DisableScriptedObjects (20ms)
		BackupInstance (0ms)
		ReleaseScriptingObjects (0ms)
		CreateAndSetChildDomain (81ms)
	RebuildCommonClasses (69ms)
	RebuildNativeTypeToScriptingClass (21ms)
	initialDomainReloadingComplete (41ms)
	LoadAllAssembliesAndSetupDomain (391ms)
		LoadAssemblies (472ms)
		RebuildTransferFunctionScriptingTraits (0ms)
		AnalyzeDomain (29ms)
			TypeCache.Refresh (9ms)
				TypeCache.ScanAssembly (0ms)
			ScanForSourceGeneratedMonoScriptInfo (0ms)
			ResolveRequiredComponents (14ms)
	FinalizeReload (1601ms)
		ReleaseScriptCaches (0ms)
		RebuildScriptCaches (0ms)
		SetupLoadedEditorAssemblies (870ms)
			LogAssemblyErrors (0ms)
			InitializePlatformSupportModulesInManaged (58ms)
			SetLoadedEditorAssemblies (11ms)
			RefreshPlugins (0ms)
			BeforeProcessingInitializeOnLoad (128ms)
			ProcessInitializeOnLoadAttributes (585ms)
			ProcessInitializeOnLoadMethodAttributes (85ms)
			AfterProcessingInitializeOnLoad (3ms)
			EditorAssembliesLoaded (1ms)
		ExecutionOrderSort2 (0ms)
		AwakeInstancesAfterBackupRestoration (29ms)
Refreshing native plugins compatible for Editor in 5.54 ms, found 3 plugins.
Preloading 0 native plugins for Editor in 0.00 ms.
Unloading 4321 Unused Serialized files (Serialized files now loaded: 0)
Unloading 19 unused Assets / (31.4 KB). Loaded Objects now: 5012.
Memory consumption went from 377.9 MB to 377.8 MB.
Total: 7.557471 ms (FindLiveObjects: 0.546520 ms CreateObjectMapping: 0.495483 ms MarkObjects: 6.437040 ms  DeleteObjects: 0.076702 ms)

Prepare: number of updated asset objects reloaded= 0
AssetImportParameters requested are different than current active one (requested -> active):
  custom:container-demuxer-ogg: 62fdf1f143b41e24485cea50d1cbac27 -> 
  custom:scripting/monoscript/fileName/Rumble Toggle.cs: 9255d141ced706a64b082180f4b6a5c6 -> 
  custom:video-decoder-ogg-theora: a1e56fd34408186e4bbccfd4996cb3dc -> 
  custom:CustomObjectIndexerAttribute: 9a22284fe3817be447336de3de66b15e -> 
  custom:container-demuxer-webm: 4f35f7cbe854078d1ac9338744f61a02 -> 
  custom:container-muxer-webm: aa71ff27fc2769a1b78a27578f13a17b -> 
  custom:video-decoder-webm-vp8: 9c59270c3fd7afecdb556c50c9e8de78 -> 
  custom:SearchIndexIgnoredProperties: e643bd26f0fe6173181afceb89e7c659 -> 
  custom:AudioImporter_EditorPlatform: 3918e3fc78b5a79bad01e8451be0beb8 -> 
  custom:framework-osx-AVFoundation: e770b220cccbd017edd2c1fefb359320 -> 
  custom:video-encoder-webm-vp8: eb34c28f22e8b96e1ab97ce403110664 -> 
  custom:audio-decoder-ogg-vorbis: bf7c407c2cedff20999df2af8eb42d56 -> 
  custom:audio-encoder-webm-vorbis: bf7c407c2cedff20999df2af8eb42d56 -> 
  custom:scripting/precompiled-assembly-types:Assembly-CSharp: 4118f9efece36469725b6a708a004cfd -> 975431d59eab3a43bafba41244e6b097
========================================================================
Received Prepare
Caller must complete domain reload
 #0 GetStacktrace(int)
 #1 DebugStringToFile(DebugStringToFileData const&)
 #2 AssertImplementation(int, char const*, int, int, char const*)
 #3 Internal_ADB_WorkerOnly_DomainReload(AssemblyLoadReason)
 #4 WorkerDomainReloadV2()
 #5 AssetImportWorkerClient::ReloadMonoDomain(AssetResolver&)
 #6 invocation function for block in AssetImportWorkerClient::HandleMessage(PrepareMessage const&)::$_4::operator()() const
 #7 _dispatch_client_callout
 #8 _dispatch_async_and_wait_invoke
 #9 _dispatch_client_callout
 #10 _dispatch_main_queue_drain
 #11 _dispatch_main_queue_callback_4CF
 #12 __CFRUNLOOP_IS_SERVICING_THE_MAIN_DISPATCH_QUEUE__
 #13 __CFRunLoopRun
 #14 CFRunLoopRunSpecific
 #15 RunCurrentEventLoopInMode
 #16 ReceiveNextEventCommon
 #17 _BlockUntilNextEventMatchingListInModeWithFilter
 #18 _DPSNextEvent
 #19 -[NSApplication(NSEvent) _nextEventMatchingEventMask:untilDate:inMode:dequeue:]
 #20 -[NSApplication run]
 #21 NSApplicationMain
 #22 EditorMain(int, char const**)
 #23 main
 #24 start

Begin MonoManager ReloadAssembly
- Loaded All Assemblies, in  0.836 seconds
Native extension for WindowsStandalone target not found
Native extension for iOS target not found
Native extension for Android target not found
Native extension for OSXStandalone target not found
Mono: successfully reloaded assembly
[Package Manager] Server::EnsureServerProcessIsRunning -- launch failed, reason: Unity was launched with the -noUpm command-line argument
[Package Manager] UpmClient::Send -- Unable to send message (not connected to UPM process).
[Package Manager] Cannot connect to Unity Package Manager local server
- Finished resetting the current domain, in  1.593 seconds
Domain Reload Profiling: 2428ms
	BeginReloadAssembly (265ms)
		ExecutionOrderSort (0ms)
		DisableScriptedObjects (20ms)
		BackupInstance (0ms)
		ReleaseScriptingObjects (0ms)
		CreateAndSetChildDomain (85ms)
	RebuildCommonClasses (79ms)
	RebuildNativeTypeToScriptingClass (29ms)
	initialDomainReloadingComplete (46ms)
	LoadAllAssembliesAndSetupDomain (416ms)
		LoadAssemblies (507ms)
		RebuildTransferFunctionScriptingTraits (0ms)
		AnalyzeDomain (28ms)
			TypeCache.Refresh (9ms)
				TypeCache.ScanAssembly (0ms)
			ScanForSourceGeneratedMonoScriptInfo (0ms)
			ResolveRequiredComponents (14ms)
	FinalizeReload (1594ms)
		ReleaseScriptCaches (0ms)
		RebuildScriptCaches (0ms)
		SetupLoadedEditorAssemblies (883ms)
			LogAssemblyErrors (0ms)
			InitializePlatformSupportModulesInManaged (56ms)
			SetLoadedEditorAssemblies (11ms)
			RefreshPlugins (0ms)
			BeforeProcessingInitializeOnLoad (130ms)
			ProcessInitializeOnLoadAttributes (592ms)
			ProcessInitializeOnLoadMethodAttributes (89ms)
			AfterProcessingInitializeOnLoad (4ms)
			EditorAssembliesLoaded (1ms)
		ExecutionOrderSort2 (0ms)
		AwakeInstancesAfterBackupRestoration (25ms)
Refreshing native plugins compatible for Editor in 6.39 ms, found 3 plugins.
Preloading 0 native plugins for Editor in 0.00 ms.
Unloading 4321 Unused Serialized files (Serialized files now loaded: 0)
Unloading 19 unused Assets / (31.3 KB). Loaded Objects now: 5016.
Memory consumption went from 382.2 MB to 382.2 MB.
Total: 6.640785 ms (FindLiveObjects: 0.448357 ms CreateObjectMapping: 0.481830 ms MarkObjects: 5.625620 ms  DeleteObjects: 0.082990 ms)

Prepare: number of updated asset objects reloaded= 0
AssetImportParameters requested are different than current active one (requested -> active):
  custom:container-demuxer-ogg: 62fdf1f143b41e24485cea50d1cbac27 -> 
  custom:scripting/monoscript/fileName/Rumble Toggle.cs: 9255d141ced706a64b082180f4b6a5c6 -> 
  custom:video-decoder-ogg-theora: a1e56fd34408186e4bbccfd4996cb3dc -> 
  custom:CustomObjectIndexerAttribute: 9a22284fe3817be447336de3de66b15e -> 
  custom:container-demuxer-webm: 4f35f7cbe854078d1ac9338744f61a02 -> 
  custom:container-muxer-webm: aa71ff27fc2769a1b78a27578f13a17b -> 
  custom:video-decoder-webm-vp8: 9c59270c3fd7afecdb556c50c9e8de78 -> 
  custom:SearchIndexIgnoredProperties: e643bd26f0fe6173181afceb89e7c659 -> 
  custom:AudioImporter_EditorPlatform: 3918e3fc78b5a79bad01e8451be0beb8 -> 
  custom:framework-osx-AVFoundation: e770b220cccbd017edd2c1fefb359320 -> 
  custom:video-encoder-webm-vp8: eb34c28f22e8b96e1ab97ce403110664 -> 
  custom:audio-decoder-ogg-vorbis: bf7c407c2cedff20999df2af8eb42d56 -> 
  custom:audio-encoder-webm-vorbis: bf7c407c2cedff20999df2af8eb42d56 -> 
  custom:scripting/precompiled-assembly-types:Assembly-CSharp: 4118f9efece36469725b6a708a004cfd -> 975431d59eab3a43bafba41244e6b097
========================================================================
Received Prepare
Caller must complete domain reload
 #0 GetStacktrace(int)
 #1 DebugStringToFile(DebugStringToFileData const&)
 #2 AssertImplementation(int, char const*, int, int, char const*)
 #3 Internal_ADB_WorkerOnly_DomainReload(AssemblyLoadReason)
 #4 WorkerDomainReloadV2()
 #5 AssetImportWorkerClient::ReloadMonoDomain(AssetResolver&)
 #6 invocation function for block in AssetImportWorkerClient::HandleMessage(PrepareMessage const&)::$_4::operator()() const
 #7 _dispatch_client_callout
 #8 _dispatch_async_and_wait_invoke
 #9 _dispatch_client_callout
 #10 _dispatch_main_queue_drain
 #11 _dispatch_main_queue_callback_4CF
 #12 __CFRUNLOOP_IS_SERVICING_THE_MAIN_DISPATCH_QUEUE__
 #13 __CFRunLoopRun
 #14 CFRunLoopRunSpecific
 #15 RunCurrentEventLoopInMode
 #16 ReceiveNextEventCommon
 #17 _BlockUntilNextEventMatchingListInModeWithFilter
 #18 _DPSNextEvent
 #19 -[NSApplication(NSEvent) _nextEventMatchingEventMask:untilDate:inMode:dequeue:]
 #20 -[NSApplication run]
 #21 NSApplicationMain
 #22 EditorMain(int, char const**)
 #23 main
 #24 start

Begin MonoManager ReloadAssembly
- Loaded All Assemblies, in  0.975 seconds
Native extension for WindowsStandalone target not found
Native extension for iOS target not found
Native extension for Android target not found
Native extension for OSXStandalone target not found
Mono: successfully reloaded assembly
[Package Manager] Server::EnsureServerProcessIsRunning -- launch failed, reason: Unity was launched with the -noUpm command-line argument
[Package Manager] UpmClient::Send -- Unable to send message (not connected to UPM process).
[Package Manager] Cannot connect to Unity Package Manager local server
- Finished resetting the current domain, in  2.454 seconds
Domain Reload Profiling: 3429ms
	BeginReloadAssembly (302ms)
		ExecutionOrderSort (0ms)
		DisableScriptedObjects (23ms)
		BackupInstance (0ms)
		ReleaseScriptingObjects (0ms)
		CreateAndSetChildDomain (108ms)
	RebuildCommonClasses (71ms)
	RebuildNativeTypeToScriptingClass (22ms)
	initialDomainReloadingComplete (47ms)
	LoadAllAssembliesAndSetupDomain (532ms)
		LoadAssemblies (593ms)
		RebuildTransferFunctionScriptingTraits (0ms)
		AnalyzeDomain (66ms)
			TypeCache.Refresh (20ms)
				TypeCache.ScanAssembly (4ms)
			ScanForSourceGeneratedMonoScriptInfo (23ms)
			ResolveRequiredComponents (17ms)
	FinalizeReload (2455ms)
		ReleaseScriptCaches (0ms)
		RebuildScriptCaches (0ms)
		SetupLoadedEditorAssemblies (811ms)
			LogAssemblyErrors (0ms)
			InitializePlatformSupportModulesInManaged (60ms)
			SetLoadedEditorAssemblies (9ms)
			RefreshPlugins (0ms)
			BeforeProcessingInitializeOnLoad (123ms)
			ProcessInitializeOnLoadAttributes (550ms)
			ProcessInitializeOnLoadMethodAttributes (66ms)
			AfterProcessingInitializeOnLoad (2ms)
			EditorAssembliesLoaded (0ms)
		ExecutionOrderSort2 (0ms)
		AwakeInstancesAfterBackupRestoration (19ms)
Refreshing native plugins compatible for Editor in 5.40 ms, found 3 plugins.
Preloading 0 native plugins for Editor in 0.00 ms.
Unloading 4321 Unused Serialized files (Serialized files now loaded: 0)
Unloading 19 unused Assets / (31.4 KB). Loaded Objects now: 5020.
Memory consumption went from 386.6 MB to 386.5 MB.
Total: 6.302057 ms (FindLiveObjects: 0.472896 ms CreateObjectMapping: 0.496322 ms MarkObjects: 5.264068 ms  DeleteObjects: 0.067013 ms)

Prepare: number of updated asset objects reloaded= 0
AssetImportParameters requested are different than current active one (requested -> active):
  custom:container-demuxer-ogg: 62fdf1f143b41e24485cea50d1cbac27 -> 
  custom:scripting/monoscript/fileName/Rumble Toggle.cs: 9255d141ced706a64b082180f4b6a5c6 -> 
  custom:video-decoder-ogg-theora: a1e56fd34408186e4bbccfd4996cb3dc -> 
  custom:CustomObjectIndexerAttribute: 9a22284fe3817be447336de3de66b15e -> 
  custom:container-demuxer-webm: 4f35f7cbe854078d1ac9338744f61a02 -> 
  custom:container-muxer-webm: aa71ff27fc2769a1b78a27578f13a17b -> 
  custom:video-decoder-webm-vp8: 9c59270c3fd7afecdb556c50c9e8de78 -> 
  custom:SearchIndexIgnoredProperties: e643bd26f0fe6173181afceb89e7c659 -> 
  custom:AudioImporter_EditorPlatform: 3918e3fc78b5a79bad01e8451be0beb8 -> 
  custom:framework-osx-AVFoundation: e770b220cccbd017edd2c1fefb359320 -> 
  custom:video-encoder-webm-vp8: eb34c28f22e8b96e1ab97ce403110664 -> 
  custom:audio-decoder-ogg-vorbis: bf7c407c2cedff20999df2af8eb42d56 -> 
  custom:audio-encoder-webm-vorbis: bf7c407c2cedff20999df2af8eb42d56 -> 
  custom:scripting/precompiled-assembly-types:Assembly-CSharp: 4118f9efece36469725b6a708a004cfd -> 975431d59eab3a43bafba41244e6b097
========================================================================
Received Prepare
Caller must complete domain reload
 #0 GetStacktrace(int)
 #1 DebugStringToFile(DebugStringToFileData const&)
 #2 AssertImplementation(int, char const*, int, int, char const*)
 #3 Internal_ADB_WorkerOnly_DomainReload(AssemblyLoadReason)
 #4 WorkerDomainReloadV2()
 #5 AssetImportWorkerClient::ReloadMonoDomain(AssetResolver&)
 #6 invocation function for block in AssetImportWorkerClient::HandleMessage(PrepareMessage const&)::$_4::operator()() const
 #7 _dispatch_client_callout
 #8 _dispatch_async_and_wait_invoke
 #9 _dispatch_client_callout
 #10 _dispatch_main_queue_drain
 #11 _dispatch_main_queue_callback_4CF
 #12 __CFRUNLOOP_IS_SERVICING_THE_MAIN_DISPATCH_QUEUE__
 #13 __CFRunLoopRun
 #14 CFRunLoopRunSpecific
 #15 RunCurrentEventLoopInMode
 #16 ReceiveNextEventCommon
 #17 _BlockUntilNextEventMatchingListInModeWithFilter
 #18 _DPSNextEvent
 #19 -[NSApplication(NSEvent) _nextEventMatchingEventMask:untilDate:inMode:dequeue:]
 #20 -[NSApplication run]
 #21 NSApplicationMain
 #22 EditorMain(int, char const**)
 #23 main
 #24 start

Begin MonoManager ReloadAssembly
- Loaded All Assemblies, in  0.778 seconds
Native extension for WindowsStandalone target not found
Native extension for iOS target not found
Native extension for Android target not found
Native extension for OSXStandalone target not found
Mono: successfully reloaded assembly
[Package Manager] Server::EnsureServerProcessIsRunning -- launch failed, reason: Unity was launched with the -noUpm command-line argument
[Package Manager] UpmClient::Send -- Unable to send message (not connected to UPM process).
[Package Manager] Cannot connect to Unity Package Manager local server
- Finished resetting the current domain, in  1.552 seconds
Domain Reload Profiling: 2329ms
	BeginReloadAssembly (256ms)
		ExecutionOrderSort (0ms)
		DisableScriptedObjects (20ms)
		BackupInstance (0ms)
		ReleaseScriptingObjects (0ms)
		CreateAndSetChildDomain (86ms)
	RebuildCommonClasses (65ms)
	RebuildNativeTypeToScriptingClass (22ms)
	initialDomainReloadingComplete (42ms)
	LoadAllAssembliesAndSetupDomain (391ms)
		LoadAssemblies (471ms)
		RebuildTransferFunctionScriptingTraits (0ms)
		AnalyzeDomain (29ms)
			TypeCache.Refresh (10ms)
				TypeCache.ScanAssembly (0ms)
			ScanForSourceGeneratedMonoScriptInfo (0ms)
			ResolveRequiredComponents (14ms)
	FinalizeReload (1553ms)
		ReleaseScriptCaches (0ms)
		RebuildScriptCaches (0ms)
		SetupLoadedEditorAssemblies (833ms)
			LogAssemblyErrors (0ms)
			InitializePlatformSupportModulesInManaged (63ms)
			SetLoadedEditorAssemblies (9ms)
			RefreshPlugins (0ms)
			BeforeProcessingInitializeOnLoad (121ms)
			ProcessInitializeOnLoadAttributes (555ms)
			ProcessInitializeOnLoadMethodAttributes (81ms)
			AfterProcessingInitializeOnLoad (3ms)
			EditorAssembliesLoaded (1ms)
		ExecutionOrderSort2 (0ms)
		AwakeInstancesAfterBackupRestoration (24ms)
Refreshing native plugins compatible for Editor in 5.86 ms, found 3 plugins.
Preloading 0 native plugins for Editor in 0.00 ms.
Unloading 4321 Unused Serialized files (Serialized files now loaded: 0)
Unloading 19 unused Assets / (31.4 KB). Loaded Objects now: 5024.
Memory consumption went from 390.9 MB to 390.9 MB.
Total: 7.171688 ms (FindLiveObjects: 0.493962 ms CreateObjectMapping: 0.638917 ms MarkObjects: 5.969921 ms  DeleteObjects: 0.067292 ms)

Prepare: number of updated asset objects reloaded= 0
AssetImportParameters requested are different than current active one (requested -> active):
  custom:container-demuxer-ogg: 62fdf1f143b41e24485cea50d1cbac27 -> 
  custom:scripting/monoscript/fileName/Rumble Toggle.cs: 9255d141ced706a64b082180f4b6a5c6 -> 
  custom:video-decoder-ogg-theora: a1e56fd34408186e4bbccfd4996cb3dc -> 
  custom:CustomObjectIndexerAttribute: 9a22284fe3817be447336de3de66b15e -> 
  custom:container-demuxer-webm: 4f35f7cbe854078d1ac9338744f61a02 -> 
  custom:container-muxer-webm: aa71ff27fc2769a1b78a27578f13a17b -> 
  custom:video-decoder-webm-vp8: 9c59270c3fd7afecdb556c50c9e8de78 -> 
  custom:SearchIndexIgnoredProperties: e643bd26f0fe6173181afceb89e7c659 -> 
  custom:AudioImporter_EditorPlatform: 3918e3fc78b5a79bad01e8451be0beb8 -> 
  custom:framework-osx-AVFoundation: e770b220cccbd017edd2c1fefb359320 -> 
  custom:video-encoder-webm-vp8: eb34c28f22e8b96e1ab97ce403110664 -> 
  custom:audio-decoder-ogg-vorbis: bf7c407c2cedff20999df2af8eb42d56 -> 
  custom:audio-encoder-webm-vorbis: bf7c407c2cedff20999df2af8eb42d56 -> 
  custom:scripting/precompiled-assembly-types:Assembly-CSharp: 4118f9efece36469725b6a708a004cfd -> 975431d59eab3a43bafba41244e6b097
========================================================================
Received Prepare
Caller must complete domain reload
 #0 GetStacktrace(int)
 #1 DebugStringToFile(DebugStringToFileData const&)
 #2 AssertImplementation(int, char const*, int, int, char const*)
 #3 Internal_ADB_WorkerOnly_DomainReload(AssemblyLoadReason)
 #4 WorkerDomainReloadV2()
 #5 AssetImportWorkerClient::ReloadMonoDomain(AssetResolver&)
 #6 invocation function for block in AssetImportWorkerClient::HandleMessage(PrepareMessage const&)::$_4::operator()() const
 #7 _dispatch_client_callout
 #8 _dispatch_async_and_wait_invoke
 #9 _dispatch_client_callout
 #10 _dispatch_main_queue_drain
 #11 _dispatch_main_queue_callback_4CF
 #12 __CFRUNLOOP_IS_SERVICING_THE_MAIN_DISPATCH_QUEUE__
 #13 __CFRunLoopRun
 #14 CFRunLoopRunSpecific
 #15 RunCurrentEventLoopInMode
 #16 ReceiveNextEventCommon
 #17 _BlockUntilNextEventMatchingListInModeWithFilter
 #18 _DPSNextEvent
 #19 -[NSApplication(NSEvent) _nextEventMatchingEventMask:untilDate:inMode:dequeue:]
 #20 -[NSApplication run]
 #21 NSApplicationMain
 #22 EditorMain(int, char const**)
 #23 main
 #24 start

Begin MonoManager ReloadAssembly
- Loaded All Assemblies, in  0.865 seconds
Native extension for WindowsStandalone target not found
Native extension for iOS target not found
Native extension for Android target not found
Native extension for OSXStandalone target not found
Mono: successfully reloaded assembly
[Package Manager] Server::EnsureServerProcessIsRunning -- launch failed, reason: Unity was launched with the -noUpm command-line argument
[Package Manager] UpmClient::Send -- Unable to send message (not connected to UPM process).
[Package Manager] Cannot connect to Unity Package Manager local server
- Finished resetting the current domain, in  2.448 seconds
Domain Reload Profiling: 3312ms
	BeginReloadAssembly (266ms)
		ExecutionOrderSort (0ms)
		DisableScriptedObjects (24ms)
		BackupInstance (0ms)
		ReleaseScriptingObjects (0ms)
		CreateAndSetChildDomain (88ms)
	RebuildCommonClasses (68ms)
	RebuildNativeTypeToScriptingClass (24ms)
	initialDomainReloadingComplete (48ms)
	LoadAllAssembliesAndSetupDomain (458ms)
		LoadAssemblies (511ms)
		RebuildTransferFunctionScriptingTraits (0ms)
		AnalyzeDomain (60ms)
			TypeCache.Refresh (18ms)
				TypeCache.ScanAssembly (3ms)
			ScanForSourceGeneratedMonoScriptInfo (23ms)
			ResolveRequiredComponents (15ms)
	FinalizeReload (2449ms)
		ReleaseScriptCaches (0ms)
		RebuildScriptCaches (0ms)
		SetupLoadedEditorAssemblies (809ms)
			LogAssemblyErrors (0ms)
			InitializePlatformSupportModulesInManaged (62ms)
			SetLoadedEditorAssemblies (9ms)
			RefreshPlugins (0ms)
			BeforeProcessingInitializeOnLoad (130ms)
			ProcessInitializeOnLoadAttributes (538ms)
			ProcessInitializeOnLoadMethodAttributes (66ms)
			AfterProcessingInitializeOnLoad (3ms)
			EditorAssembliesLoaded (1ms)
		ExecutionOrderSort2 (0ms)
		AwakeInstancesAfterBackupRestoration (21ms)
Refreshing native plugins compatible for Editor in 5.24 ms, found 3 plugins.
Preloading 0 native plugins for Editor in 0.00 ms.
Unloading 4321 Unused Serialized files (Serialized files now loaded: 0)
Unloading 19 unused Assets / (31.3 KB). Loaded Objects now: 5028.
Memory consumption went from 395.3 MB to 395.2 MB.
Total: 6.573138 ms (FindLiveObjects: 0.617029 ms CreateObjectMapping: 0.549356 ms MarkObjects: 5.342990 ms  DeleteObjects: 0.062127 ms)

Prepare: number of updated asset objects reloaded= 0
AssetImportParameters requested are different than current active one (requested -> active):
  custom:container-demuxer-ogg: 62fdf1f143b41e24485cea50d1cbac27 -> 
  custom:scripting/monoscript/fileName/Rumble Toggle.cs: 9255d141ced706a64b082180f4b6a5c6 -> 
  custom:video-decoder-ogg-theora: a1e56fd34408186e4bbccfd4996cb3dc -> 
  custom:CustomObjectIndexerAttribute: 9a22284fe3817be447336de3de66b15e -> 
  custom:container-demuxer-webm: 4f35f7cbe854078d1ac9338744f61a02 -> 
  custom:container-muxer-webm: aa71ff27fc2769a1b78a27578f13a17b -> 
  custom:video-decoder-webm-vp8: 9c59270c3fd7afecdb556c50c9e8de78 -> 
  custom:SearchIndexIgnoredProperties: e643bd26f0fe6173181afceb89e7c659 -> 
  custom:AudioImporter_EditorPlatform: 3918e3fc78b5a79bad01e8451be0beb8 -> 
  custom:framework-osx-AVFoundation: e770b220cccbd017edd2c1fefb359320 -> 
  custom:video-encoder-webm-vp8: eb34c28f22e8b96e1ab97ce403110664 -> 
  custom:audio-decoder-ogg-vorbis: bf7c407c2cedff20999df2af8eb42d56 -> 
  custom:audio-encoder-webm-vorbis: bf7c407c2cedff20999df2af8eb42d56 -> 
  custom:scripting/precompiled-assembly-types:Assembly-CSharp: 4118f9efece36469725b6a708a004cfd -> 975431d59eab3a43bafba41244e6b097
========================================================================
Received Prepare
Caller must complete domain reload
 #0 GetStacktrace(int)
 #1 DebugStringToFile(DebugStringToFileData const&)
 #2 AssertImplementation(int, char const*, int, int, char const*)
 #3 Internal_ADB_WorkerOnly_DomainReload(AssemblyLoadReason)
 #4 WorkerDomainReloadV2()
 #5 AssetImportWorkerClient::ReloadMonoDomain(AssetResolver&)
 #6 invocation function for block in AssetImportWorkerClient::HandleMessage(PrepareMessage const&)::$_4::operator()() const
 #7 _dispatch_client_callout
 #8 _dispatch_async_and_wait_invoke
 #9 _dispatch_client_callout
 #10 _dispatch_main_queue_drain
 #11 _dispatch_main_queue_callback_4CF
 #12 __CFRUNLOOP_IS_SERVICING_THE_MAIN_DISPATCH_QUEUE__
 #13 __CFRunLoopRun
 #14 CFRunLoopRunSpecific
 #15 RunCurrentEventLoopInMode
 #16 ReceiveNextEventCommon
 #17 _BlockUntilNextEventMatchingListInModeWithFilter
 #18 _DPSNextEvent
 #19 -[NSApplication(NSEvent) _nextEventMatchingEventMask:untilDate:inMode:dequeue:]
 #20 -[NSApplication run]
 #21 NSApplicationMain
 #22 EditorMain(int, char const**)
 #23 main
 #24 start

Begin MonoManager ReloadAssembly
- Loaded All Assemblies, in  1.052 seconds
Native extension for WindowsStandalone target not found
Native extension for iOS target not found
Native extension for Android target not found
Native extension for OSXStandalone target not found
Mono: successfully reloaded assembly
[Package Manager] Server::EnsureServerProcessIsRunning -- launch failed, reason: Unity was launched with the -noUpm command-line argument
[Package Manager] UpmClient::Send -- Unable to send message (not connected to UPM process).
[Package Manager] Cannot connect to Unity Package Manager local server
- Finished resetting the current domain, in  2.781 seconds
Domain Reload Profiling: 3831ms
	BeginReloadAssembly (332ms)
		ExecutionOrderSort (0ms)
		DisableScriptedObjects (23ms)
		BackupInstance (0ms)
		ReleaseScriptingObjects (0ms)
		CreateAndSetChildDomain (117ms)
	RebuildCommonClasses (96ms)
	RebuildNativeTypeToScriptingClass (29ms)
	initialDomainReloadingComplete (50ms)
	LoadAllAssembliesAndSetupDomain (543ms)
		LoadAssemblies (605ms)
		RebuildTransferFunctionScriptingTraits (0ms)
		AnalyzeDomain (79ms)
			TypeCache.Refresh (21ms)
				TypeCache.ScanAssembly (4ms)
			ScanForSourceGeneratedMonoScriptInfo (38ms)
			ResolveRequiredComponents (15ms)
	FinalizeReload (2782ms)
		ReleaseScriptCaches (0ms)
		RebuildScriptCaches (0ms)
		SetupLoadedEditorAssemblies (1004ms)
			LogAssemblyErrors (0ms)
			InitializePlatformSupportModulesInManaged (70ms)
			SetLoadedEditorAssemblies (9ms)
			RefreshPlugins (0ms)
			BeforeProcessingInitializeOnLoad (125ms)
			ProcessInitializeOnLoadAttributes (710ms)
			ProcessInitializeOnLoadMethodAttributes (87ms)
			AfterProcessingInitializeOnLoad (2ms)
			EditorAssembliesLoaded (0ms)
		ExecutionOrderSort2 (0ms)
		AwakeInstancesAfterBackupRestoration (21ms)
Refreshing native plugins compatible for Editor in 5.33 ms, found 3 plugins.
Preloading 0 native plugins for Editor in 0.00 ms.
Unloading 4321 Unused Serialized files (Serialized files now loaded: 0)
Unloading 19 unused Assets / (31.4 KB). Loaded Objects now: 5032.
Memory consumption went from 399.6 MB to 399.6 MB.
Total: 6.421122 ms (FindLiveObjects: 0.544805 ms CreateObjectMapping: 0.499783 ms MarkObjects: 5.299178 ms  DeleteObjects: 0.075282 ms)

Prepare: number of updated asset objects reloaded= 0
AssetImportParameters requested are different than current active one (requested -> active):
  custom:container-demuxer-ogg: 62fdf1f143b41e24485cea50d1cbac27 -> 
  custom:scripting/monoscript/fileName/Rumble Toggle.cs: 9255d141ced706a64b082180f4b6a5c6 -> 
  custom:video-decoder-ogg-theora: a1e56fd34408186e4bbccfd4996cb3dc -> 
  custom:CustomObjectIndexerAttribute: 9a22284fe3817be447336de3de66b15e -> 
  custom:container-demuxer-webm: 4f35f7cbe854078d1ac9338744f61a02 -> 
  custom:container-muxer-webm: aa71ff27fc2769a1b78a27578f13a17b -> 
  custom:video-decoder-webm-vp8: 9c59270c3fd7afecdb556c50c9e8de78 -> 
  custom:SearchIndexIgnoredProperties: e643bd26f0fe6173181afceb89e7c659 -> 
  custom:AudioImporter_EditorPlatform: 3918e3fc78b5a79bad01e8451be0beb8 -> 
  custom:framework-osx-AVFoundation: e770b220cccbd017edd2c1fefb359320 -> 
  custom:video-encoder-webm-vp8: eb34c28f22e8b96e1ab97ce403110664 -> 
  custom:audio-decoder-ogg-vorbis: bf7c407c2cedff20999df2af8eb42d56 -> 
  custom:audio-encoder-webm-vorbis: bf7c407c2cedff20999df2af8eb42d56 -> 
  custom:scripting/precompiled-assembly-types:Assembly-CSharp: 4118f9efece36469725b6a708a004cfd -> 975431d59eab3a43bafba41244e6b097
========================================================================
Received Prepare
Caller must complete domain reload
 #0 GetStacktrace(int)
 #1 DebugStringToFile(DebugStringToFileData const&)
 #2 AssertImplementation(int, char const*, int, int, char const*)
 #3 Internal_ADB_WorkerOnly_DomainReload(AssemblyLoadReason)
 #4 WorkerDomainReloadV2()
 #5 AssetImportWorkerClient::ReloadMonoDomain(AssetResolver&)
 #6 invocation function for block in AssetImportWorkerClient::HandleMessage(PrepareMessage const&)::$_4::operator()() const
 #7 _dispatch_client_callout
 #8 _dispatch_async_and_wait_invoke
 #9 _dispatch_client_callout
 #10 _dispatch_main_queue_drain
 #11 _dispatch_main_queue_callback_4CF
 #12 __CFRUNLOOP_IS_SERVICING_THE_MAIN_DISPATCH_QUEUE__
 #13 __CFRunLoopRun
 #14 CFRunLoopRunSpecific
 #15 RunCurrentEventLoopInMode
 #16 ReceiveNextEventCommon
 #17 _BlockUntilNextEventMatchingListInModeWithFilter
 #18 _DPSNextEvent
 #19 -[NSApplication(NSEvent) _nextEventMatchingEventMask:untilDate:inMode:dequeue:]
 #20 -[NSApplication run]
 #21 NSApplicationMain
 #22 EditorMain(int, char const**)
 #23 main
 #24 start

Begin MonoManager ReloadAssembly
- Loaded All Assemblies, in  1.025 seconds
Native extension for WindowsStandalone target not found
Native extension for iOS target not found
Native extension for Android target not found
Native extension for OSXStandalone target not found
Mono: successfully reloaded assembly
[Package Manager] Server::EnsureServerProcessIsRunning -- launch failed, reason: Unity was launched with the -noUpm command-line argument
[Package Manager] UpmClient::Send -- Unable to send message (not connected to UPM process).
[Package Manager] Cannot connect to Unity Package Manager local server
- Finished resetting the current domain, in  2.958 seconds
Domain Reload Profiling: 3982ms
	BeginReloadAssembly (324ms)
		ExecutionOrderSort (0ms)
		DisableScriptedObjects (38ms)
		BackupInstance (0ms)
		ReleaseScriptingObjects (0ms)
		CreateAndSetChildDomain (106ms)
	RebuildCommonClasses (73ms)
	RebuildNativeTypeToScriptingClass (24ms)
	initialDomainReloadingComplete (47ms)
	LoadAllAssembliesAndSetupDomain (556ms)
		LoadAssemblies (609ms)
		RebuildTransferFunctionScriptingTraits (0ms)
		AnalyzeDomain (78ms)
			TypeCache.Refresh (25ms)
				TypeCache.ScanAssembly (5ms)
			ScanForSourceGeneratedMonoScriptInfo (27ms)
			ResolveRequiredComponents (21ms)
	FinalizeReload (2959ms)
		ReleaseScriptCaches (0ms)
		RebuildScriptCaches (0ms)
		SetupLoadedEditorAssemblies (1134ms)
			LogAssemblyErrors (0ms)
			InitializePlatformSupportModulesInManaged (77ms)
			SetLoadedEditorAssemblies (17ms)
			RefreshPlugins (0ms)
			BeforeProcessingInitializeOnLoad (209ms)
			ProcessInitializeOnLoadAttributes (756ms)
			ProcessInitializeOnLoadMethodAttributes (72ms)
			AfterProcessingInitializeOnLoad (3ms)
			EditorAssembliesLoaded (0ms)
		ExecutionOrderSort2 (0ms)
		AwakeInstancesAfterBackupRestoration (23ms)
Refreshing native plugins compatible for Editor in 4.64 ms, found 3 plugins.
Preloading 0 native plugins for Editor in 0.00 ms.
Unloading 4321 Unused Serialized files (Serialized files now loaded: 0)
Unloading 19 unused Assets / (31.4 KB). Loaded Objects now: 5036.
Memory consumption went from 404.0 MB to 404.0 MB.
Total: 5.581811 ms (FindLiveObjects: 0.422013 ms CreateObjectMapping: 0.401714 ms MarkObjects: 4.698144 ms  DeleteObjects: 0.058650 ms)

Prepare: number of updated asset objects reloaded= 0
AssetImportParameters requested are different than current active one (requested -> active):
  custom:container-demuxer-ogg: 62fdf1f143b41e24485cea50d1cbac27 -> 
  custom:scripting/monoscript/fileName/Rumble Toggle.cs: 9255d141ced706a64b082180f4b6a5c6 -> 
  custom:video-decoder-ogg-theora: a1e56fd34408186e4bbccfd4996cb3dc -> 
  custom:CustomObjectIndexerAttribute: 9a22284fe3817be447336de3de66b15e -> 
  custom:container-demuxer-webm: 4f35f7cbe854078d1ac9338744f61a02 -> 
  custom:container-muxer-webm: aa71ff27fc2769a1b78a27578f13a17b -> 
  custom:video-decoder-webm-vp8: 9c59270c3fd7afecdb556c50c9e8de78 -> 
  custom:SearchIndexIgnoredProperties: e643bd26f0fe6173181afceb89e7c659 -> 
  custom:AudioImporter_EditorPlatform: 3918e3fc78b5a79bad01e8451be0beb8 -> 
  custom:framework-osx-AVFoundation: e770b220cccbd017edd2c1fefb359320 -> 
  custom:video-encoder-webm-vp8: eb34c28f22e8b96e1ab97ce403110664 -> 
  custom:audio-decoder-ogg-vorbis: bf7c407c2cedff20999df2af8eb42d56 -> 
  custom:audio-encoder-webm-vorbis: bf7c407c2cedff20999df2af8eb42d56 -> 
  custom:scripting/precompiled-assembly-types:Assembly-CSharp: 4118f9efece36469725b6a708a004cfd -> 975431d59eab3a43bafba41244e6b097
========================================================================
Received Prepare
Caller must complete domain reload
 #0 GetStacktrace(int)
 #1 DebugStringToFile(DebugStringToFileData const&)
 #2 AssertImplementation(int, char const*, int, int, char const*)
 #3 Internal_ADB_WorkerOnly_DomainReload(AssemblyLoadReason)
 #4 WorkerDomainReloadV2()
 #5 AssetImportWorkerClient::ReloadMonoDomain(AssetResolver&)
 #6 invocation function for block in AssetImportWorkerClient::HandleMessage(PrepareMessage const&)::$_4::operator()() const
 #7 _dispatch_client_callout
 #8 _dispatch_async_and_wait_invoke
 #9 _dispatch_client_callout
 #10 _dispatch_main_queue_drain
 #11 _dispatch_main_queue_callback_4CF
 #12 __CFRUNLOOP_IS_SERVICING_THE_MAIN_DISPATCH_QUEUE__
 #13 __CFRunLoopRun
 #14 CFRunLoopRunSpecific
 #15 RunCurrentEventLoopInMode
 #16 ReceiveNextEventCommon
 #17 _BlockUntilNextEventMatchingListInModeWithFilter
 #18 _DPSNextEvent
 #19 -[NSApplication(NSEvent) _nextEventMatchingEventMask:untilDate:inMode:dequeue:]
 #20 -[NSApplication run]
 #21 NSApplicationMain
 #22 EditorMain(int, char const**)
 #23 main
 #24 start

Begin MonoManager ReloadAssembly
- Loaded All Assemblies, in  0.997 seconds
Native extension for WindowsStandalone target not found
Native extension for iOS target not found
Native extension for Android target not found
Native extension for OSXStandalone target not found
Mono: successfully reloaded assembly
[Package Manager] Server::EnsureServerProcessIsRunning -- launch failed, reason: Unity was launched with the -noUpm command-line argument
[Package Manager] UpmClient::Send -- Unable to send message (not connected to UPM process).
[Package Manager] Cannot connect to Unity Package Manager local server
- Finished resetting the current domain, in  2.142 seconds
Domain Reload Profiling: 3137ms
	BeginReloadAssembly (332ms)
		ExecutionOrderSort (0ms)
		DisableScriptedObjects (33ms)
		BackupInstance (0ms)
		ReleaseScriptingObjects (0ms)
		CreateAndSetChildDomain (113ms)
	RebuildCommonClasses (102ms)
	RebuildNativeTypeToScriptingClass (32ms)
	initialDomainReloadingComplete (64ms)
	LoadAllAssembliesAndSetupDomain (465ms)
		LoadAssemblies (563ms)
		RebuildTransferFunctionScriptingTraits (0ms)
		AnalyzeDomain (30ms)
			TypeCache.Refresh (10ms)
				TypeCache.ScanAssembly (0ms)
			ScanForSourceGeneratedMonoScriptInfo (0ms)
			ResolveRequiredComponents (14ms)
	FinalizeReload (2143ms)
		ReleaseScriptCaches (0ms)
		RebuildScriptCaches (0ms)
		SetupLoadedEditorAssemblies (1160ms)
			LogAssemblyErrors (0ms)
			InitializePlatformSupportModulesInManaged (68ms)
			SetLoadedEditorAssemblies (9ms)
			RefreshPlugins (0ms)
			BeforeProcessingInitializeOnLoad (142ms)
			ProcessInitializeOnLoadAttributes (855ms)
			ProcessInitializeOnLoadMethodAttributes (83ms)
			AfterProcessingInitializeOnLoad (3ms)
			EditorAssembliesLoaded (0ms)
		ExecutionOrderSort2 (0ms)
		AwakeInstancesAfterBackupRestoration (18ms)
Refreshing native plugins compatible for Editor in 6.91 ms, found 3 plugins.
Preloading 0 native plugins for Editor in 0.00 ms.
Unloading 4321 Unused Serialized files (Serialized files now loaded: 0)
Unloading 19 unused Assets / (31.3 KB). Loaded Objects now: 5040.
Memory consumption went from 408.4 MB to 408.3 MB.
Total: 7.966473 ms (FindLiveObjects: 0.473686 ms CreateObjectMapping: 0.499477 ms MarkObjects: 6.913572 ms  DeleteObjects: 0.078081 ms)

Prepare: number of updated asset objects reloaded= 0
AssetImportParameters requested are different than current active one (requested -> active):
  custom:container-demuxer-ogg: 62fdf1f143b41e24485cea50d1cbac27 -> 
  custom:scripting/monoscript/fileName/Rumble Toggle.cs: 9255d141ced706a64b082180f4b6a5c6 -> 
  custom:video-decoder-ogg-theora: a1e56fd34408186e4bbccfd4996cb3dc -> 
  custom:CustomObjectIndexerAttribute: 9a22284fe3817be447336de3de66b15e -> 
  custom:container-demuxer-webm: 4f35f7cbe854078d1ac9338744f61a02 -> 
  custom:container-muxer-webm: aa71ff27fc2769a1b78a27578f13a17b -> 
  custom:video-decoder-webm-vp8: 9c59270c3fd7afecdb556c50c9e8de78 -> 
  custom:SearchIndexIgnoredProperties: e643bd26f0fe6173181afceb89e7c659 -> 
  custom:AudioImporter_EditorPlatform: 3918e3fc78b5a79bad01e8451be0beb8 -> 
  custom:framework-osx-AVFoundation: e770b220cccbd017edd2c1fefb359320 -> 
  custom:video-encoder-webm-vp8: eb34c28f22e8b96e1ab97ce403110664 -> 
  custom:audio-decoder-ogg-vorbis: bf7c407c2cedff20999df2af8eb42d56 -> 
  custom:audio-encoder-webm-vorbis: bf7c407c2cedff20999df2af8eb42d56 -> 
  custom:scripting/precompiled-assembly-types:Assembly-CSharp: 4118f9efece36469725b6a708a004cfd -> 975431d59eab3a43bafba41244e6b097
========================================================================
Received Prepare
Caller must complete domain reload
 #0 GetStacktrace(int)
 #1 DebugStringToFile(DebugStringToFileData const&)
 #2 AssertImplementation(int, char const*, int, int, char const*)
 #3 Internal_ADB_WorkerOnly_DomainReload(AssemblyLoadReason)
 #4 WorkerDomainReloadV2()
 #5 AssetImportWorkerClient::ReloadMonoDomain(AssetResolver&)
 #6 invocation function for block in AssetImportWorkerClient::HandleMessage(PrepareMessage const&)::$_4::operator()() const
 #7 _dispatch_client_callout
 #8 _dispatch_async_and_wait_invoke
 #9 _dispatch_client_callout
 #10 _dispatch_main_queue_drain
 #11 _dispatch_main_queue_callback_4CF
 #12 __CFRUNLOOP_IS_SERVICING_THE_MAIN_DISPATCH_QUEUE__
 #13 __CFRunLoopRun
 #14 CFRunLoopRunSpecific
 #15 RunCurrentEventLoopInMode
 #16 ReceiveNextEventCommon
 #17 _BlockUntilNextEventMatchingListInModeWithFilter
 #18 _DPSNextEvent
 #19 -[NSApplication(NSEvent) _nextEventMatchingEventMask:untilDate:inMode:dequeue:]
 #20 -[NSApplication run]
 #21 NSApplicationMain
 #22 EditorMain(int, char const**)
 #23 main
 #24 start

Begin MonoManager ReloadAssembly
- Loaded All Assemblies, in  0.863 seconds
Native extension for WindowsStandalone target not found
Native extension for iOS target not found
Native extension for Android target not found
Native extension for OSXStandalone target not found
Mono: successfully reloaded assembly
[Package Manager] Server::EnsureServerProcessIsRunning -- launch failed, reason: Unity was launched with the -noUpm command-line argument
[Package Manager] UpmClient::Send -- Unable to send message (not connected to UPM process).
[Package Manager] Cannot connect to Unity Package Manager local server
- Finished resetting the current domain, in  2.427 seconds
Domain Reload Profiling: 3290ms
	BeginReloadAssembly (266ms)
		ExecutionOrderSort (0ms)
		DisableScriptedObjects (20ms)
		BackupInstance (0ms)
		ReleaseScriptingObjects (0ms)
		CreateAndSetChildDomain (89ms)
	RebuildCommonClasses (68ms)
	RebuildNativeTypeToScriptingClass (23ms)
	initialDomainReloadingComplete (43ms)
	LoadAllAssembliesAndSetupDomain (462ms)
		LoadAssemblies (544ms)
		RebuildTransferFunctionScriptingTraits (0ms)
		AnalyzeDomain (31ms)
			TypeCache.Refresh (10ms)
				TypeCache.ScanAssembly (0ms)
			ScanForSourceGeneratedMonoScriptInfo (0ms)
			ResolveRequiredComponents (15ms)
	FinalizeReload (2429ms)
		ReleaseScriptCaches (0ms)
		RebuildScriptCaches (0ms)
		SetupLoadedEditorAssemblies (903ms)
			LogAssemblyErrors (0ms)
			InitializePlatformSupportModulesInManaged (61ms)
			SetLoadedEditorAssemblies (15ms)
			RefreshPlugins (0ms)
			BeforeProcessingInitializeOnLoad (129ms)
			ProcessInitializeOnLoadAttributes (615ms)
			ProcessInitializeOnLoadMethodAttributes (77ms)
			AfterProcessingInitializeOnLoad (3ms)
			EditorAssembliesLoaded (1ms)
		ExecutionOrderSort2 (0ms)
		AwakeInstancesAfterBackupRestoration (21ms)
Refreshing native plugins compatible for Editor in 7.21 ms, found 3 plugins.
Preloading 0 native plugins for Editor in 0.00 ms.
Unloading 4321 Unused Serialized files (Serialized files now loaded: 0)
Unloading 19 unused Assets / (31.4 KB). Loaded Objects now: 5044.
Memory consumption went from 412.7 MB to 412.7 MB.
Total: 7.650679 ms (FindLiveObjects: 0.636710 ms CreateObjectMapping: 0.533942 ms MarkObjects: 6.415376 ms  DeleteObjects: 0.062934 ms)

Prepare: number of updated asset objects reloaded= 0
AssetImportParameters requested are different than current active one (requested -> active):
  custom:container-demuxer-ogg: 62fdf1f143b41e24485cea50d1cbac27 -> 
  custom:scripting/monoscript/fileName/Rumble Toggle.cs: 9255d141ced706a64b082180f4b6a5c6 -> 
  custom:video-decoder-ogg-theora: a1e56fd34408186e4bbccfd4996cb3dc -> 
  custom:CustomObjectIndexerAttribute: 9a22284fe3817be447336de3de66b15e -> 
  custom:container-demuxer-webm: 4f35f7cbe854078d1ac9338744f61a02 -> 
  custom:container-muxer-webm: aa71ff27fc2769a1b78a27578f13a17b -> 
  custom:video-decoder-webm-vp8: 9c59270c3fd7afecdb556c50c9e8de78 -> 
  custom:SearchIndexIgnoredProperties: e643bd26f0fe6173181afceb89e7c659 -> 
  custom:AudioImporter_EditorPlatform: 3918e3fc78b5a79bad01e8451be0beb8 -> 
  custom:framework-osx-AVFoundation: e770b220cccbd017edd2c1fefb359320 -> 
  custom:video-encoder-webm-vp8: eb34c28f22e8b96e1ab97ce403110664 -> 
  custom:audio-decoder-ogg-vorbis: bf7c407c2cedff20999df2af8eb42d56 -> 
  custom:audio-encoder-webm-vorbis: bf7c407c2cedff20999df2af8eb42d56 -> 
  custom:scripting/precompiled-assembly-types:Assembly-CSharp: 4118f9efece36469725b6a708a004cfd -> 975431d59eab3a43bafba41244e6b097
========================================================================
Received Prepare
Caller must complete domain reload
 #0 GetStacktrace(int)
 #1 DebugStringToFile(DebugStringToFileData const&)
 #2 AssertImplementation(int, char const*, int, int, char const*)
 #3 Internal_ADB_WorkerOnly_DomainReload(AssemblyLoadReason)
 #4 WorkerDomainReloadV2()
 #5 AssetImportWorkerClient::ReloadMonoDomain(AssetResolver&)
 #6 invocation function for block in AssetImportWorkerClient::HandleMessage(PrepareMessage const&)::$_4::operator()() const
 #7 _dispatch_client_callout
 #8 _dispatch_async_and_wait_invoke
 #9 _dispatch_client_callout
 #10 _dispatch_main_queue_drain
 #11 _dispatch_main_queue_callback_4CF
 #12 __CFRUNLOOP_IS_SERVICING_THE_MAIN_DISPATCH_QUEUE__
 #13 __CFRunLoopRun
 #14 CFRunLoopRunSpecific
 #15 RunCurrentEventLoopInMode
 #16 ReceiveNextEventCommon
 #17 _BlockUntilNextEventMatchingListInModeWithFilter
 #18 _DPSNextEvent
 #19 -[NSApplication(NSEvent) _nextEventMatchingEventMask:untilDate:inMode:dequeue:]
 #20 -[NSApplication run]
 #21 NSApplicationMain
 #22 EditorMain(int, char const**)
 #23 main
 #24 start

Begin MonoManager ReloadAssembly
- Loaded All Assemblies, in  1.180 seconds
Native extension for WindowsStandalone target not found
Native extension for iOS target not found
Native extension for Android target not found
Native extension for OSXStandalone target not found
Mono: successfully reloaded assembly
[Package Manager] Server::EnsureServerProcessIsRunning -- launch failed, reason: Unity was launched with the -noUpm command-line argument
[Package Manager] UpmClient::Send -- Unable to send message (not connected to UPM process).
[Package Manager] Cannot connect to Unity Package Manager local server
- Finished resetting the current domain, in  2.597 seconds
Domain Reload Profiling: 3778ms
	BeginReloadAssembly (379ms)
		ExecutionOrderSort (0ms)
		DisableScriptedObjects (28ms)
		BackupInstance (0ms)
		ReleaseScriptingObjects (0ms)
		CreateAndSetChildDomain (138ms)
	RebuildCommonClasses (84ms)
	RebuildNativeTypeToScriptingClass (41ms)
	initialDomainReloadingComplete (65ms)
	LoadAllAssembliesAndSetupDomain (609ms)
		LoadAssemblies (670ms)
		RebuildTransferFunctionScriptingTraits (0ms)
		AnalyzeDomain (101ms)
			TypeCache.Refresh (42ms)
				TypeCache.ScanAssembly (6ms)
			ScanForSourceGeneratedMonoScriptInfo (34ms)
			ResolveRequiredComponents (20ms)
	FinalizeReload (2598ms)
		ReleaseScriptCaches (0ms)
		RebuildScriptCaches (0ms)
		SetupLoadedEditorAssemblies (889ms)
			LogAssemblyErrors (0ms)
			InitializePlatformSupportModulesInManaged (67ms)
			SetLoadedEditorAssemblies (9ms)
			RefreshPlugins (0ms)
			BeforeProcessingInitializeOnLoad (125ms)
			ProcessInitializeOnLoadAttributes (615ms)
			ProcessInitializeOnLoadMethodAttributes (70ms)
			AfterProcessingInitializeOnLoad (3ms)
			EditorAssembliesLoaded (1ms)
		ExecutionOrderSort2 (0ms)
		AwakeInstancesAfterBackupRestoration (20ms)
Refreshing native plugins compatible for Editor in 4.80 ms, found 3 plugins.
Preloading 0 native plugins for Editor in 0.00 ms.
Unloading 4321 Unused Serialized files (Serialized files now loaded: 0)
Unloading 19 unused Assets / (31.3 KB). Loaded Objects now: 5048.
Memory consumption went from 417.1 MB to 417.1 MB.
Total: 6.412001 ms (FindLiveObjects: 0.484008 ms CreateObjectMapping: 0.447606 ms MarkObjects: 5.411045 ms  DeleteObjects: 0.067886 ms)

Prepare: number of updated asset objects reloaded= 0
AssetImportParameters requested are different than current active one (requested -> active):
  custom:container-demuxer-ogg: 62fdf1f143b41e24485cea50d1cbac27 -> 
  custom:scripting/monoscript/fileName/Rumble Toggle.cs: 9255d141ced706a64b082180f4b6a5c6 -> 
  custom:video-decoder-ogg-theora: a1e56fd34408186e4bbccfd4996cb3dc -> 
  custom:CustomObjectIndexerAttribute: 9a22284fe3817be447336de3de66b15e -> 
  custom:container-demuxer-webm: 4f35f7cbe854078d1ac9338744f61a02 -> 
  custom:container-muxer-webm: aa71ff27fc2769a1b78a27578f13a17b -> 
  custom:video-decoder-webm-vp8: 9c59270c3fd7afecdb556c50c9e8de78 -> 
  custom:SearchIndexIgnoredProperties: e643bd26f0fe6173181afceb89e7c659 -> 
  custom:AudioImporter_EditorPlatform: 3918e3fc78b5a79bad01e8451be0beb8 -> 
  custom:framework-osx-AVFoundation: e770b220cccbd017edd2c1fefb359320 -> 
  custom:video-encoder-webm-vp8: eb34c28f22e8b96e1ab97ce403110664 -> 
  custom:audio-decoder-ogg-vorbis: bf7c407c2cedff20999df2af8eb42d56 -> 
  custom:audio-encoder-webm-vorbis: bf7c407c2cedff20999df2af8eb42d56 -> 
  custom:scripting/precompiled-assembly-types:Assembly-CSharp: 4118f9efece36469725b6a708a004cfd -> 975431d59eab3a43bafba41244e6b097
========================================================================
Received Prepare
Caller must complete domain reload
 #0 GetStacktrace(int)
 #1 DebugStringToFile(DebugStringToFileData const&)
 #2 AssertImplementation(int, char const*, int, int, char const*)
 #3 Internal_ADB_WorkerOnly_DomainReload(AssemblyLoadReason)
 #4 WorkerDomainReloadV2()
 #5 AssetImportWorkerClient::ReloadMonoDomain(AssetResolver&)
 #6 invocation function for block in AssetImportWorkerClient::HandleMessage(PrepareMessage const&)::$_4::operator()() const
 #7 _dispatch_client_callout
 #8 _dispatch_async_and_wait_invoke
 #9 _dispatch_client_callout
 #10 _dispatch_main_queue_drain
 #11 _dispatch_main_queue_callback_4CF
 #12 __CFRUNLOOP_IS_SERVICING_THE_MAIN_DISPATCH_QUEUE__
 #13 __CFRunLoopRun
 #14 CFRunLoopRunSpecific
 #15 RunCurrentEventLoopInMode
 #16 ReceiveNextEventCommon
 #17 _BlockUntilNextEventMatchingListInModeWithFilter
 #18 _DPSNextEvent
 #19 -[NSApplication(NSEvent) _nextEventMatchingEventMask:untilDate:inMode:dequeue:]
 #20 -[NSApplication run]
 #21 NSApplicationMain
 #22 EditorMain(int, char const**)
 #23 main
 #24 start

Begin MonoManager ReloadAssembly
- Loaded All Assemblies, in  0.785 seconds
Native extension for WindowsStandalone target not found
Native extension for iOS target not found
Native extension for Android target not found
Native extension for OSXStandalone target not found
Mono: successfully reloaded assembly
[Package Manager] Server::EnsureServerProcessIsRunning -- launch failed, reason: Unity was launched with the -noUpm command-line argument
[Package Manager] UpmClient::Send -- Unable to send message (not connected to UPM process).
[Package Manager] Cannot connect to Unity Package Manager local server
- Finished resetting the current domain, in  1.526 seconds
Domain Reload Profiling: 2311ms
	BeginReloadAssembly (258ms)
		ExecutionOrderSort (0ms)
		DisableScriptedObjects (21ms)
		BackupInstance (0ms)
		ReleaseScriptingObjects (0ms)
		CreateAndSetChildDomain (83ms)
	RebuildCommonClasses (66ms)
	RebuildNativeTypeToScriptingClass (22ms)
	initialDomainReloadingComplete (43ms)
	LoadAllAssembliesAndSetupDomain (395ms)
		LoadAssemblies (478ms)
		RebuildTransferFunctionScriptingTraits (0ms)
		AnalyzeDomain (30ms)
			TypeCache.Refresh (10ms)
				TypeCache.ScanAssembly (0ms)
			ScanForSourceGeneratedMonoScriptInfo (0ms)
			ResolveRequiredComponents (14ms)
	FinalizeReload (1527ms)
		ReleaseScriptCaches (0ms)
		RebuildScriptCaches (0ms)
		SetupLoadedEditorAssemblies (806ms)
			LogAssemblyErrors (0ms)
			InitializePlatformSupportModulesInManaged (57ms)
			SetLoadedEditorAssemblies (11ms)
			RefreshPlugins (0ms)
			BeforeProcessingInitializeOnLoad (122ms)
			ProcessInitializeOnLoadAttributes (539ms)
			ProcessInitializeOnLoadMethodAttributes (75ms)
			AfterProcessingInitializeOnLoad (3ms)
			EditorAssembliesLoaded (0ms)
		ExecutionOrderSort2 (0ms)
		AwakeInstancesAfterBackupRestoration (22ms)
Refreshing native plugins compatible for Editor in 6.59 ms, found 3 plugins.
Preloading 0 native plugins for Editor in 0.00 ms.
Unloading 4321 Unused Serialized files (Serialized files now loaded: 0)
Unloading 19 unused Assets / (31.4 KB). Loaded Objects now: 5052.
Memory consumption went from 421.4 MB to 421.4 MB.
Total: 6.644510 ms (FindLiveObjects: 0.606665 ms CreateObjectMapping: 0.569308 ms MarkObjects: 5.401585 ms  DeleteObjects: 0.065518 ms)

Prepare: number of updated asset objects reloaded= 0
AssetImportParameters requested are different than current active one (requested -> active):
  custom:container-demuxer-ogg: 62fdf1f143b41e24485cea50d1cbac27 -> 
  custom:scripting/monoscript/fileName/Rumble Toggle.cs: 9255d141ced706a64b082180f4b6a5c6 -> 
  custom:video-decoder-ogg-theora: a1e56fd34408186e4bbccfd4996cb3dc -> 
  custom:CustomObjectIndexerAttribute: 9a22284fe3817be447336de3de66b15e -> 
  custom:container-demuxer-webm: 4f35f7cbe854078d1ac9338744f61a02 -> 
  custom:container-muxer-webm: aa71ff27fc2769a1b78a27578f13a17b -> 
  custom:video-decoder-webm-vp8: 9c59270c3fd7afecdb556c50c9e8de78 -> 
  custom:SearchIndexIgnoredProperties: e643bd26f0fe6173181afceb89e7c659 -> 
  custom:AudioImporter_EditorPlatform: 3918e3fc78b5a79bad01e8451be0beb8 -> 
  custom:framework-osx-AVFoundation: e770b220cccbd017edd2c1fefb359320 -> 
  custom:video-encoder-webm-vp8: eb34c28f22e8b96e1ab97ce403110664 -> 
  custom:audio-decoder-ogg-vorbis: bf7c407c2cedff20999df2af8eb42d56 -> 
  custom:audio-encoder-webm-vorbis: bf7c407c2cedff20999df2af8eb42d56 -> 
  custom:scripting/precompiled-assembly-types:Assembly-CSharp: 4118f9efece36469725b6a708a004cfd -> 975431d59eab3a43bafba41244e6b097
========================================================================
Received Prepare
Caller must complete domain reload
 #0 GetStacktrace(int)
 #1 DebugStringToFile(DebugStringToFileData const&)
 #2 AssertImplementation(int, char const*, int, int, char const*)
 #3 Internal_ADB_WorkerOnly_DomainReload(AssemblyLoadReason)
 #4 WorkerDomainReloadV2()
 #5 AssetImportWorkerClient::ReloadMonoDomain(AssetResolver&)
 #6 invocation function for block in AssetImportWorkerClient::HandleMessage(PrepareMessage const&)::$_4::operator()() const
 #7 _dispatch_client_callout
 #8 _dispatch_async_and_wait_invoke
 #9 _dispatch_client_callout
 #10 _dispatch_main_queue_drain
 #11 _dispatch_main_queue_callback_4CF
 #12 __CFRUNLOOP_IS_SERVICING_THE_MAIN_DISPATCH_QUEUE__
 #13 __CFRunLoopRun
 #14 CFRunLoopRunSpecific
 #15 RunCurrentEventLoopInMode
 #16 ReceiveNextEventCommon
 #17 _BlockUntilNextEventMatchingListInModeWithFilter
 #18 _DPSNextEvent
 #19 -[NSApplication(NSEvent) _nextEventMatchingEventMask:untilDate:inMode:dequeue:]
 #20 -[NSApplication run]
 #21 NSApplicationMain
 #22 EditorMain(int, char const**)
 #23 main
 #24 start

Begin MonoManager ReloadAssembly
- Loaded All Assemblies, in  0.970 seconds
Native extension for WindowsStandalone target not found
Native extension for iOS target not found
Native extension for Android target not found
Native extension for OSXStandalone target not found
Mono: successfully reloaded assembly
[Package Manager] Server::EnsureServerProcessIsRunning -- launch failed, reason: Unity was launched with the -noUpm command-line argument
[Package Manager] UpmClient::Send -- Unable to send message (not connected to UPM process).
[Package Manager] Cannot connect to Unity Package Manager local server
- Finished resetting the current domain, in  2.349 seconds
Domain Reload Profiling: 3319ms
	BeginReloadAssembly (281ms)
		ExecutionOrderSort (0ms)
		DisableScriptedObjects (22ms)
		BackupInstance (0ms)
		ReleaseScriptingObjects (0ms)
		CreateAndSetChildDomain (100ms)
	RebuildCommonClasses (70ms)
	RebuildNativeTypeToScriptingClass (22ms)
	initialDomainReloadingComplete (44ms)
	LoadAllAssembliesAndSetupDomain (552ms)
		LoadAssemblies (604ms)
		RebuildTransferFunctionScriptingTraits (0ms)
		AnalyzeDomain (64ms)
			TypeCache.Refresh (21ms)
				TypeCache.ScanAssembly (4ms)
			ScanForSourceGeneratedMonoScriptInfo (23ms)
			ResolveRequiredComponents (14ms)
	FinalizeReload (2350ms)
		ReleaseScriptCaches (0ms)
		RebuildScriptCaches (0ms)
		SetupLoadedEditorAssemblies (747ms)
			LogAssemblyErrors (0ms)
			InitializePlatformSupportModulesInManaged (55ms)
			SetLoadedEditorAssemblies (8ms)
			RefreshPlugins (0ms)
			BeforeProcessingInitializeOnLoad (114ms)
			ProcessInitializeOnLoadAttributes (503ms)
			ProcessInitializeOnLoadMethodAttributes (63ms)
			AfterProcessingInitializeOnLoad (2ms)
			EditorAssembliesLoaded (0ms)
		ExecutionOrderSort2 (0ms)
		AwakeInstancesAfterBackupRestoration (18ms)
Refreshing native plugins compatible for Editor in 5.25 ms, found 3 plugins.
Preloading 0 native plugins for Editor in 0.00 ms.
Unloading 4321 Unused Serialized files (Serialized files now loaded: 0)
Unloading 19 unused Assets / (31.3 KB). Loaded Objects now: 5056.
Memory consumption went from 425.8 MB to 425.8 MB.
Total: 6.326778 ms (FindLiveObjects: 0.593362 ms CreateObjectMapping: 0.449854 ms MarkObjects: 5.214541 ms  DeleteObjects: 0.067247 ms)

Prepare: number of updated asset objects reloaded= 0
AssetImportParameters requested are different than current active one (requested -> active):
  custom:container-demuxer-ogg: 62fdf1f143b41e24485cea50d1cbac27 -> 
  custom:scripting/monoscript/fileName/Rumble Toggle.cs: 9255d141ced706a64b082180f4b6a5c6 -> 
  custom:video-decoder-ogg-theora: a1e56fd34408186e4bbccfd4996cb3dc -> 
  custom:CustomObjectIndexerAttribute: 9a22284fe3817be447336de3de66b15e -> 
  custom:container-demuxer-webm: 4f35f7cbe854078d1ac9338744f61a02 -> 
  custom:container-muxer-webm: aa71ff27fc2769a1b78a27578f13a17b -> 
  custom:video-decoder-webm-vp8: 9c59270c3fd7afecdb556c50c9e8de78 -> 
  custom:SearchIndexIgnoredProperties: e643bd26f0fe6173181afceb89e7c659 -> 
  custom:AudioImporter_EditorPlatform: 3918e3fc78b5a79bad01e8451be0beb8 -> 
  custom:framework-osx-AVFoundation: e770b220cccbd017edd2c1fefb359320 -> 
  custom:video-encoder-webm-vp8: eb34c28f22e8b96e1ab97ce403110664 -> 
  custom:audio-decoder-ogg-vorbis: bf7c407c2cedff20999df2af8eb42d56 -> 
  custom:audio-encoder-webm-vorbis: bf7c407c2cedff20999df2af8eb42d56 -> 
  custom:scripting/precompiled-assembly-types:Assembly-CSharp: 4118f9efece36469725b6a708a004cfd -> 975431d59eab3a43bafba41244e6b097
========================================================================
Received Prepare
Caller must complete domain reload
 #0 GetStacktrace(int)
 #1 DebugStringToFile(DebugStringToFileData const&)
 #2 AssertImplementation(int, char const*, int, int, char const*)
 #3 Internal_ADB_WorkerOnly_DomainReload(AssemblyLoadReason)
 #4 WorkerDomainReloadV2()
 #5 AssetImportWorkerClient::ReloadMonoDomain(AssetResolver&)
 #6 invocation function for block in AssetImportWorkerClient::HandleMessage(PrepareMessage const&)::$_4::operator()() const
 #7 _dispatch_client_callout
 #8 _dispatch_async_and_wait_invoke
 #9 _dispatch_client_callout
 #10 _dispatch_main_queue_drain
 #11 _dispatch_main_queue_callback_4CF
 #12 __CFRUNLOOP_IS_SERVICING_THE_MAIN_DISPATCH_QUEUE__
 #13 __CFRunLoopRun
 #14 CFRunLoopRunSpecific
 #15 RunCurrentEventLoopInMode
 #16 ReceiveNextEventCommon
 #17 _BlockUntilNextEventMatchingListInModeWithFilter
 #18 _DPSNextEvent
 #19 -[NSApplication(NSEvent) _nextEventMatchingEventMask:untilDate:inMode:dequeue:]
 #20 -[NSApplication run]
 #21 NSApplicationMain
 #22 EditorMain(int, char const**)
 #23 main
 #24 start

Begin MonoManager ReloadAssembly
- Loaded All Assemblies, in  0.856 seconds
Native extension for WindowsStandalone target not found
Native extension for iOS target not found
Native extension for Android target not found
Native extension for OSXStandalone target not found
Mono: successfully reloaded assembly
[Package Manager] Server::EnsureServerProcessIsRunning -- launch failed, reason: Unity was launched with the -noUpm command-line argument
[Package Manager] UpmClient::Send -- Unable to send message (not connected to UPM process).
[Package Manager] Cannot connect to Unity Package Manager local server
- Finished resetting the current domain, in  2.254 seconds
Domain Reload Profiling: 3109ms
	BeginReloadAssembly (258ms)
		ExecutionOrderSort (0ms)
		DisableScriptedObjects (19ms)
		BackupInstance (0ms)
		ReleaseScriptingObjects (0ms)
		CreateAndSetChildDomain (85ms)
	RebuildCommonClasses (67ms)
	RebuildNativeTypeToScriptingClass (23ms)
	initialDomainReloadingComplete (43ms)
	LoadAllAssembliesAndSetupDomain (464ms)
		LoadAssemblies (520ms)
		RebuildTransferFunctionScriptingTraits (0ms)
		AnalyzeDomain (58ms)
			TypeCache.Refresh (18ms)
				TypeCache.ScanAssembly (4ms)
			ScanForSourceGeneratedMonoScriptInfo (23ms)
			ResolveRequiredComponents (13ms)
	FinalizeReload (2254ms)
		ReleaseScriptCaches (0ms)
		RebuildScriptCaches (0ms)
		SetupLoadedEditorAssemblies (747ms)
			LogAssemblyErrors (0ms)
			InitializePlatformSupportModulesInManaged (52ms)
			SetLoadedEditorAssemblies (8ms)
			RefreshPlugins (0ms)
			BeforeProcessingInitializeOnLoad (113ms)
			ProcessInitializeOnLoadAttributes (507ms)
			ProcessInitializeOnLoadMethodAttributes (62ms)
			AfterProcessingInitializeOnLoad (2ms)
			EditorAssembliesLoaded (0ms)
		ExecutionOrderSort2 (0ms)
		AwakeInstancesAfterBackupRestoration (18ms)
Refreshing native plugins compatible for Editor in 5.24 ms, found 3 plugins.
Preloading 0 native plugins for Editor in 0.00 ms.
Unloading 4321 Unused Serialized files (Serialized files now loaded: 0)
Unloading 19 unused Assets / (31.3 KB). Loaded Objects now: 5060.
Memory consumption went from 430.2 MB to 430.1 MB.
Total: 5.567476 ms (FindLiveObjects: 0.460327 ms CreateObjectMapping: 0.457078 ms MarkObjects: 4.565965 ms  DeleteObjects: 0.082407 ms)

Prepare: number of updated asset objects reloaded= 0
AssetImportParameters requested are different than current active one (requested -> active):
  custom:container-demuxer-ogg: 62fdf1f143b41e24485cea50d1cbac27 -> 
  custom:scripting/monoscript/fileName/Rumble Toggle.cs: 9255d141ced706a64b082180f4b6a5c6 -> 
  custom:video-decoder-ogg-theora: a1e56fd34408186e4bbccfd4996cb3dc -> 
  custom:CustomObjectIndexerAttribute: 9a22284fe3817be447336de3de66b15e -> 
  custom:container-demuxer-webm: 4f35f7cbe854078d1ac9338744f61a02 -> 
  custom:container-muxer-webm: aa71ff27fc2769a1b78a27578f13a17b -> 
  custom:video-decoder-webm-vp8: 9c59270c3fd7afecdb556c50c9e8de78 -> 
  custom:SearchIndexIgnoredProperties: e643bd26f0fe6173181afceb89e7c659 -> 
  custom:AudioImporter_EditorPlatform: 3918e3fc78b5a79bad01e8451be0beb8 -> 
  custom:framework-osx-AVFoundation: e770b220cccbd017edd2c1fefb359320 -> 
  custom:video-encoder-webm-vp8: eb34c28f22e8b96e1ab97ce403110664 -> 
  custom:audio-decoder-ogg-vorbis: bf7c407c2cedff20999df2af8eb42d56 -> 
  custom:audio-encoder-webm-vorbis: bf7c407c2cedff20999df2af8eb42d56 -> 
  custom:scripting/precompiled-assembly-types:Assembly-CSharp: 4118f9efece36469725b6a708a004cfd -> 975431d59eab3a43bafba41244e6b097
========================================================================
Received Prepare
Caller must complete domain reload
 #0 GetStacktrace(int)
 #1 DebugStringToFile(DebugStringToFileData const&)
 #2 AssertImplementation(int, char const*, int, int, char const*)
 #3 Internal_ADB_WorkerOnly_DomainReload(AssemblyLoadReason)
 #4 WorkerDomainReloadV2()
 #5 AssetImportWorkerClient::ReloadMonoDomain(AssetResolver&)
 #6 invocation function for block in AssetImportWorkerClient::HandleMessage(PrepareMessage const&)::$_4::operator()() const
 #7 _dispatch_client_callout
 #8 _dispatch_async_and_wait_invoke
 #9 _dispatch_client_callout
 #10 _dispatch_main_queue_drain
 #11 _dispatch_main_queue_callback_4CF
 #12 __CFRUNLOOP_IS_SERVICING_THE_MAIN_DISPATCH_QUEUE__
 #13 __CFRunLoopRun
 #14 CFRunLoopRunSpecific
 #15 RunCurrentEventLoopInMode
 #16 ReceiveNextEventCommon
 #17 _BlockUntilNextEventMatchingListInModeWithFilter
 #18 _DPSNextEvent
 #19 -[NSApplication(NSEvent) _nextEventMatchingEventMask:untilDate:inMode:dequeue:]
 #20 -[NSApplication run]
 #21 NSApplicationMain
 #22 EditorMain(int, char const**)
 #23 main
 #24 start

Begin MonoManager ReloadAssembly
- Loaded All Assemblies, in  0.825 seconds
Native extension for WindowsStandalone target not found
Native extension for iOS target not found
Native extension for Android target not found
Native extension for OSXStandalone target not found
Mono: successfully reloaded assembly
[Package Manager] Server::EnsureServerProcessIsRunning -- launch failed, reason: Unity was launched with the -noUpm command-line argument
[Package Manager] UpmClient::Send -- Unable to send message (not connected to UPM process).
[Package Manager] Cannot connect to Unity Package Manager local server
- Finished resetting the current domain, in  2.447 seconds
Domain Reload Profiling: 3272ms
	BeginReloadAssembly (268ms)
		ExecutionOrderSort (0ms)
		DisableScriptedObjects (22ms)
		BackupInstance (0ms)
		ReleaseScriptingObjects (0ms)
		CreateAndSetChildDomain (89ms)
	RebuildCommonClasses (65ms)
	RebuildNativeTypeToScriptingClass (23ms)
	initialDomainReloadingComplete (42ms)
	LoadAllAssembliesAndSetupDomain (426ms)
		LoadAssemblies (515ms)
		RebuildTransferFunctionScriptingTraits (0ms)
		AnalyzeDomain (29ms)
			TypeCache.Refresh (9ms)
				TypeCache.ScanAssembly (0ms)
			ScanForSourceGeneratedMonoScriptInfo (0ms)
			ResolveRequiredComponents (15ms)
	FinalizeReload (2448ms)
		ReleaseScriptCaches (0ms)
		RebuildScriptCaches (0ms)
		SetupLoadedEditorAssemblies (901ms)
			LogAssemblyErrors (0ms)
			InitializePlatformSupportModulesInManaged (63ms)
			SetLoadedEditorAssemblies (10ms)
			RefreshPlugins (0ms)
			BeforeProcessingInitializeOnLoad (129ms)
			ProcessInitializeOnLoadAttributes (619ms)
			ProcessInitializeOnLoadMethodAttributes (77ms)
			AfterProcessingInitializeOnLoad (3ms)
			EditorAssembliesLoaded (1ms)
		ExecutionOrderSort2 (0ms)
		AwakeInstancesAfterBackupRestoration (22ms)
Refreshing native plugins compatible for Editor in 6.11 ms, found 3 plugins.
Preloading 0 native plugins for Editor in 0.00 ms.
Unloading 4321 Unused Serialized files (Serialized files now loaded: 0)
Unloading 19 unused Assets / (31.4 KB). Loaded Objects now: 5064.
Memory consumption went from 434.5 MB to 434.5 MB.
Total: 6.959007 ms (FindLiveObjects: 0.509466 ms CreateObjectMapping: 0.533962 ms MarkObjects: 5.843966 ms  DeleteObjects: 0.070196 ms)

Prepare: number of updated asset objects reloaded= 0
AssetImportParameters requested are different than current active one (requested -> active):
  custom:container-demuxer-ogg: 62fdf1f143b41e24485cea50d1cbac27 -> 
  custom:scripting/monoscript/fileName/Rumble Toggle.cs: 9255d141ced706a64b082180f4b6a5c6 -> 
  custom:video-decoder-ogg-theora: a1e56fd34408186e4bbccfd4996cb3dc -> 
  custom:CustomObjectIndexerAttribute: 9a22284fe3817be447336de3de66b15e -> 
  custom:container-demuxer-webm: 4f35f7cbe854078d1ac9338744f61a02 -> 
  custom:container-muxer-webm: aa71ff27fc2769a1b78a27578f13a17b -> 
  custom:video-decoder-webm-vp8: 9c59270c3fd7afecdb556c50c9e8de78 -> 
  custom:SearchIndexIgnoredProperties: e643bd26f0fe6173181afceb89e7c659 -> 
  custom:AudioImporter_EditorPlatform: 3918e3fc78b5a79bad01e8451be0beb8 -> 
  custom:framework-osx-AVFoundation: e770b220cccbd017edd2c1fefb359320 -> 
  custom:video-encoder-webm-vp8: eb34c28f22e8b96e1ab97ce403110664 -> 
  custom:audio-decoder-ogg-vorbis: bf7c407c2cedff20999df2af8eb42d56 -> 
  custom:audio-encoder-webm-vorbis: bf7c407c2cedff20999df2af8eb42d56 -> 
  custom:scripting/precompiled-assembly-types:Assembly-CSharp: 4118f9efece36469725b6a708a004cfd -> 975431d59eab3a43bafba41244e6b097
========================================================================
Received Prepare
Caller must complete domain reload
 #0 GetStacktrace(int)
 #1 DebugStringToFile(DebugStringToFileData const&)
 #2 AssertImplementation(int, char const*, int, int, char const*)
 #3 Internal_ADB_WorkerOnly_DomainReload(AssemblyLoadReason)
 #4 WorkerDomainReloadV2()
 #5 AssetImportWorkerClient::ReloadMonoDomain(AssetResolver&)
 #6 invocation function for block in AssetImportWorkerClient::HandleMessage(PrepareMessage const&)::$_4::operator()() const
 #7 _dispatch_client_callout
 #8 _dispatch_async_and_wait_invoke
 #9 _dispatch_client_callout
 #10 _dispatch_main_queue_drain
 #11 _dispatch_main_queue_callback_4CF
 #12 __CFRUNLOOP_IS_SERVICING_THE_MAIN_DISPATCH_QUEUE__
 #13 __CFRunLoopRun
 #14 CFRunLoopRunSpecific
 #15 RunCurrentEventLoopInMode
 #16 ReceiveNextEventCommon
 #17 _BlockUntilNextEventMatchingListInModeWithFilter
 #18 _DPSNextEvent
 #19 -[NSApplication(NSEvent) _nextEventMatchingEventMask:untilDate:inMode:dequeue:]
 #20 -[NSApplication run]
 #21 NSApplicationMain
 #22 EditorMain(int, char const**)
 #23 main
 #24 start

Begin MonoManager ReloadAssembly
- Loaded All Assemblies, in  1.444 seconds
Native extension for WindowsStandalone target not found
Native extension for iOS target not found
Native extension for Android target not found
Native extension for OSXStandalone target not found
Mono: successfully reloaded assembly
[Package Manager] Server::EnsureServerProcessIsRunning -- launch failed, reason: Unity was launched with the -noUpm command-line argument
[Package Manager] UpmClient::Send -- Unable to send message (not connected to UPM process).
[Package Manager] Cannot connect to Unity Package Manager local server
- Finished resetting the current domain, in  2.471 seconds
Domain Reload Profiling: 3916ms
	BeginReloadAssembly (436ms)
		ExecutionOrderSort (0ms)
		DisableScriptedObjects (34ms)
		BackupInstance (0ms)
		ReleaseScriptingObjects (0ms)
		CreateAndSetChildDomain (157ms)
	RebuildCommonClasses (73ms)
	RebuildNativeTypeToScriptingClass (22ms)
	initialDomainReloadingComplete (55ms)
	LoadAllAssembliesAndSetupDomain (859ms)
		LoadAssemblies (969ms)
		RebuildTransferFunctionScriptingTraits (0ms)
		AnalyzeDomain (77ms)
			TypeCache.Refresh (25ms)
				TypeCache.ScanAssembly (3ms)
			ScanForSourceGeneratedMonoScriptInfo (32ms)
			ResolveRequiredComponents (15ms)
	FinalizeReload (2472ms)
		ReleaseScriptCaches (0ms)
		RebuildScriptCaches (0ms)
		SetupLoadedEditorAssemblies (775ms)
			LogAssemblyErrors (0ms)
			InitializePlatformSupportModulesInManaged (64ms)
			SetLoadedEditorAssemblies (8ms)
			RefreshPlugins (0ms)
			BeforeProcessingInitializeOnLoad (117ms)
			ProcessInitializeOnLoadAttributes (520ms)
			ProcessInitializeOnLoadMethodAttributes (62ms)
			AfterProcessingInitializeOnLoad (3ms)
			EditorAssembliesLoaded (0ms)
		ExecutionOrderSort2 (0ms)
		AwakeInstancesAfterBackupRestoration (19ms)
Refreshing native plugins compatible for Editor in 5.14 ms, found 3 plugins.
Preloading 0 native plugins for Editor in 0.00 ms.
Unloading 4321 Unused Serialized files (Serialized files now loaded: 0)
Unloading 19 unused Assets / (31.4 KB). Loaded Objects now: 5068.
Memory consumption went from 438.9 MB to 438.9 MB.
Total: 5.994713 ms (FindLiveObjects: 0.415943 ms CreateObjectMapping: 0.411201 ms MarkObjects: 5.085400 ms  DeleteObjects: 0.080656 ms)

Prepare: number of updated asset objects reloaded= 0
AssetImportParameters requested are different than current active one (requested -> active):
  custom:container-demuxer-ogg: 62fdf1f143b41e24485cea50d1cbac27 -> 
  custom:scripting/monoscript/fileName/Rumble Toggle.cs: 9255d141ced706a64b082180f4b6a5c6 -> 
  custom:video-decoder-ogg-theora: a1e56fd34408186e4bbccfd4996cb3dc -> 
  custom:CustomObjectIndexerAttribute: 9a22284fe3817be447336de3de66b15e -> 
  custom:container-demuxer-webm: 4f35f7cbe854078d1ac9338744f61a02 -> 
  custom:container-muxer-webm: aa71ff27fc2769a1b78a27578f13a17b -> 
  custom:video-decoder-webm-vp8: 9c59270c3fd7afecdb556c50c9e8de78 -> 
  custom:SearchIndexIgnoredProperties: e643bd26f0fe6173181afceb89e7c659 -> 
  custom:AudioImporter_EditorPlatform: 3918e3fc78b5a79bad01e8451be0beb8 -> 
  custom:framework-osx-AVFoundation: e770b220cccbd017edd2c1fefb359320 -> 
  custom:video-encoder-webm-vp8: eb34c28f22e8b96e1ab97ce403110664 -> 
  custom:audio-decoder-ogg-vorbis: bf7c407c2cedff20999df2af8eb42d56 -> 
  custom:audio-encoder-webm-vorbis: bf7c407c2cedff20999df2af8eb42d56 -> 
  custom:scripting/precompiled-assembly-types:Assembly-CSharp: 4118f9efece36469725b6a708a004cfd -> 975431d59eab3a43bafba41244e6b097
========================================================================
Received Prepare
Caller must complete domain reload
 #0 GetStacktrace(int)
 #1 DebugStringToFile(DebugStringToFileData const&)
 #2 AssertImplementation(int, char const*, int, int, char const*)
 #3 Internal_ADB_WorkerOnly_DomainReload(AssemblyLoadReason)
 #4 WorkerDomainReloadV2()
 #5 AssetImportWorkerClient::ReloadMonoDomain(AssetResolver&)
 #6 invocation function for block in AssetImportWorkerClient::HandleMessage(PrepareMessage const&)::$_4::operator()() const
 #7 _dispatch_client_callout
 #8 _dispatch_async_and_wait_invoke
 #9 _dispatch_client_callout
 #10 _dispatch_main_queue_drain
 #11 _dispatch_main_queue_callback_4CF
 #12 __CFRUNLOOP_IS_SERVICING_THE_MAIN_DISPATCH_QUEUE__
 #13 __CFRunLoopRun
 #14 CFRunLoopRunSpecific
 #15 RunCurrentEventLoopInMode
 #16 ReceiveNextEventCommon
 #17 _BlockUntilNextEventMatchingListInModeWithFilter
 #18 _DPSNextEvent
 #19 -[NSApplication(NSEvent) _nextEventMatchingEventMask:untilDate:inMode:dequeue:]
 #20 -[NSApplication run]
 #21 NSApplicationMain
 #22 EditorMain(int, char const**)
 #23 main
 #24 start

Begin MonoManager ReloadAssembly
- Loaded All Assemblies, in  1.046 seconds
Native extension for WindowsStandalone target not found
Native extension for iOS target not found
Native extension for Android target not found
Native extension for OSXStandalone target not found
Mono: successfully reloaded assembly
[Package Manager] Server::EnsureServerProcessIsRunning -- launch failed, reason: Unity was launched with the -noUpm command-line argument
[Package Manager] UpmClient::Send -- Unable to send message (not connected to UPM process).
[Package Manager] Cannot connect to Unity Package Manager local server
- Finished resetting the current domain, in  1.989 seconds
Domain Reload Profiling: 3035ms
	BeginReloadAssembly (330ms)
		ExecutionOrderSort (0ms)
		DisableScriptedObjects (33ms)
		BackupInstance (0ms)
		ReleaseScriptingObjects (0ms)
		CreateAndSetChildDomain (130ms)
	RebuildCommonClasses (57ms)
	RebuildNativeTypeToScriptingClass (17ms)
	initialDomainReloadingComplete (45ms)
	LoadAllAssembliesAndSetupDomain (597ms)
		LoadAssemblies (662ms)
		RebuildTransferFunctionScriptingTraits (0ms)
		AnalyzeDomain (57ms)
			TypeCache.Refresh (20ms)
				TypeCache.ScanAssembly (3ms)
			ScanForSourceGeneratedMonoScriptInfo (21ms)
			ResolveRequiredComponents (12ms)
	FinalizeReload (1989ms)
		ReleaseScriptCaches (0ms)
		RebuildScriptCaches (0ms)
		SetupLoadedEditorAssemblies (585ms)
			LogAssemblyErrors (0ms)
			InitializePlatformSupportModulesInManaged (45ms)
			SetLoadedEditorAssemblies (6ms)
			RefreshPlugins (0ms)
			BeforeProcessingInitializeOnLoad (87ms)
			ProcessInitializeOnLoadAttributes (396ms)
			ProcessInitializeOnLoadMethodAttributes (47ms)
			AfterProcessingInitializeOnLoad (2ms)
			EditorAssembliesLoaded (0ms)
		ExecutionOrderSort2 (0ms)
		AwakeInstancesAfterBackupRestoration (15ms)
Refreshing native plugins compatible for Editor in 4.11 ms, found 3 plugins.
Preloading 0 native plugins for Editor in 0.00 ms.
Unloading 4321 Unused Serialized files (Serialized files now loaded: 0)
Unloading 19 unused Assets / (31.4 KB). Loaded Objects now: 5072.
Memory consumption went from 443.4 MB to 443.4 MB.
Total: 4.759525 ms (FindLiveObjects: 0.367128 ms CreateObjectMapping: 0.388998 ms MarkObjects: 3.954202 ms  DeleteObjects: 0.048129 ms)

Prepare: number of updated asset objects reloaded= 0
AssetImportParameters requested are different than current active one (requested -> active):
  custom:container-demuxer-ogg: 62fdf1f143b41e24485cea50d1cbac27 -> 
  custom:scripting/monoscript/fileName/Rumble Toggle.cs: 9255d141ced706a64b082180f4b6a5c6 -> 
  custom:video-decoder-ogg-theora: a1e56fd34408186e4bbccfd4996cb3dc -> 
  custom:CustomObjectIndexerAttribute: 9a22284fe3817be447336de3de66b15e -> 
  custom:container-demuxer-webm: 4f35f7cbe854078d1ac9338744f61a02 -> 
  custom:container-muxer-webm: aa71ff27fc2769a1b78a27578f13a17b -> 
  custom:video-decoder-webm-vp8: 9c59270c3fd7afecdb556c50c9e8de78 -> 
  custom:SearchIndexIgnoredProperties: e643bd26f0fe6173181afceb89e7c659 -> 
  custom:AudioImporter_EditorPlatform: 3918e3fc78b5a79bad01e8451be0beb8 -> 
  custom:framework-osx-AVFoundation: e770b220cccbd017edd2c1fefb359320 -> 
  custom:video-encoder-webm-vp8: eb34c28f22e8b96e1ab97ce403110664 -> 
  custom:audio-decoder-ogg-vorbis: bf7c407c2cedff20999df2af8eb42d56 -> 
  custom:audio-encoder-webm-vorbis: bf7c407c2cedff20999df2af8eb42d56 -> 
  custom:scripting/precompiled-assembly-types:Assembly-CSharp: 4118f9efece36469725b6a708a004cfd -> 975431d59eab3a43bafba41244e6b097
========================================================================
Received Import Request.
  Time since last request: 23035.349208 seconds.
  path: Assets/Sprite/Login&Signup/guest.png
  artifactKey: Guid(65632207db863405cb28cb97753fda87) Importer(815301076,1909f56bfc062723c751e8b465ee728b)
Start importing Assets/Sprite/Login&Signup/guest.png using Guid(65632207db863405cb28cb97753fda87) Importer(815301076,1909f56bfc062723c751e8b465ee728b) [PhysX] Initialized MultithreadedTaskDispatcher with 8 workers.
WARNING: RGBA Compressed ASTC6X6 UNorm format is not supported, decompressing texture
[PhysX] Initialized MultithreadedTaskDispatcher with 8 workers.
 -> (artifact id: '062b4409d23acab6c16239a732234209') in 0.252556 seconds
Number of updated asset objects reloaded before import = 0
Number of asset objects unloaded after import = 3
========================================================================
Received Import Request.
  Time since last request: 20.344739 seconds.
  path: Assets/Sprite/Login&Signup/guest.png
  artifactKey: Guid(65632207db863405cb28cb97753fda87) Importer(815301076,1909f56bfc062723c751e8b465ee728b)
Start importing Assets/Sprite/Login&Signup/guest.png using Guid(65632207db863405cb28cb97753fda87) Importer(815301076,1909f56bfc062723c751e8b465ee728b) [PhysX] Initialized MultithreadedTaskDispatcher with 8 workers.
[PhysX] Initialized MultithreadedTaskDispatcher with 8 workers.
 -> (artifact id: 'eea5a17b5e168c0099fd759d92dcb6db') in 0.021448 seconds
Number of updated asset objects reloaded before import = 0
Number of asset objects unloaded after import = 2
========================================================================
Received Import Request.
  Time since last request: 38.667714 seconds.
  path: Assets/Sprite/Login&Signup/guest.png
  artifactKey: Guid(65632207db863405cb28cb97753fda87) Importer(815301076,1909f56bfc062723c751e8b465ee728b)
Start importing Assets/Sprite/Login&Signup/guest.png using Guid(65632207db863405cb28cb97753fda87) Importer(815301076,1909f56bfc062723c751e8b465ee728b) [PhysX] Initialized MultithreadedTaskDispatcher with 8 workers.
[PhysX] Initialized MultithreadedTaskDispatcher with 8 workers.
 -> (artifact id: 'de9e01454f2e11f3ab8e7509dc0b7692') in 0.033160 seconds
Number of updated asset objects reloaded before import = 0
Number of asset objects unloaded after import = 3
========================================================================
Received Prepare
Caller must complete domain reload
 #0 GetStacktrace(int)
 #1 DebugStringToFile(DebugStringToFileData const&)
 #2 AssertImplementation(int, char const*, int, int, char const*)
 #3 Internal_ADB_WorkerOnly_DomainReload(AssemblyLoadReason)
 #4 WorkerDomainReloadV2()
 #5 AssetImportWorkerClient::ReloadMonoDomain(AssetResolver&)
 #6 invocation function for block in AssetImportWorkerClient::HandleMessage(PrepareMessage const&)::$_4::operator()() const
 #7 _dispatch_client_callout
 #8 _dispatch_async_and_wait_invoke
 #9 _dispatch_client_callout
 #10 _dispatch_main_queue_drain
 #11 _dispatch_main_queue_callback_4CF
 #12 __CFRUNLOOP_IS_SERVICING_THE_MAIN_DISPATCH_QUEUE__
 #13 __CFRunLoopRun
 #14 CFRunLoopRunSpecific
 #15 RunCurrentEventLoopInMode
 #16 ReceiveNextEventCommon
 #17 _BlockUntilNextEventMatchingListInModeWithFilter
 #18 _DPSNextEvent
 #19 -[NSApplication(NSEvent) _nextEventMatchingEventMask:untilDate:inMode:dequeue:]
 #20 -[NSApplication run]
 #21 NSApplicationMain
 #22 EditorMain(int, char const**)
 #23 main
 #24 start

Begin MonoManager ReloadAssembly
- Loaded All Assemblies, in  0.669 seconds
Native extension for WindowsStandalone target not found
Native extension for iOS target not found
Native extension for Android target not found
Native extension for OSXStandalone target not found
Mono: successfully reloaded assembly
[Package Manager] Server::EnsureServerProcessIsRunning -- launch failed, reason: Unity was launched with the -noUpm command-line argument
[Package Manager] UpmClient::Send -- Unable to send message (not connected to UPM process).
[Package Manager] Cannot connect to Unity Package Manager local server
- Finished resetting the current domain, in  2.095 seconds
Domain Reload Profiling: 2764ms
	BeginReloadAssembly (221ms)
		ExecutionOrderSort (0ms)
		DisableScriptedObjects (17ms)
		BackupInstance (0ms)
		ReleaseScriptingObjects (0ms)
		CreateAndSetChildDomain (78ms)
	RebuildCommonClasses (52ms)
	RebuildNativeTypeToScriptingClass (18ms)
	initialDomainReloadingComplete (32ms)
	LoadAllAssembliesAndSetupDomain (346ms)
		LoadAssemblies (415ms)
		RebuildTransferFunctionScriptingTraits (0ms)
		AnalyzeDomain (22ms)
			TypeCache.Refresh (7ms)
				TypeCache.ScanAssembly (0ms)
			ScanForSourceGeneratedMonoScriptInfo (0ms)
			ResolveRequiredComponents (11ms)
	FinalizeReload (2096ms)
		ReleaseScriptCaches (0ms)
		RebuildScriptCaches (0ms)
		SetupLoadedEditorAssemblies (735ms)
			LogAssemblyErrors (0ms)
			InitializePlatformSupportModulesInManaged (51ms)
			SetLoadedEditorAssemblies (9ms)
			RefreshPlugins (0ms)
			BeforeProcessingInitializeOnLoad (113ms)
			ProcessInitializeOnLoadAttributes (497ms)
			ProcessInitializeOnLoadMethodAttributes (62ms)
			AfterProcessingInitializeOnLoad (2ms)
			EditorAssembliesLoaded (0ms)
		ExecutionOrderSort2 (0ms)
		AwakeInstancesAfterBackupRestoration (17ms)
Refreshing native plugins compatible for Editor in 5.20 ms, found 3 plugins.
Preloading 0 native plugins for Editor in 0.00 ms.
Unloading 4320 Unused Serialized files (Serialized files now loaded: 0)
Unloading 19 unused Assets / (31.3 KB). Loaded Objects now: 5078.
Memory consumption went from 448.0 MB to 448.0 MB.
Total: 5.433004 ms (FindLiveObjects: 0.422796 ms CreateObjectMapping: 0.514650 ms MarkObjects: 4.429667 ms  DeleteObjects: 0.055301 ms)

Prepare: number of updated asset objects reloaded= 0
AssetImportParameters requested are different than current active one (requested -> active):
  custom:container-demuxer-ogg: 62fdf1f143b41e24485cea50d1cbac27 -> 
  custom:scripting/monoscript/fileName/Rumble Toggle.cs: 9255d141ced706a64b082180f4b6a5c6 -> 
  custom:video-decoder-ogg-theora: a1e56fd34408186e4bbccfd4996cb3dc -> 
  custom:CustomObjectIndexerAttribute: 9a22284fe3817be447336de3de66b15e -> 
  custom:container-demuxer-webm: 4f35f7cbe854078d1ac9338744f61a02 -> 
  custom:container-muxer-webm: aa71ff27fc2769a1b78a27578f13a17b -> 
  custom:video-decoder-webm-vp8: 9c59270c3fd7afecdb556c50c9e8de78 -> 
  custom:SearchIndexIgnoredProperties: e643bd26f0fe6173181afceb89e7c659 -> 
  custom:AudioImporter_EditorPlatform: 3918e3fc78b5a79bad01e8451be0beb8 -> 
  custom:framework-osx-AVFoundation: e770b220cccbd017edd2c1fefb359320 -> 
  custom:video-encoder-webm-vp8: eb34c28f22e8b96e1ab97ce403110664 -> 
  custom:audio-decoder-ogg-vorbis: bf7c407c2cedff20999df2af8eb42d56 -> 
  custom:audio-encoder-webm-vorbis: bf7c407c2cedff20999df2af8eb42d56 -> 
  custom:scripting/precompiled-assembly-types:Assembly-CSharp: 4118f9efece36469725b6a708a004cfd -> 975431d59eab3a43bafba41244e6b097
========================================================================
Received Import Request.
  Time since last request: 148.963923 seconds.
  path: Assets/Scenes/Menu/Signup.unity
  artifactKey: Guid(48d6e3008fde348a7b6df4684180add7) Importer(815301076,1909f56bfc062723c751e8b465ee728b)
Start importing Assets/Scenes/Menu/Signup.unity using Guid(48d6e3008fde348a7b6df4684180add7) Importer(815301076,1909f56bfc062723c751e8b465ee728b) [PhysX] Initialized MultithreadedTaskDispatcher with 8 workers.
 -> (artifact id: '3926b8ac9dc09536f9cb5aaf16cfd99a') in 0.002372 seconds
Number of updated asset objects reloaded before import = 0
Number of asset objects unloaded after import = 0
========================================================================
Received Prepare
Caller must complete domain reload
 #0 GetStacktrace(int)
 #1 DebugStringToFile(DebugStringToFileData const&)
 #2 AssertImplementation(int, char const*, int, int, char const*)
 #3 Internal_ADB_WorkerOnly_DomainReload(AssemblyLoadReason)
 #4 WorkerDomainReloadV2()
 #5 AssetImportWorkerClient::ReloadMonoDomain(AssetResolver&)
 #6 invocation function for block in AssetImportWorkerClient::HandleMessage(PrepareMessage const&)::$_4::operator()() const
 #7 _dispatch_client_callout
 #8 _dispatch_async_and_wait_invoke
 #9 _dispatch_client_callout
 #10 _dispatch_main_queue_drain
 #11 _dispatch_main_queue_callback_4CF
 #12 __CFRUNLOOP_IS_SERVICING_THE_MAIN_DISPATCH_QUEUE__
 #13 __CFRunLoopRun
 #14 CFRunLoopRunSpecific
 #15 RunCurrentEventLoopInMode
 #16 ReceiveNextEventCommon
 #17 _BlockUntilNextEventMatchingListInModeWithFilter
 #18 _DPSNextEvent
 #19 -[NSApplication(NSEvent) _nextEventMatchingEventMask:untilDate:inMode:dequeue:]
 #20 -[NSApplication run]
 #21 NSApplicationMain
 #22 EditorMain(int, char const**)
 #23 main
 #24 start

Begin MonoManager ReloadAssembly
- Loaded All Assemblies, in  0.647 seconds
Native extension for WindowsStandalone target not found
Native extension for iOS target not found
Native extension for Android target not found
Native extension for OSXStandalone target not found
Mono: successfully reloaded assembly
[Package Manager] Server::EnsureServerProcessIsRunning -- launch failed, reason: Unity was launched with the -noUpm command-line argument
[Package Manager] UpmClient::Send -- Unable to send message (not connected to UPM process).
[Package Manager] Cannot connect to Unity Package Manager local server
- Finished resetting the current domain, in  1.995 seconds
Domain Reload Profiling: 2643ms
	BeginReloadAssembly (205ms)
		ExecutionOrderSort (0ms)
		DisableScriptedObjects (15ms)
		BackupInstance (0ms)
		ReleaseScriptingObjects (0ms)
		CreateAndSetChildDomain (70ms)
	RebuildCommonClasses (49ms)
	RebuildNativeTypeToScriptingClass (16ms)
	initialDomainReloadingComplete (32ms)
	LoadAllAssembliesAndSetupDomain (344ms)
		LoadAssemblies (402ms)
		RebuildTransferFunctionScriptingTraits (0ms)
		AnalyzeDomain (29ms)
			TypeCache.Refresh (11ms)
				TypeCache.ScanAssembly (0ms)
			ScanForSourceGeneratedMonoScriptInfo (0ms)
			ResolveRequiredComponents (13ms)
	FinalizeReload (1996ms)
		ReleaseScriptCaches (0ms)
		RebuildScriptCaches (0ms)
		SetupLoadedEditorAssemblies (648ms)
			LogAssemblyErrors (0ms)
			InitializePlatformSupportModulesInManaged (52ms)
			SetLoadedEditorAssemblies (9ms)
			RefreshPlugins (0ms)
			BeforeProcessingInitializeOnLoad (110ms)
			ProcessInitializeOnLoadAttributes (422ms)
			ProcessInitializeOnLoadMethodAttributes (52ms)
			AfterProcessingInitializeOnLoad (2ms)
			EditorAssembliesLoaded (0ms)
		ExecutionOrderSort2 (0ms)
		AwakeInstancesAfterBackupRestoration (18ms)
Refreshing native plugins compatible for Editor in 5.10 ms, found 3 plugins.
Preloading 0 native plugins for Editor in 0.00 ms.
Unloading 4320 Unused Serialized files (Serialized files now loaded: 0)
Unloading 19 unused Assets / (31.4 KB). Loaded Objects now: 5082.
Memory consumption went from 452.6 MB to 452.5 MB.
Total: 5.524120 ms (FindLiveObjects: 0.453938 ms CreateObjectMapping: 0.507846 ms MarkObjects: 4.482594 ms  DeleteObjects: 0.078448 ms)

Prepare: number of updated asset objects reloaded= 0
AssetImportParameters requested are different than current active one (requested -> active):
  custom:container-demuxer-ogg: 62fdf1f143b41e24485cea50d1cbac27 -> 
  custom:scripting/monoscript/fileName/Rumble Toggle.cs: 9255d141ced706a64b082180f4b6a5c6 -> 
  custom:video-decoder-ogg-theora: a1e56fd34408186e4bbccfd4996cb3dc -> 
  custom:CustomObjectIndexerAttribute: 9a22284fe3817be447336de3de66b15e -> 
  custom:container-demuxer-webm: 4f35f7cbe854078d1ac9338744f61a02 -> 
  custom:container-muxer-webm: aa71ff27fc2769a1b78a27578f13a17b -> 
  custom:video-decoder-webm-vp8: 9c59270c3fd7afecdb556c50c9e8de78 -> 
  custom:SearchIndexIgnoredProperties: e643bd26f0fe6173181afceb89e7c659 -> 
  custom:AudioImporter_EditorPlatform: 3918e3fc78b5a79bad01e8451be0beb8 -> 
  custom:framework-osx-AVFoundation: e770b220cccbd017edd2c1fefb359320 -> 
  custom:video-encoder-webm-vp8: eb34c28f22e8b96e1ab97ce403110664 -> 
  custom:audio-decoder-ogg-vorbis: bf7c407c2cedff20999df2af8eb42d56 -> 
  custom:audio-encoder-webm-vorbis: bf7c407c2cedff20999df2af8eb42d56 -> 
  custom:scripting/precompiled-assembly-types:Assembly-CSharp: 4118f9efece36469725b6a708a004cfd -> 975431d59eab3a43bafba41244e6b097
========================================================================
Received Prepare
Caller must complete domain reload
 #0 GetStacktrace(int)
 #1 DebugStringToFile(DebugStringToFileData const&)
 #2 AssertImplementation(int, char const*, int, int, char const*)
 #3 Internal_ADB_WorkerOnly_DomainReload(AssemblyLoadReason)
 #4 WorkerDomainReloadV2()
 #5 AssetImportWorkerClient::ReloadMonoDomain(AssetResolver&)
 #6 invocation function for block in AssetImportWorkerClient::HandleMessage(PrepareMessage const&)::$_4::operator()() const
 #7 _dispatch_client_callout
 #8 _dispatch_async_and_wait_invoke
 #9 _dispatch_client_callout
 #10 _dispatch_main_queue_drain
 #11 _dispatch_main_queue_callback_4CF
 #12 __CFRUNLOOP_IS_SERVICING_THE_MAIN_DISPATCH_QUEUE__
 #13 __CFRunLoopRun
 #14 CFRunLoopRunSpecific
 #15 RunCurrentEventLoopInMode
 #16 ReceiveNextEventCommon
 #17 _BlockUntilNextEventMatchingListInModeWithFilter
 #18 _DPSNextEvent
 #19 -[NSApplication(NSEvent) _nextEventMatchingEventMask:untilDate:inMode:dequeue:]
 #20 -[NSApplication run]
 #21 NSApplicationMain
 #22 EditorMain(int, char const**)
 #23 main
 #24 start

Begin MonoManager ReloadAssembly
- Loaded All Assemblies, in  0.641 seconds
Native extension for WindowsStandalone target not found
Native extension for iOS target not found
Native extension for Android target not found
Native extension for OSXStandalone target not found
Mono: successfully reloaded assembly
[Package Manager] Server::EnsureServerProcessIsRunning -- launch failed, reason: Unity was launched with the -noUpm command-line argument
[Package Manager] UpmClient::Send -- Unable to send message (not connected to UPM process).
[Package Manager] Cannot connect to Unity Package Manager local server
- Finished resetting the current domain, in  2.075 seconds
Domain Reload Profiling: 2716ms
	BeginReloadAssembly (209ms)
		ExecutionOrderSort (0ms)
		DisableScriptedObjects (16ms)
		BackupInstance (0ms)
		ReleaseScriptingObjects (0ms)
		CreateAndSetChildDomain (68ms)
	RebuildCommonClasses (49ms)
	RebuildNativeTypeToScriptingClass (16ms)
	initialDomainReloadingComplete (32ms)
	LoadAllAssembliesAndSetupDomain (334ms)
		LoadAssemblies (400ms)
		RebuildTransferFunctionScriptingTraits (0ms)
		AnalyzeDomain (23ms)
			TypeCache.Refresh (9ms)
				TypeCache.ScanAssembly (0ms)
			ScanForSourceGeneratedMonoScriptInfo (0ms)
			ResolveRequiredComponents (11ms)
	FinalizeReload (2076ms)
		ReleaseScriptCaches (0ms)
		RebuildScriptCaches (0ms)
		SetupLoadedEditorAssemblies (741ms)
			LogAssemblyErrors (0ms)
			InitializePlatformSupportModulesInManaged (49ms)
			SetLoadedEditorAssemblies (9ms)
			RefreshPlugins (0ms)
			BeforeProcessingInitializeOnLoad (111ms)
			ProcessInitializeOnLoadAttributes (503ms)
			ProcessInitializeOnLoadMethodAttributes (66ms)
			AfterProcessingInitializeOnLoad (2ms)
			EditorAssembliesLoaded (0ms)
		ExecutionOrderSort2 (0ms)
		AwakeInstancesAfterBackupRestoration (18ms)
Refreshing native plugins compatible for Editor in 10.53 ms, found 3 plugins.
Preloading 0 native plugins for Editor in 0.00 ms.
Unloading 4321 Unused Serialized files (Serialized files now loaded: 0)
Unloading 19 unused Assets / (31.3 KB). Loaded Objects now: 5086.
Memory consumption went from 457.2 MB to 457.1 MB.
Total: 5.720466 ms (FindLiveObjects: 0.520485 ms CreateObjectMapping: 0.454699 ms MarkObjects: 4.685352 ms  DeleteObjects: 0.058631 ms)

Prepare: number of updated asset objects reloaded= 0
AssetImportParameters requested are different than current active one (requested -> active):
  custom:container-demuxer-ogg: 62fdf1f143b41e24485cea50d1cbac27 -> 
  custom:scripting/monoscript/fileName/Rumble Toggle.cs: 9255d141ced706a64b082180f4b6a5c6 -> 
  custom:video-decoder-ogg-theora: a1e56fd34408186e4bbccfd4996cb3dc -> 
  custom:CustomObjectIndexerAttribute: 9a22284fe3817be447336de3de66b15e -> 
  custom:container-demuxer-webm: 4f35f7cbe854078d1ac9338744f61a02 -> 
  custom:container-muxer-webm: aa71ff27fc2769a1b78a27578f13a17b -> 
  custom:video-decoder-webm-vp8: 9c59270c3fd7afecdb556c50c9e8de78 -> 
  custom:SearchIndexIgnoredProperties: e643bd26f0fe6173181afceb89e7c659 -> 
  custom:AudioImporter_EditorPlatform: 3918e3fc78b5a79bad01e8451be0beb8 -> 
  custom:framework-osx-AVFoundation: e770b220cccbd017edd2c1fefb359320 -> 
  custom:video-encoder-webm-vp8: eb34c28f22e8b96e1ab97ce403110664 -> 
  custom:audio-decoder-ogg-vorbis: bf7c407c2cedff20999df2af8eb42d56 -> 
  custom:audio-encoder-webm-vorbis: bf7c407c2cedff20999df2af8eb42d56 -> 
  custom:scripting/precompiled-assembly-types:Assembly-CSharp: 4118f9efece36469725b6a708a004cfd -> 975431d59eab3a43bafba41244e6b097
========================================================================
Received Import Request.
  Time since last request: 6112.583319 seconds.
  path: Assets/Scripts/Scene Manager/Exit Game.cs
  artifactKey: Guid(03e1d7ceab648462dbe655c4a781af4c) Importer(815301076,1909f56bfc062723c751e8b465ee728b)
Start importing Assets/Scripts/Scene Manager/Exit Game.cs using Guid(03e1d7ceab648462dbe655c4a781af4c) Importer(815301076,1909f56bfc062723c751e8b465ee728b) [PhysX] Initialized MultithreadedTaskDispatcher with 8 workers.
 -> (artifact id: '6b67928e0e51d7d54a763cfaddc44ddd') in 0.029261 seconds
Number of updated asset objects reloaded before import = 0
Number of asset objects unloaded after import = 0
========================================================================
Received Prepare
Caller must complete domain reload
 #0 GetStacktrace(int)
 #1 DebugStringToFile(DebugStringToFileData const&)
 #2 AssertImplementation(int, char const*, int, int, char const*)
 #3 Internal_ADB_WorkerOnly_DomainReload(AssemblyLoadReason)
 #4 WorkerDomainReloadV2()
 #5 AssetImportWorkerClient::ReloadMonoDomain(AssetResolver&)
 #6 invocation function for block in AssetImportWorkerClient::HandleMessage(PrepareMessage const&)::$_4::operator()() const
 #7 _dispatch_client_callout
 #8 _dispatch_async_and_wait_invoke
 #9 _dispatch_client_callout
 #10 _dispatch_main_queue_drain
 #11 _dispatch_main_queue_callback_4CF
 #12 __CFRUNLOOP_IS_SERVICING_THE_MAIN_DISPATCH_QUEUE__
 #13 __CFRunLoopRun
 #14 CFRunLoopRunSpecific
 #15 RunCurrentEventLoopInMode
 #16 ReceiveNextEventCommon
 #17 _BlockUntilNextEventMatchingListInModeWithFilter
 #18 _DPSNextEvent
 #19 -[NSApplication(NSEvent) _nextEventMatchingEventMask:untilDate:inMode:dequeue:]
 #20 -[NSApplication run]
 #21 NSApplicationMain
 #22 EditorMain(int, char const**)
 #23 main
 #24 start

Begin MonoManager ReloadAssembly
- Loaded All Assemblies, in  1.477 seconds
Native extension for WindowsStandalone target not found
Native extension for iOS target not found
Native extension for Android target not found
Native extension for OSXStandalone target not found
Mono: successfully reloaded assembly
[Package Manager] Server::EnsureServerProcessIsRunning -- launch failed, reason: Unity was launched with the -noUpm command-line argument
[Package Manager] UpmClient::Send -- Unable to send message (not connected to UPM process).
[Package Manager] Cannot connect to Unity Package Manager local server
- Finished resetting the current domain, in  2.696 seconds
Domain Reload Profiling: 4174ms
	BeginReloadAssembly (568ms)
		ExecutionOrderSort (0ms)
		DisableScriptedObjects (38ms)
		BackupInstance (0ms)
		ReleaseScriptingObjects (0ms)
		CreateAndSetChildDomain (183ms)
	RebuildCommonClasses (109ms)
	RebuildNativeTypeToScriptingClass (29ms)
	initialDomainReloadingComplete (64ms)
	LoadAllAssembliesAndSetupDomain (708ms)
		LoadAssemblies (867ms)
		RebuildTransferFunctionScriptingTraits (0ms)
		AnalyzeDomain (98ms)
			TypeCache.Refresh (28ms)
				TypeCache.ScanAssembly (4ms)
			ScanForSourceGeneratedMonoScriptInfo (40ms)
			ResolveRequiredComponents (25ms)
	FinalizeReload (2697ms)
		ReleaseScriptCaches (0ms)
		RebuildScriptCaches (0ms)
		SetupLoadedEditorAssemblies (800ms)
			LogAssemblyErrors (0ms)
			InitializePlatformSupportModulesInManaged (64ms)
			SetLoadedEditorAssemblies (8ms)
			RefreshPlugins (0ms)
			BeforeProcessingInitializeOnLoad (111ms)
			ProcessInitializeOnLoadAttributes (545ms)
			ProcessInitializeOnLoadMethodAttributes (68ms)
			AfterProcessingInitializeOnLoad (3ms)
			EditorAssembliesLoaded (1ms)
		ExecutionOrderSort2 (0ms)
		AwakeInstancesAfterBackupRestoration (19ms)
Refreshing native plugins compatible for Editor in 6.93 ms, found 3 plugins.
Preloading 0 native plugins for Editor in 0.00 ms.
Unloading 4321 Unused Serialized files (Serialized files now loaded: 0)
Unloading 19 unused Assets / (31.3 KB). Loaded Objects now: 5091.
Memory consumption went from 461.0 MB to 461.0 MB.
Total: 6.023027 ms (FindLiveObjects: 0.421174 ms CreateObjectMapping: 0.433714 ms MarkObjects: 5.104709 ms  DeleteObjects: 0.062290 ms)

Prepare: number of updated asset objects reloaded= 0
AssetImportParameters requested are different than current active one (requested -> active):
  custom:container-demuxer-ogg: 62fdf1f143b41e24485cea50d1cbac27 -> 
  custom:scripting/monoscript/fileName/Rumble Toggle.cs: 9255d141ced706a64b082180f4b6a5c6 -> 
  custom:video-decoder-ogg-theora: a1e56fd34408186e4bbccfd4996cb3dc -> 
  custom:CustomObjectIndexerAttribute: 9a22284fe3817be447336de3de66b15e -> 
  custom:container-demuxer-webm: 4f35f7cbe854078d1ac9338744f61a02 -> 
  custom:container-muxer-webm: aa71ff27fc2769a1b78a27578f13a17b -> 
  custom:video-decoder-webm-vp8: 9c59270c3fd7afecdb556c50c9e8de78 -> 
  custom:SearchIndexIgnoredProperties: e643bd26f0fe6173181afceb89e7c659 -> 
  custom:AudioImporter_EditorPlatform: 3918e3fc78b5a79bad01e8451be0beb8 -> 
  custom:framework-osx-AVFoundation: e770b220cccbd017edd2c1fefb359320 -> 
  custom:video-encoder-webm-vp8: eb34c28f22e8b96e1ab97ce403110664 -> 
  custom:audio-decoder-ogg-vorbis: bf7c407c2cedff20999df2af8eb42d56 -> 
  custom:scripting/monoscript/fileName/Exit Game.cs: 9f3cc85f4d80e3eecbb57ffd1eba67c5 -> 
  custom:audio-encoder-webm-vorbis: bf7c407c2cedff20999df2af8eb42d56 -> 
  custom:scripting/precompiled-assembly-types:Assembly-CSharp: 85fc7fa805d4d8355bd4c890b513f941 -> 975431d59eab3a43bafba41244e6b097
========================================================================
Received Import Request.
  Time since last request: 60.571297 seconds.
  path: Assets/Scripts/Scene Manager/Exit Game.cs
  artifactKey: Guid(03e1d7ceab648462dbe655c4a781af4c) Importer(815301076,1909f56bfc062723c751e8b465ee728b)
Start importing Assets/Scripts/Scene Manager/Exit Game.cs using Guid(03e1d7ceab648462dbe655c4a781af4c) Importer(815301076,1909f56bfc062723c751e8b465ee728b) [PhysX] Initialized MultithreadedTaskDispatcher with 8 workers.
 -> (artifact id: 'ea62a28f48a94ade76a56a0f07522fa8') in 0.003259 seconds
Number of updated asset objects reloaded before import = 0
Number of asset objects unloaded after import = 0
========================================================================
Received Import Request.
  Time since last request: 20.553434 seconds.
  path: Assets/Scripts/Scene Manager/Exit Game.cs
  artifactKey: Guid(03e1d7ceab648462dbe655c4a781af4c) Importer(815301076,1909f56bfc062723c751e8b465ee728b)
Start importing Assets/Scripts/Scene Manager/Exit Game.cs using Guid(03e1d7ceab648462dbe655c4a781af4c) Importer(815301076,1909f56bfc062723c751e8b465ee728b) [PhysX] Initialized MultithreadedTaskDispatcher with 8 workers.
 -> (artifact id: '93ef9f4ca01c68160a689f8e3b108aac') in 0.000807 seconds
Number of updated asset objects reloaded before import = 0
Number of asset objects unloaded after import = 0
========================================================================
Received Prepare
Caller must complete domain reload
 #0 GetStacktrace(int)
 #1 DebugStringToFile(DebugStringToFileData const&)
 #2 AssertImplementation(int, char const*, int, int, char const*)
 #3 Internal_ADB_WorkerOnly_DomainReload(AssemblyLoadReason)
 #4 WorkerDomainReloadV2()
 #5 AssetImportWorkerClient::ReloadMonoDomain(AssetResolver&)
 #6 invocation function for block in AssetImportWorkerClient::HandleMessage(PrepareMessage const&)::$_4::operator()() const
 #7 _dispatch_client_callout
 #8 _dispatch_async_and_wait_invoke
 #9 _dispatch_client_callout
 #10 _dispatch_main_queue_drain
 #11 _dispatch_main_queue_callback_4CF
 #12 __CFRUNLOOP_IS_SERVICING_THE_MAIN_DISPATCH_QUEUE__
 #13 __CFRunLoopRun
 #14 CFRunLoopRunSpecific
 #15 RunCurrentEventLoopInMode
 #16 ReceiveNextEventCommon
 #17 _BlockUntilNextEventMatchingListInModeWithFilter
 #18 _DPSNextEvent
 #19 -[NSApplication(NSEvent) _nextEventMatchingEventMask:untilDate:inMode:dequeue:]
 #20 -[NSApplication run]
 #21 NSApplicationMain
 #22 EditorMain(int, char const**)
 #23 main
 #24 start

Begin MonoManager ReloadAssembly
- Loaded All Assemblies, in  0.871 seconds
Native extension for WindowsStandalone target not found
Native extension for iOS target not found
Native extension for Android target not found
Native extension for OSXStandalone target not found
Mono: successfully reloaded assembly
[Package Manager] Server::EnsureServerProcessIsRunning -- launch failed, reason: Unity was launched with the -noUpm command-line argument
[Package Manager] UpmClient::Send -- Unable to send message (not connected to UPM process).
[Package Manager] Cannot connect to Unity Package Manager local server
- Finished resetting the current domain, in  2.576 seconds
Domain Reload Profiling: 3446ms
	BeginReloadAssembly (274ms)
		ExecutionOrderSort (0ms)
		DisableScriptedObjects (20ms)
		BackupInstance (0ms)
		ReleaseScriptingObjects (0ms)
		CreateAndSetChildDomain (92ms)
	RebuildCommonClasses (67ms)
	RebuildNativeTypeToScriptingClass (23ms)
	initialDomainReloadingComplete (45ms)
	LoadAllAssembliesAndSetupDomain (461ms)
		LoadAssemblies (518ms)
		RebuildTransferFunctionScriptingTraits (0ms)
		AnalyzeDomain (60ms)
			TypeCache.Refresh (19ms)
				TypeCache.ScanAssembly (4ms)
			ScanForSourceGeneratedMonoScriptInfo (23ms)
			ResolveRequiredComponents (14ms)
	FinalizeReload (2577ms)
		ReleaseScriptCaches (0ms)
		RebuildScriptCaches (0ms)
		SetupLoadedEditorAssemblies (937ms)
			LogAssemblyErrors (0ms)
			InitializePlatformSupportModulesInManaged (65ms)
			SetLoadedEditorAssemblies (9ms)
			RefreshPlugins (0ms)
			BeforeProcessingInitializeOnLoad (133ms)
			ProcessInitializeOnLoadAttributes (653ms)
			ProcessInitializeOnLoadMethodAttributes (76ms)
			AfterProcessingInitializeOnLoad (3ms)
			EditorAssembliesLoaded (0ms)
		ExecutionOrderSort2 (0ms)
		AwakeInstancesAfterBackupRestoration (22ms)
Refreshing native plugins compatible for Editor in 5.54 ms, found 3 plugins.
Preloading 0 native plugins for Editor in 0.00 ms.
Unloading 4321 Unused Serialized files (Serialized files now loaded: 0)
Unloading 19 unused Assets / (31.4 KB). Loaded Objects now: 5095.
Memory consumption went from 465.6 MB to 465.6 MB.
Total: 7.470156 ms (FindLiveObjects: 0.598385 ms CreateObjectMapping: 0.512902 ms MarkObjects: 6.287325 ms  DeleteObjects: 0.070026 ms)

Prepare: number of updated asset objects reloaded= 0
AssetImportParameters requested are different than current active one (requested -> active):
  custom:container-demuxer-ogg: 62fdf1f143b41e24485cea50d1cbac27 -> 
  custom:scripting/monoscript/fileName/Rumble Toggle.cs: 9255d141ced706a64b082180f4b6a5c6 -> 
  custom:video-decoder-ogg-theora: a1e56fd34408186e4bbccfd4996cb3dc -> 
  custom:CustomObjectIndexerAttribute: 9a22284fe3817be447336de3de66b15e -> 
  custom:container-demuxer-webm: 4f35f7cbe854078d1ac9338744f61a02 -> 
  custom:container-muxer-webm: aa71ff27fc2769a1b78a27578f13a17b -> 
  custom:video-decoder-webm-vp8: 9c59270c3fd7afecdb556c50c9e8de78 -> 
  custom:SearchIndexIgnoredProperties: e643bd26f0fe6173181afceb89e7c659 -> 
  custom:AudioImporter_EditorPlatform: 3918e3fc78b5a79bad01e8451be0beb8 -> 
  custom:framework-osx-AVFoundation: e770b220cccbd017edd2c1fefb359320 -> 
  custom:video-encoder-webm-vp8: eb34c28f22e8b96e1ab97ce403110664 -> 
  custom:audio-decoder-ogg-vorbis: bf7c407c2cedff20999df2af8eb42d56 -> 
  custom:scripting/monoscript/fileName/Exit Game.cs: 9f3cc85f4d80e3eecbb57ffd1eba67c5 -> 
  custom:audio-encoder-webm-vorbis: bf7c407c2cedff20999df2af8eb42d56 -> 
  custom:scripting/precompiled-assembly-types:Assembly-CSharp: 85fc7fa805d4d8355bd4c890b513f941 -> 975431d59eab3a43bafba41244e6b097
========================================================================
Received Prepare
Caller must complete domain reload
 #0 GetStacktrace(int)
 #1 DebugStringToFile(DebugStringToFileData const&)
 #2 AssertImplementation(int, char const*, int, int, char const*)
 #3 Internal_ADB_WorkerOnly_DomainReload(AssemblyLoadReason)
 #4 WorkerDomainReloadV2()
 #5 AssetImportWorkerClient::ReloadMonoDomain(AssetResolver&)
 #6 invocation function for block in AssetImportWorkerClient::HandleMessage(PrepareMessage const&)::$_4::operator()() const
 #7 _dispatch_client_callout
 #8 _dispatch_async_and_wait_invoke
 #9 _dispatch_client_callout
 #10 _dispatch_main_queue_drain
 #11 _dispatch_main_queue_callback_4CF
 #12 __CFRUNLOOP_IS_SERVICING_THE_MAIN_DISPATCH_QUEUE__
 #13 __CFRunLoopRun
 #14 CFRunLoopRunSpecific
 #15 RunCurrentEventLoopInMode
 #16 ReceiveNextEventCommon
 #17 _BlockUntilNextEventMatchingListInModeWithFilter
 #18 _DPSNextEvent
 #19 -[NSApplication(NSEvent) _nextEventMatchingEventMask:untilDate:inMode:dequeue:]
 #20 -[NSApplication run]
 #21 NSApplicationMain
 #22 EditorMain(int, char const**)
 #23 main
 #24 start

Begin MonoManager ReloadAssembly
- Loaded All Assemblies, in  0.819 seconds
Native extension for WindowsStandalone target not found
Native extension for iOS target not found
Native extension for Android target not found
Native extension for OSXStandalone target not found
Mono: successfully reloaded assembly
[Package Manager] Server::EnsureServerProcessIsRunning -- launch failed, reason: Unity was launched with the -noUpm command-line argument
[Package Manager] UpmClient::Send -- Unable to send message (not connected to UPM process).
[Package Manager] Cannot connect to Unity Package Manager local server
- Finished resetting the current domain, in  2.691 seconds
Domain Reload Profiling: 3509ms
	BeginReloadAssembly (262ms)
		ExecutionOrderSort (0ms)
		DisableScriptedObjects (20ms)
		BackupInstance (0ms)
		ReleaseScriptingObjects (0ms)
		CreateAndSetChildDomain (89ms)
	RebuildCommonClasses (66ms)
	RebuildNativeTypeToScriptingClass (24ms)
	initialDomainReloadingComplete (45ms)
	LoadAllAssembliesAndSetupDomain (420ms)
		LoadAssemblies (503ms)
		RebuildTransferFunctionScriptingTraits (0ms)
		AnalyzeDomain (28ms)
			TypeCache.Refresh (9ms)
				TypeCache.ScanAssembly (0ms)
			ScanForSourceGeneratedMonoScriptInfo (0ms)
			ResolveRequiredComponents (14ms)
	FinalizeReload (2692ms)
		ReleaseScriptCaches (0ms)
		RebuildScriptCaches (0ms)
		SetupLoadedEditorAssemblies (1035ms)
			LogAssemblyErrors (0ms)
			InitializePlatformSupportModulesInManaged (70ms)
			SetLoadedEditorAssemblies (10ms)
			RefreshPlugins (0ms)
			BeforeProcessingInitializeOnLoad (159ms)
			ProcessInitializeOnLoadAttributes (700ms)
			ProcessInitializeOnLoadMethodAttributes (91ms)
			AfterProcessingInitializeOnLoad (4ms)
			EditorAssembliesLoaded (1ms)
		ExecutionOrderSort2 (0ms)
		AwakeInstancesAfterBackupRestoration (25ms)
Refreshing native plugins compatible for Editor in 12.36 ms, found 3 plugins.
Preloading 0 native plugins for Editor in 0.00 ms.
Unloading 4322 Unused Serialized files (Serialized files now loaded: 0)
Unloading 19 unused Assets / (31.3 KB). Loaded Objects now: 5099.
Memory consumption went from 470.2 MB to 470.2 MB.
Total: 8.227852 ms (FindLiveObjects: 0.627719 ms CreateObjectMapping: 0.546928 ms MarkObjects: 6.970696 ms  DeleteObjects: 0.080616 ms)

Prepare: number of updated asset objects reloaded= 0
AssetImportParameters requested are different than current active one (requested -> active):
  custom:container-demuxer-ogg: 62fdf1f143b41e24485cea50d1cbac27 -> 
  custom:scripting/monoscript/fileName/Rumble Toggle.cs: 9255d141ced706a64b082180f4b6a5c6 -> 
  custom:video-decoder-ogg-theora: a1e56fd34408186e4bbccfd4996cb3dc -> 
  custom:CustomObjectIndexerAttribute: 9a22284fe3817be447336de3de66b15e -> 
  custom:container-demuxer-webm: 4f35f7cbe854078d1ac9338744f61a02 -> 
  custom:container-muxer-webm: aa71ff27fc2769a1b78a27578f13a17b -> 
  custom:video-decoder-webm-vp8: 9c59270c3fd7afecdb556c50c9e8de78 -> 
  custom:SearchIndexIgnoredProperties: e643bd26f0fe6173181afceb89e7c659 -> 
  custom:AudioImporter_EditorPlatform: 3918e3fc78b5a79bad01e8451be0beb8 -> 
  custom:framework-osx-AVFoundation: e770b220cccbd017edd2c1fefb359320 -> 
  custom:video-encoder-webm-vp8: eb34c28f22e8b96e1ab97ce403110664 -> 
  custom:audio-decoder-ogg-vorbis: bf7c407c2cedff20999df2af8eb42d56 -> 
  custom:scripting/monoscript/fileName/Exit Game.cs: 9f3cc85f4d80e3eecbb57ffd1eba67c5 -> 
  custom:audio-encoder-webm-vorbis: bf7c407c2cedff20999df2af8eb42d56 -> 
  custom:scripting/precompiled-assembly-types:Assembly-CSharp: 85fc7fa805d4d8355bd4c890b513f941 -> 975431d59eab3a43bafba41244e6b097
========================================================================
Received Prepare
Caller must complete domain reload
 #0 GetStacktrace(int)
 #1 DebugStringToFile(DebugStringToFileData const&)
 #2 AssertImplementation(int, char const*, int, int, char const*)
 #3 Internal_ADB_WorkerOnly_DomainReload(AssemblyLoadReason)
 #4 WorkerDomainReloadV2()
 #5 AssetImportWorkerClient::ReloadMonoDomain(AssetResolver&)
 #6 invocation function for block in AssetImportWorkerClient::HandleMessage(PrepareMessage const&)::$_4::operator()() const
 #7 _dispatch_client_callout
 #8 _dispatch_async_and_wait_invoke
 #9 _dispatch_client_callout
 #10 _dispatch_main_queue_drain
 #11 _dispatch_main_queue_callback_4CF
 #12 __CFRUNLOOP_IS_SERVICING_THE_MAIN_DISPATCH_QUEUE__
 #13 __CFRunLoopRun
 #14 CFRunLoopRunSpecific
 #15 RunCurrentEventLoopInMode
 #16 ReceiveNextEventCommon
 #17 _BlockUntilNextEventMatchingListInModeWithFilter
 #18 _DPSNextEvent
 #19 -[NSApplication(NSEvent) _nextEventMatchingEventMask:untilDate:inMode:dequeue:]
 #20 -[NSApplication run]
 #21 NSApplicationMain
 #22 EditorMain(int, char const**)
 #23 main
 #24 start

Begin MonoManager ReloadAssembly
- Loaded All Assemblies, in  0.842 seconds
Native extension for WindowsStandalone target not found
Native extension for iOS target not found
Native extension for Android target not found
Native extension for OSXStandalone target not found
Mono: successfully reloaded assembly
[Package Manager] Server::EnsureServerProcessIsRunning -- launch failed, reason: Unity was launched with the -noUpm command-line argument
[Package Manager] UpmClient::Send -- Unable to send message (not connected to UPM process).
[Package Manager] Cannot connect to Unity Package Manager local server
- Finished resetting the current domain, in  2.228 seconds
Domain Reload Profiling: 3069ms
	BeginReloadAssembly (257ms)
		ExecutionOrderSort (0ms)
		DisableScriptedObjects (20ms)
		BackupInstance (0ms)
		ReleaseScriptingObjects (0ms)
		CreateAndSetChildDomain (85ms)
	RebuildCommonClasses (65ms)
	RebuildNativeTypeToScriptingClass (22ms)
	initialDomainReloadingComplete (42ms)
	LoadAllAssembliesAndSetupDomain (454ms)
		LoadAssemblies (508ms)
		RebuildTransferFunctionScriptingTraits (0ms)
		AnalyzeDomain (58ms)
			TypeCache.Refresh (18ms)
				TypeCache.ScanAssembly (3ms)
			ScanForSourceGeneratedMonoScriptInfo (23ms)
			ResolveRequiredComponents (14ms)
	FinalizeReload (2229ms)
		ReleaseScriptCaches (0ms)
		RebuildScriptCaches (0ms)
		SetupLoadedEditorAssemblies (721ms)
			LogAssemblyErrors (0ms)
			InitializePlatformSupportModulesInManaged (52ms)
			SetLoadedEditorAssemblies (7ms)
			RefreshPlugins (0ms)
			BeforeProcessingInitializeOnLoad (107ms)
			ProcessInitializeOnLoadAttributes (492ms)
			ProcessInitializeOnLoadMethodAttributes (60ms)
			AfterProcessingInitializeOnLoad (2ms)
			EditorAssembliesLoaded (0ms)
		ExecutionOrderSort2 (0ms)
		AwakeInstancesAfterBackupRestoration (18ms)
Refreshing native plugins compatible for Editor in 5.19 ms, found 3 plugins.
Preloading 0 native plugins for Editor in 0.00 ms.
Unloading 4322 Unused Serialized files (Serialized files now loaded: 0)
Unloading 19 unused Assets / (31.3 KB). Loaded Objects now: 5103.
Memory consumption went from 474.6 MB to 474.6 MB.
Total: 5.835713 ms (FindLiveObjects: 0.475651 ms CreateObjectMapping: 0.452031 ms MarkObjects: 4.850250 ms  DeleteObjects: 0.056228 ms)

Prepare: number of updated asset objects reloaded= 0
AssetImportParameters requested are different than current active one (requested -> active):
  custom:container-demuxer-ogg: 62fdf1f143b41e24485cea50d1cbac27 -> 
  custom:scripting/monoscript/fileName/Rumble Toggle.cs: 9255d141ced706a64b082180f4b6a5c6 -> 
  custom:video-decoder-ogg-theora: a1e56fd34408186e4bbccfd4996cb3dc -> 
  custom:CustomObjectIndexerAttribute: 9a22284fe3817be447336de3de66b15e -> 
  custom:container-demuxer-webm: 4f35f7cbe854078d1ac9338744f61a02 -> 
  custom:container-muxer-webm: aa71ff27fc2769a1b78a27578f13a17b -> 
  custom:video-decoder-webm-vp8: 9c59270c3fd7afecdb556c50c9e8de78 -> 
  custom:SearchIndexIgnoredProperties: e643bd26f0fe6173181afceb89e7c659 -> 
  custom:AudioImporter_EditorPlatform: 3918e3fc78b5a79bad01e8451be0beb8 -> 
  custom:framework-osx-AVFoundation: e770b220cccbd017edd2c1fefb359320 -> 
  custom:video-encoder-webm-vp8: eb34c28f22e8b96e1ab97ce403110664 -> 
  custom:audio-decoder-ogg-vorbis: bf7c407c2cedff20999df2af8eb42d56 -> 
  custom:scripting/monoscript/fileName/Exit Game.cs: 9f3cc85f4d80e3eecbb57ffd1eba67c5 -> 
  custom:audio-encoder-webm-vorbis: bf7c407c2cedff20999df2af8eb42d56 -> 
  custom:scripting/precompiled-assembly-types:Assembly-CSharp: 85fc7fa805d4d8355bd4c890b513f941 -> 975431d59eab3a43bafba41244e6b097
========================================================================
Received Prepare
Caller must complete domain reload
 #0 GetStacktrace(int)
 #1 DebugStringToFile(DebugStringToFileData const&)
 #2 AssertImplementation(int, char const*, int, int, char const*)
 #3 Internal_ADB_WorkerOnly_DomainReload(AssemblyLoadReason)
 #4 WorkerDomainReloadV2()
 #5 AssetImportWorkerClient::ReloadMonoDomain(AssetResolver&)
 #6 invocation function for block in AssetImportWorkerClient::HandleMessage(PrepareMessage const&)::$_4::operator()() const
 #7 _dispatch_client_callout
 #8 _dispatch_async_and_wait_invoke
 #9 _dispatch_client_callout
 #10 _dispatch_main_queue_drain
 #11 _dispatch_main_queue_callback_4CF
 #12 __CFRUNLOOP_IS_SERVICING_THE_MAIN_DISPATCH_QUEUE__
 #13 __CFRunLoopRun
 #14 CFRunLoopRunSpecific
 #15 RunCurrentEventLoopInMode
 #16 ReceiveNextEventCommon
 #17 _BlockUntilNextEventMatchingListInModeWithFilter
 #18 _DPSNextEvent
 #19 -[NSApplication(NSEvent) _nextEventMatchingEventMask:untilDate:inMode:dequeue:]
 #20 -[NSApplication run]
 #21 NSApplicationMain
 #22 EditorMain(int, char const**)
 #23 main
 #24 start

Begin MonoManager ReloadAssembly
- Loaded All Assemblies, in  0.821 seconds
Native extension for WindowsStandalone target not found
Native extension for iOS target not found
Native extension for Android target not found
Native extension for OSXStandalone target not found
Mono: successfully reloaded assembly
[Package Manager] Server::EnsureServerProcessIsRunning -- launch failed, reason: Unity was launched with the -noUpm command-line argument
[Package Manager] UpmClient::Send -- Unable to send message (not connected to UPM process).
[Package Manager] Cannot connect to Unity Package Manager local server
- Finished resetting the current domain, in  2.627 seconds
Domain Reload Profiling: 3448ms
	BeginReloadAssembly (280ms)
		ExecutionOrderSort (0ms)
		DisableScriptedObjects (22ms)
		BackupInstance (0ms)
		ReleaseScriptingObjects (0ms)
		CreateAndSetChildDomain (93ms)
	RebuildCommonClasses (66ms)
	RebuildNativeTypeToScriptingClass (21ms)
	initialDomainReloadingComplete (43ms)
	LoadAllAssembliesAndSetupDomain (410ms)
		LoadAssemblies (505ms)
		RebuildTransferFunctionScriptingTraits (0ms)
		AnalyzeDomain (27ms)
			TypeCache.Refresh (9ms)
				TypeCache.ScanAssembly (0ms)
			ScanForSourceGeneratedMonoScriptInfo (0ms)
			ResolveRequiredComponents (14ms)
	FinalizeReload (2628ms)
		ReleaseScriptCaches (0ms)
		RebuildScriptCaches (0ms)
		SetupLoadedEditorAssemblies (1052ms)
			LogAssemblyErrors (0ms)
			InitializePlatformSupportModulesInManaged (62ms)
			SetLoadedEditorAssemblies (8ms)
			RefreshPlugins (0ms)
			BeforeProcessingInitializeOnLoad (176ms)
			ProcessInitializeOnLoadAttributes (717ms)
			ProcessInitializeOnLoadMethodAttributes (85ms)
			AfterProcessingInitializeOnLoad (3ms)
			EditorAssembliesLoaded (0ms)
		ExecutionOrderSort2 (0ms)
		AwakeInstancesAfterBackupRestoration (23ms)
Refreshing native plugins compatible for Editor in 6.73 ms, found 3 plugins.
Preloading 0 native plugins for Editor in 0.00 ms.
Unloading 4322 Unused Serialized files (Serialized files now loaded: 0)
Unloading 19 unused Assets / (31.3 KB). Loaded Objects now: 5107.
Memory consumption went from 478.9 MB to 478.9 MB.
Total: 8.405101 ms (FindLiveObjects: 0.596309 ms CreateObjectMapping: 0.505711 ms MarkObjects: 7.216154 ms  DeleteObjects: 0.085121 ms)

Prepare: number of updated asset objects reloaded= 0
AssetImportParameters requested are different than current active one (requested -> active):
  custom:container-demuxer-ogg: 62fdf1f143b41e24485cea50d1cbac27 -> 
  custom:scripting/monoscript/fileName/Rumble Toggle.cs: 9255d141ced706a64b082180f4b6a5c6 -> 
  custom:video-decoder-ogg-theora: a1e56fd34408186e4bbccfd4996cb3dc -> 
  custom:CustomObjectIndexerAttribute: 9a22284fe3817be447336de3de66b15e -> 
  custom:container-demuxer-webm: 4f35f7cbe854078d1ac9338744f61a02 -> 
  custom:container-muxer-webm: aa71ff27fc2769a1b78a27578f13a17b -> 
  custom:video-decoder-webm-vp8: 9c59270c3fd7afecdb556c50c9e8de78 -> 
  custom:SearchIndexIgnoredProperties: e643bd26f0fe6173181afceb89e7c659 -> 
  custom:AudioImporter_EditorPlatform: 3918e3fc78b5a79bad01e8451be0beb8 -> 
  custom:framework-osx-AVFoundation: e770b220cccbd017edd2c1fefb359320 -> 
  custom:video-encoder-webm-vp8: eb34c28f22e8b96e1ab97ce403110664 -> 
  custom:audio-decoder-ogg-vorbis: bf7c407c2cedff20999df2af8eb42d56 -> 
  custom:scripting/monoscript/fileName/Exit Game.cs: 9f3cc85f4d80e3eecbb57ffd1eba67c5 -> 
  custom:audio-encoder-webm-vorbis: bf7c407c2cedff20999df2af8eb42d56 -> 
  custom:scripting/precompiled-assembly-types:Assembly-CSharp: 85fc7fa805d4d8355bd4c890b513f941 -> 975431d59eab3a43bafba41244e6b097
========================================================================
Received Import Request.
  Time since last request: 255.778162 seconds.
  path: Assets/Scenes/Menu/Signup.unity
  artifactKey: Guid(48d6e3008fde348a7b6df4684180add7) Importer(815301076,1909f56bfc062723c751e8b465ee728b)
Start importing Assets/Scenes/Menu/Signup.unity using Guid(48d6e3008fde348a7b6df4684180add7) Importer(815301076,1909f56bfc062723c751e8b465ee728b) [PhysX] Initialized MultithreadedTaskDispatcher with 8 workers.
 -> (artifact id: '2ff74fcdc8ebd10e56a3c5856f2241b2') in 0.003353 seconds
Number of updated asset objects reloaded before import = 0
Number of asset objects unloaded after import = 0
========================================================================
Received Prepare
Caller must complete domain reload
 #0 GetStacktrace(int)
 #1 DebugStringToFile(DebugStringToFileData const&)
 #2 AssertImplementation(int, char const*, int, int, char const*)
 #3 Internal_ADB_WorkerOnly_DomainReload(AssemblyLoadReason)
 #4 WorkerDomainReloadV2()
 #5 AssetImportWorkerClient::ReloadMonoDomain(AssetResolver&)
 #6 invocation function for block in AssetImportWorkerClient::HandleMessage(PrepareMessage const&)::$_4::operator()() const
 #7 _dispatch_client_callout
 #8 _dispatch_async_and_wait_invoke
 #9 _dispatch_client_callout
 #10 _dispatch_main_queue_drain
 #11 _dispatch_main_queue_callback_4CF
 #12 __CFRUNLOOP_IS_SERVICING_THE_MAIN_DISPATCH_QUEUE__
 #13 __CFRunLoopRun
 #14 CFRunLoopRunSpecific
 #15 RunCurrentEventLoopInMode
 #16 ReceiveNextEventCommon
 #17 _BlockUntilNextEventMatchingListInModeWithFilter
 #18 _DPSNextEvent
 #19 -[NSApplication(NSEvent) _nextEventMatchingEventMask:untilDate:inMode:dequeue:]
 #20 -[NSApplication run]
 #21 NSApplicationMain
 #22 EditorMain(int, char const**)
 #23 main
 #24 start

Begin MonoManager ReloadAssembly
- Loaded All Assemblies, in  0.824 seconds
Native extension for WindowsStandalone target not found
Native extension for iOS target not found
Native extension for Android target not found
Native extension for OSXStandalone target not found
Mono: successfully reloaded assembly
[Package Manager] Server::EnsureServerProcessIsRunning -- launch failed, reason: Unity was launched with the -noUpm command-line argument
[Package Manager] UpmClient::Send -- Unable to send message (not connected to UPM process).
[Package Manager] Cannot connect to Unity Package Manager local server
- Finished resetting the current domain, in  1.558 seconds
Domain Reload Profiling: 2382ms
	BeginReloadAssembly (268ms)
		ExecutionOrderSort (0ms)
		DisableScriptedObjects (20ms)
		BackupInstance (0ms)
		ReleaseScriptingObjects (0ms)
		CreateAndSetChildDomain (93ms)
	RebuildCommonClasses (76ms)
	RebuildNativeTypeToScriptingClass (22ms)
	initialDomainReloadingComplete (45ms)
	LoadAllAssembliesAndSetupDomain (412ms)
		LoadAssemblies (496ms)
		RebuildTransferFunctionScriptingTraits (0ms)
		AnalyzeDomain (28ms)
			TypeCache.Refresh (9ms)
				TypeCache.ScanAssembly (0ms)
			ScanForSourceGeneratedMonoScriptInfo (0ms)
			ResolveRequiredComponents (14ms)
	FinalizeReload (1559ms)
		ReleaseScriptCaches (0ms)
		RebuildScriptCaches (0ms)
		SetupLoadedEditorAssemblies (851ms)
			LogAssemblyErrors (0ms)
			InitializePlatformSupportModulesInManaged (57ms)
			SetLoadedEditorAssemblies (8ms)
			RefreshPlugins (0ms)
			BeforeProcessingInitializeOnLoad (108ms)
			ProcessInitializeOnLoadAttributes (593ms)
			ProcessInitializeOnLoadMethodAttributes (81ms)
			AfterProcessingInitializeOnLoad (3ms)
			EditorAssembliesLoaded (1ms)
		ExecutionOrderSort2 (0ms)
		AwakeInstancesAfterBackupRestoration (25ms)
Refreshing native plugins compatible for Editor in 6.31 ms, found 3 plugins.
Preloading 0 native plugins for Editor in 0.00 ms.
Unloading 4321 Unused Serialized files (Serialized files now loaded: 0)
Unloading 19 unused Assets / (31.3 KB). Loaded Objects now: 5111.
Memory consumption went from 483.2 MB to 483.2 MB.
Total: 6.122632 ms (FindLiveObjects: 0.484241 ms CreateObjectMapping: 0.550667 ms MarkObjects: 5.019375 ms  DeleteObjects: 0.066520 ms)

Prepare: number of updated asset objects reloaded= 0
AssetImportParameters requested are different than current active one (requested -> active):
  custom:container-demuxer-ogg: 62fdf1f143b41e24485cea50d1cbac27 -> 
  custom:scripting/monoscript/fileName/Rumble Toggle.cs: 9255d141ced706a64b082180f4b6a5c6 -> 
  custom:video-decoder-ogg-theora: a1e56fd34408186e4bbccfd4996cb3dc -> 
  custom:CustomObjectIndexerAttribute: 9a22284fe3817be447336de3de66b15e -> 
  custom:container-demuxer-webm: 4f35f7cbe854078d1ac9338744f61a02 -> 
  custom:container-muxer-webm: aa71ff27fc2769a1b78a27578f13a17b -> 
  custom:video-decoder-webm-vp8: 9c59270c3fd7afecdb556c50c9e8de78 -> 
  custom:SearchIndexIgnoredProperties: e643bd26f0fe6173181afceb89e7c659 -> 
  custom:AudioImporter_EditorPlatform: 3918e3fc78b5a79bad01e8451be0beb8 -> 
  custom:framework-osx-AVFoundation: e770b220cccbd017edd2c1fefb359320 -> 
  custom:video-encoder-webm-vp8: eb34c28f22e8b96e1ab97ce403110664 -> 
  custom:audio-decoder-ogg-vorbis: bf7c407c2cedff20999df2af8eb42d56 -> 
  custom:scripting/monoscript/fileName/Exit Game.cs: 9f3cc85f4d80e3eecbb57ffd1eba67c5 -> 
  custom:audio-encoder-webm-vorbis: bf7c407c2cedff20999df2af8eb42d56 -> 
  custom:scripting/precompiled-assembly-types:Assembly-CSharp: 85fc7fa805d4d8355bd4c890b513f941 -> 975431d59eab3a43bafba41244e6b097
========================================================================
Received Prepare
Caller must complete domain reload
 #0 GetStacktrace(int)
 #1 DebugStringToFile(DebugStringToFileData const&)
 #2 AssertImplementation(int, char const*, int, int, char const*)
 #3 Internal_ADB_WorkerOnly_DomainReload(AssemblyLoadReason)
 #4 WorkerDomainReloadV2()
 #5 AssetImportWorkerClient::ReloadMonoDomain(AssetResolver&)
 #6 invocation function for block in AssetImportWorkerClient::HandleMessage(PrepareMessage const&)::$_4::operator()() const
 #7 _dispatch_client_callout
 #8 _dispatch_async_and_wait_invoke
 #9 _dispatch_client_callout
 #10 _dispatch_main_queue_drain
 #11 _dispatch_main_queue_callback_4CF
 #12 __CFRUNLOOP_IS_SERVICING_THE_MAIN_DISPATCH_QUEUE__
 #13 __CFRunLoopRun
 #14 CFRunLoopRunSpecific
 #15 RunCurrentEventLoopInMode
 #16 ReceiveNextEventCommon
 #17 _BlockUntilNextEventMatchingListInModeWithFilter
 #18 _DPSNextEvent
 #19 -[NSApplication(NSEvent) _nextEventMatchingEventMask:untilDate:inMode:dequeue:]
 #20 -[NSApplication run]
 #21 NSApplicationMain
 #22 EditorMain(int, char const**)
 #23 main
 #24 start

Begin MonoManager ReloadAssembly
- Loaded All Assemblies, in  0.932 seconds
Native extension for WindowsStandalone target not found
Native extension for iOS target not found
Native extension for Android target not found
Native extension for OSXStandalone target not found
Mono: successfully reloaded assembly
[Package Manager] Server::EnsureServerProcessIsRunning -- launch failed, reason: Unity was launched with the -noUpm command-line argument
[Package Manager] UpmClient::Send -- Unable to send message (not connected to UPM process).
[Package Manager] Cannot connect to Unity Package Manager local server
- Finished resetting the current domain, in  2.614 seconds
Domain Reload Profiling: 3546ms
	BeginReloadAssembly (345ms)
		ExecutionOrderSort (0ms)
		DisableScriptedObjects (28ms)
		BackupInstance (0ms)
		ReleaseScriptingObjects (0ms)
		CreateAndSetChildDomain (127ms)
	RebuildCommonClasses (68ms)
	RebuildNativeTypeToScriptingClass (27ms)
	initialDomainReloadingComplete (47ms)
	LoadAllAssembliesAndSetupDomain (444ms)
		LoadAssemblies (559ms)
		RebuildTransferFunctionScriptingTraits (0ms)
		AnalyzeDomain (28ms)
			TypeCache.Refresh (9ms)
				TypeCache.ScanAssembly (0ms)
			ScanForSourceGeneratedMonoScriptInfo (0ms)
			ResolveRequiredComponents (14ms)
	FinalizeReload (2615ms)
		ReleaseScriptCaches (0ms)
		RebuildScriptCaches (0ms)
		SetupLoadedEditorAssemblies (998ms)
			LogAssemblyErrors (0ms)
			InitializePlatformSupportModulesInManaged (67ms)
			SetLoadedEditorAssemblies (10ms)
			RefreshPlugins (0ms)
			BeforeProcessingInitializeOnLoad (137ms)
			ProcessInitializeOnLoadAttributes (695ms)
			ProcessInitializeOnLoadMethodAttributes (85ms)
			AfterProcessingInitializeOnLoad (3ms)
			EditorAssembliesLoaded (0ms)
		ExecutionOrderSort2 (0ms)
		AwakeInstancesAfterBackupRestoration (23ms)
Refreshing native plugins compatible for Editor in 12.75 ms, found 3 plugins.
Preloading 0 native plugins for Editor in 0.00 ms.
Unloading 4322 Unused Serialized files (Serialized files now loaded: 0)
Unloading 19 unused Assets / (31.3 KB). Loaded Objects now: 5115.
Memory consumption went from 487.9 MB to 487.8 MB.
Total: 9.266536 ms (FindLiveObjects: 0.533018 ms CreateObjectMapping: 0.517718 ms MarkObjects: 8.127980 ms  DeleteObjects: 0.085775 ms)

Prepare: number of updated asset objects reloaded= 0
AssetImportParameters requested are different than current active one (requested -> active):
  custom:container-demuxer-ogg: 62fdf1f143b41e24485cea50d1cbac27 -> 
  custom:scripting/monoscript/fileName/Rumble Toggle.cs: 9255d141ced706a64b082180f4b6a5c6 -> 
  custom:video-decoder-ogg-theora: a1e56fd34408186e4bbccfd4996cb3dc -> 
  custom:CustomObjectIndexerAttribute: 9a22284fe3817be447336de3de66b15e -> 
  custom:container-demuxer-webm: 4f35f7cbe854078d1ac9338744f61a02 -> 
  custom:container-muxer-webm: aa71ff27fc2769a1b78a27578f13a17b -> 
  custom:video-decoder-webm-vp8: 9c59270c3fd7afecdb556c50c9e8de78 -> 
  custom:SearchIndexIgnoredProperties: e643bd26f0fe6173181afceb89e7c659 -> 
  custom:AudioImporter_EditorPlatform: 3918e3fc78b5a79bad01e8451be0beb8 -> 
  custom:framework-osx-AVFoundation: e770b220cccbd017edd2c1fefb359320 -> 
  custom:video-encoder-webm-vp8: eb34c28f22e8b96e1ab97ce403110664 -> 
  custom:audio-decoder-ogg-vorbis: bf7c407c2cedff20999df2af8eb42d56 -> 
  custom:scripting/monoscript/fileName/Exit Game.cs: 9f3cc85f4d80e3eecbb57ffd1eba67c5 -> 
  custom:audio-encoder-webm-vorbis: bf7c407c2cedff20999df2af8eb42d56 -> 
  custom:scripting/precompiled-assembly-types:Assembly-CSharp: 85fc7fa805d4d8355bd4c890b513f941 -> 975431d59eab3a43bafba41244e6b097
========================================================================
Received Prepare
Caller must complete domain reload
 #0 GetStacktrace(int)
 #1 DebugStringToFile(DebugStringToFileData const&)
 #2 AssertImplementation(int, char const*, int, int, char const*)
 #3 Internal_ADB_WorkerOnly_DomainReload(AssemblyLoadReason)
 #4 WorkerDomainReloadV2()
 #5 AssetImportWorkerClient::ReloadMonoDomain(AssetResolver&)
 #6 invocation function for block in AssetImportWorkerClient::HandleMessage(PrepareMessage const&)::$_4::operator()() const
 #7 _dispatch_client_callout
 #8 _dispatch_async_and_wait_invoke
 #9 _dispatch_client_callout
 #10 _dispatch_main_queue_drain
 #11 _dispatch_main_queue_callback_4CF
 #12 __CFRUNLOOP_IS_SERVICING_THE_MAIN_DISPATCH_QUEUE__
 #13 __CFRunLoopRun
 #14 CFRunLoopRunSpecific
 #15 RunCurrentEventLoopInMode
 #16 ReceiveNextEventCommon
 #17 _BlockUntilNextEventMatchingListInModeWithFilter
 #18 _DPSNextEvent
 #19 -[NSApplication(NSEvent) _nextEventMatchingEventMask:untilDate:inMode:dequeue:]
 #20 -[NSApplication run]
 #21 NSApplicationMain
 #22 EditorMain(int, char const**)
 #23 main
 #24 start

Begin MonoManager ReloadAssembly
- Loaded All Assemblies, in  0.840 seconds
Native extension for WindowsStandalone target not found
Native extension for iOS target not found
Native extension for Android target not found
Native extension for OSXStandalone target not found
Mono: successfully reloaded assembly
[Package Manager] Server::EnsureServerProcessIsRunning -- launch failed, reason: Unity was launched with the -noUpm command-line argument
[Package Manager] UpmClient::Send -- Unable to send message (not connected to UPM process).
[Package Manager] Cannot connect to Unity Package Manager local server
- Finished resetting the current domain, in  2.529 seconds
Domain Reload Profiling: 3368ms
	BeginReloadAssembly (265ms)
		ExecutionOrderSort (0ms)
		DisableScriptedObjects (21ms)
		BackupInstance (0ms)
		ReleaseScriptingObjects (0ms)
		CreateAndSetChildDomain (86ms)
	RebuildCommonClasses (67ms)
	RebuildNativeTypeToScriptingClass (22ms)
	initialDomainReloadingComplete (45ms)
	LoadAllAssembliesAndSetupDomain (439ms)
		LoadAssemblies (527ms)
		RebuildTransferFunctionScriptingTraits (0ms)
		AnalyzeDomain (29ms)
			TypeCache.Refresh (9ms)
				TypeCache.ScanAssembly (0ms)
			ScanForSourceGeneratedMonoScriptInfo (0ms)
			ResolveRequiredComponents (15ms)
	FinalizeReload (2530ms)
		ReleaseScriptCaches (0ms)
		RebuildScriptCaches (0ms)
		SetupLoadedEditorAssemblies (959ms)
			LogAssemblyErrors (0ms)
			InitializePlatformSupportModulesInManaged (70ms)
			SetLoadedEditorAssemblies (9ms)
			RefreshPlugins (0ms)
			BeforeProcessingInitializeOnLoad (142ms)
			ProcessInitializeOnLoadAttributes (654ms)
			ProcessInitializeOnLoadMethodAttributes (81ms)
			AfterProcessingInitializeOnLoad (3ms)
			EditorAssembliesLoaded (0ms)
		ExecutionOrderSort2 (0ms)
		AwakeInstancesAfterBackupRestoration (23ms)
Refreshing native plugins compatible for Editor in 13.14 ms, found 3 plugins.
Preloading 0 native plugins for Editor in 0.00 ms.
Unloading 4322 Unused Serialized files (Serialized files now loaded: 0)
Unloading 19 unused Assets / (31.3 KB). Loaded Objects now: 5119.
Memory consumption went from 492.2 MB to 492.2 MB.
Total: 7.245625 ms (FindLiveObjects: 0.750381 ms CreateObjectMapping: 0.601868 ms MarkObjects: 5.808382 ms  DeleteObjects: 0.081831 ms)

Prepare: number of updated asset objects reloaded= 0
AssetImportParameters requested are different than current active one (requested -> active):
  custom:container-demuxer-ogg: 62fdf1f143b41e24485cea50d1cbac27 -> 
  custom:scripting/monoscript/fileName/Rumble Toggle.cs: 9255d141ced706a64b082180f4b6a5c6 -> 
  custom:video-decoder-ogg-theora: a1e56fd34408186e4bbccfd4996cb3dc -> 
  custom:CustomObjectIndexerAttribute: 9a22284fe3817be447336de3de66b15e -> 
  custom:container-demuxer-webm: 4f35f7cbe854078d1ac9338744f61a02 -> 
  custom:container-muxer-webm: aa71ff27fc2769a1b78a27578f13a17b -> 
  custom:video-decoder-webm-vp8: 9c59270c3fd7afecdb556c50c9e8de78 -> 
  custom:SearchIndexIgnoredProperties: e643bd26f0fe6173181afceb89e7c659 -> 
  custom:AudioImporter_EditorPlatform: 3918e3fc78b5a79bad01e8451be0beb8 -> 
  custom:framework-osx-AVFoundation: e770b220cccbd017edd2c1fefb359320 -> 
  custom:video-encoder-webm-vp8: eb34c28f22e8b96e1ab97ce403110664 -> 
  custom:audio-decoder-ogg-vorbis: bf7c407c2cedff20999df2af8eb42d56 -> 
  custom:scripting/monoscript/fileName/Exit Game.cs: 9f3cc85f4d80e3eecbb57ffd1eba67c5 -> 
  custom:audio-encoder-webm-vorbis: bf7c407c2cedff20999df2af8eb42d56 -> 
  custom:scripting/precompiled-assembly-types:Assembly-CSharp: 85fc7fa805d4d8355bd4c890b513f941 -> 975431d59eab3a43bafba41244e6b097
========================================================================
Received Import Request.
  Time since last request: 587.824901 seconds.
  path: Assets/Scripts/Backend/NetworkManager.cs
  artifactKey: Guid(05d486c17aceb4a79a42a8295cee78d1) Importer(815301076,1909f56bfc062723c751e8b465ee728b)
Start importing Assets/Scripts/Backend/NetworkManager.cs using Guid(05d486c17aceb4a79a42a8295cee78d1) Importer(815301076,1909f56bfc062723c751e8b465ee728b) [PhysX] Initialized MultithreadedTaskDispatcher with 8 workers.
 -> (artifact id: '7ef344e50a541e09fde5e2c7b8f2866e') in 0.002517 seconds
Number of updated asset objects reloaded before import = 0
Number of asset objects unloaded after import = 0
========================================================================
Received Prepare
Caller must complete domain reload
 #0 GetStacktrace(int)
 #1 DebugStringToFile(DebugStringToFileData const&)
 #2 AssertImplementation(int, char const*, int, int, char const*)
 #3 Internal_ADB_WorkerOnly_DomainReload(AssemblyLoadReason)
 #4 WorkerDomainReloadV2()
 #5 AssetImportWorkerClient::ReloadMonoDomain(AssetResolver&)
 #6 invocation function for block in AssetImportWorkerClient::HandleMessage(PrepareMessage const&)::$_4::operator()() const
 #7 _dispatch_client_callout
 #8 _dispatch_async_and_wait_invoke
 #9 _dispatch_client_callout
 #10 _dispatch_main_queue_drain
 #11 _dispatch_main_queue_callback_4CF
 #12 __CFRUNLOOP_IS_SERVICING_THE_MAIN_DISPATCH_QUEUE__
 #13 __CFRunLoopRun
 #14 CFRunLoopRunSpecific
 #15 RunCurrentEventLoopInMode
 #16 ReceiveNextEventCommon
 #17 _BlockUntilNextEventMatchingListInModeWithFilter
 #18 _DPSNextEvent
 #19 -[NSApplication(NSEvent) _nextEventMatchingEventMask:untilDate:inMode:dequeue:]
 #20 -[NSApplication run]
 #21 NSApplicationMain
 #22 EditorMain(int, char const**)
 #23 main
 #24 start

Begin MonoManager ReloadAssembly
- Loaded All Assemblies, in  1.461 seconds
Native extension for WindowsStandalone target not found
Native extension for iOS target not found
Native extension for Android target not found
Native extension for OSXStandalone target not found
Mono: successfully reloaded assembly
[Package Manager] Server::EnsureServerProcessIsRunning -- launch failed, reason: Unity was launched with the -noUpm command-line argument
[Package Manager] UpmClient::Send -- Unable to send message (not connected to UPM process).
[Package Manager] Cannot connect to Unity Package Manager local server
- Finished resetting the current domain, in  2.773 seconds
Domain Reload Profiling: 4235ms
	BeginReloadAssembly (565ms)
		ExecutionOrderSort (0ms)
		DisableScriptedObjects (43ms)
		BackupInstance (0ms)
		ReleaseScriptingObjects (0ms)
		CreateAndSetChildDomain (195ms)
	RebuildCommonClasses (77ms)
	RebuildNativeTypeToScriptingClass (40ms)
	initialDomainReloadingComplete (69ms)
	LoadAllAssembliesAndSetupDomain (709ms)
		LoadAssemblies (925ms)
		RebuildTransferFunctionScriptingTraits (0ms)
		AnalyzeDomain (35ms)
			TypeCache.Refresh (13ms)
				TypeCache.ScanAssembly (0ms)
			ScanForSourceGeneratedMonoScriptInfo (0ms)
			ResolveRequiredComponents (16ms)
	FinalizeReload (2774ms)
		ReleaseScriptCaches (0ms)
		RebuildScriptCaches (0ms)
		SetupLoadedEditorAssemblies (801ms)
			LogAssemblyErrors (0ms)
			InitializePlatformSupportModulesInManaged (63ms)
			SetLoadedEditorAssemblies (8ms)
			RefreshPlugins (0ms)
			BeforeProcessingInitializeOnLoad (114ms)
			ProcessInitializeOnLoadAttributes (548ms)
			ProcessInitializeOnLoadMethodAttributes (65ms)
			AfterProcessingInitializeOnLoad (2ms)
			EditorAssembliesLoaded (0ms)
		ExecutionOrderSort2 (0ms)
		AwakeInstancesAfterBackupRestoration (23ms)
Refreshing native plugins compatible for Editor in 4.81 ms, found 3 plugins.
Preloading 0 native plugins for Editor in 0.00 ms.
Unloading 4321 Unused Serialized files (Serialized files now loaded: 0)
Unloading 19 unused Assets / (31.3 KB). Loaded Objects now: 5123.
Memory consumption went from 496.5 MB to 496.5 MB.
Total: 7.563618 ms (FindLiveObjects: 0.438739 ms CreateObjectMapping: 0.562984 ms MarkObjects: 6.429218 ms  DeleteObjects: 0.130835 ms)

Prepare: number of updated asset objects reloaded= 0
AssetImportParameters requested are different than current active one (requested -> active):
  custom:container-demuxer-ogg: 62fdf1f143b41e24485cea50d1cbac27 -> 
  custom:scripting/monoscript/fileName/Rumble Toggle.cs: 9255d141ced706a64b082180f4b6a5c6 -> 
  custom:video-decoder-ogg-theora: a1e56fd34408186e4bbccfd4996cb3dc -> 
  custom:CustomObjectIndexerAttribute: 9a22284fe3817be447336de3de66b15e -> 
  custom:container-demuxer-webm: 4f35f7cbe854078d1ac9338744f61a02 -> 
  custom:container-muxer-webm: aa71ff27fc2769a1b78a27578f13a17b -> 
  custom:video-decoder-webm-vp8: 9c59270c3fd7afecdb556c50c9e8de78 -> 
  custom:SearchIndexIgnoredProperties: e643bd26f0fe6173181afceb89e7c659 -> 
  custom:AudioImporter_EditorPlatform: 3918e3fc78b5a79bad01e8451be0beb8 -> 
  custom:framework-osx-AVFoundation: e770b220cccbd017edd2c1fefb359320 -> 
  custom:video-encoder-webm-vp8: eb34c28f22e8b96e1ab97ce403110664 -> 
  custom:audio-decoder-ogg-vorbis: bf7c407c2cedff20999df2af8eb42d56 -> 
  custom:scripting/monoscript/fileName/Exit Game.cs: 9f3cc85f4d80e3eecbb57ffd1eba67c5 -> 
  custom:audio-encoder-webm-vorbis: bf7c407c2cedff20999df2af8eb42d56 -> 
  custom:scripting/precompiled-assembly-types:Assembly-CSharp: 85fc7fa805d4d8355bd4c890b513f941 -> 975431d59eab3a43bafba41244e6b097
========================================================================
Received Prepare
Caller must complete domain reload
 #0 GetStacktrace(int)
 #1 DebugStringToFile(DebugStringToFileData const&)
 #2 AssertImplementation(int, char const*, int, int, char const*)
 #3 Internal_ADB_WorkerOnly_DomainReload(AssemblyLoadReason)
 #4 WorkerDomainReloadV2()
 #5 AssetImportWorkerClient::ReloadMonoDomain(AssetResolver&)
 #6 invocation function for block in AssetImportWorkerClient::HandleMessage(PrepareMessage const&)::$_4::operator()() const
 #7 _dispatch_client_callout
 #8 _dispatch_async_and_wait_invoke
 #9 _dispatch_client_callout
 #10 _dispatch_main_queue_drain
 #11 _dispatch_main_queue_callback_4CF
 #12 __CFRUNLOOP_IS_SERVICING_THE_MAIN_DISPATCH_QUEUE__
 #13 __CFRunLoopRun
 #14 CFRunLoopRunSpecific
 #15 RunCurrentEventLoopInMode
 #16 ReceiveNextEventCommon
 #17 _BlockUntilNextEventMatchingListInModeWithFilter
 #18 _DPSNextEvent
 #19 -[NSApplication(NSEvent) _nextEventMatchingEventMask:untilDate:inMode:dequeue:]
 #20 -[NSApplication run]
 #21 NSApplicationMain
 #22 EditorMain(int, char const**)
 #23 main
 #24 start

Begin MonoManager ReloadAssembly
- Loaded All Assemblies, in  0.900 seconds
Native extension for WindowsStandalone target not found
Native extension for iOS target not found
Native extension for Android target not found
Native extension for OSXStandalone target not found
Mono: successfully reloaded assembly
[Package Manager] Server::EnsureServerProcessIsRunning -- launch failed, reason: Unity was launched with the -noUpm command-line argument
[Package Manager] UpmClient::Send -- Unable to send message (not connected to UPM process).
[Package Manager] Cannot connect to Unity Package Manager local server
- Finished resetting the current domain, in  2.332 seconds
Domain Reload Profiling: 3230ms
	BeginReloadAssembly (285ms)
		ExecutionOrderSort (0ms)
		DisableScriptedObjects (22ms)
		BackupInstance (0ms)
		ReleaseScriptingObjects (0ms)
		CreateAndSetChildDomain (93ms)
	RebuildCommonClasses (66ms)
	RebuildNativeTypeToScriptingClass (21ms)
	initialDomainReloadingComplete (49ms)
	LoadAllAssembliesAndSetupDomain (477ms)
		LoadAssemblies (532ms)
		RebuildTransferFunctionScriptingTraits (0ms)
		AnalyzeDomain (67ms)
			TypeCache.Refresh (21ms)
				TypeCache.ScanAssembly (5ms)
			ScanForSourceGeneratedMonoScriptInfo (28ms)
			ResolveRequiredComponents (15ms)
	FinalizeReload (2332ms)
		ReleaseScriptCaches (0ms)
		RebuildScriptCaches (0ms)
		SetupLoadedEditorAssemblies (763ms)
			LogAssemblyErrors (0ms)
			InitializePlatformSupportModulesInManaged (54ms)
			SetLoadedEditorAssemblies (7ms)
			RefreshPlugins (0ms)
			BeforeProcessingInitializeOnLoad (109ms)
			ProcessInitializeOnLoadAttributes (529ms)
			ProcessInitializeOnLoadMethodAttributes (60ms)
			AfterProcessingInitializeOnLoad (2ms)
			EditorAssembliesLoaded (0ms)
		ExecutionOrderSort2 (0ms)
		AwakeInstancesAfterBackupRestoration (18ms)
Refreshing native plugins compatible for Editor in 5.34 ms, found 3 plugins.
Preloading 0 native plugins for Editor in 0.00 ms.
Unloading 4322 Unused Serialized files (Serialized files now loaded: 0)
Unloading 19 unused Assets / (31.3 KB). Loaded Objects now: 5127.
Memory consumption went from 501.2 MB to 501.1 MB.
Total: 5.712563 ms (FindLiveObjects: 0.507236 ms CreateObjectMapping: 0.425451 ms MarkObjects: 4.719271 ms  DeleteObjects: 0.059191 ms)

Prepare: number of updated asset objects reloaded= 0
AssetImportParameters requested are different than current active one (requested -> active):
  custom:container-demuxer-ogg: 62fdf1f143b41e24485cea50d1cbac27 -> 
  custom:scripting/monoscript/fileName/Rumble Toggle.cs: 9255d141ced706a64b082180f4b6a5c6 -> 
  custom:video-decoder-ogg-theora: a1e56fd34408186e4bbccfd4996cb3dc -> 
  custom:CustomObjectIndexerAttribute: 9a22284fe3817be447336de3de66b15e -> 
  custom:container-demuxer-webm: 4f35f7cbe854078d1ac9338744f61a02 -> 
  custom:container-muxer-webm: aa71ff27fc2769a1b78a27578f13a17b -> 
  custom:video-decoder-webm-vp8: 9c59270c3fd7afecdb556c50c9e8de78 -> 
  custom:SearchIndexIgnoredProperties: e643bd26f0fe6173181afceb89e7c659 -> 
  custom:AudioImporter_EditorPlatform: 3918e3fc78b5a79bad01e8451be0beb8 -> 
  custom:framework-osx-AVFoundation: e770b220cccbd017edd2c1fefb359320 -> 
  custom:video-encoder-webm-vp8: eb34c28f22e8b96e1ab97ce403110664 -> 
  custom:audio-decoder-ogg-vorbis: bf7c407c2cedff20999df2af8eb42d56 -> 
  custom:scripting/monoscript/fileName/Exit Game.cs: 9f3cc85f4d80e3eecbb57ffd1eba67c5 -> 
  custom:audio-encoder-webm-vorbis: bf7c407c2cedff20999df2af8eb42d56 -> 
  custom:scripting/precompiled-assembly-types:Assembly-CSharp: dadc364654cf9c95493d8faf2a0b7703 -> 975431d59eab3a43bafba41244e6b097
========================================================================
Received Import Request.
  Time since last request: 2237.671278 seconds.
  path: Assets/Scripts/Backend/LoginManager.cs
  artifactKey: Guid(f315b55fe209246c4898f5fbf3adbbe9) Importer(815301076,1909f56bfc062723c751e8b465ee728b)
Start importing Assets/Scripts/Backend/LoginManager.cs using Guid(f315b55fe209246c4898f5fbf3adbbe9) Importer(815301076,1909f56bfc062723c751e8b465ee728b) [PhysX] Initialized MultithreadedTaskDispatcher with 8 workers.
 -> (artifact id: '6a8ab67bfb4cedd127841ba1599257ad') in 0.005006 seconds
Number of updated asset objects reloaded before import = 0
Number of asset objects unloaded after import = 0
========================================================================
Received Prepare
Caller must complete domain reload
 #0 GetStacktrace(int)
 #1 DebugStringToFile(DebugStringToFileData const&)
 #2 AssertImplementation(int, char const*, int, int, char const*)
 #3 Internal_ADB_WorkerOnly_DomainReload(AssemblyLoadReason)
 #4 WorkerDomainReloadV2()
 #5 AssetImportWorkerClient::ReloadMonoDomain(AssetResolver&)
 #6 invocation function for block in AssetImportWorkerClient::HandleMessage(PrepareMessage const&)::$_4::operator()() const
 #7 _dispatch_client_callout
 #8 _dispatch_async_and_wait_invoke
 #9 _dispatch_client_callout
 #10 _dispatch_main_queue_drain
 #11 _dispatch_main_queue_callback_4CF
 #12 __CFRUNLOOP_IS_SERVICING_THE_MAIN_DISPATCH_QUEUE__
 #13 __CFRunLoopRun
 #14 CFRunLoopRunSpecific
 #15 RunCurrentEventLoopInMode
 #16 ReceiveNextEventCommon
 #17 _BlockUntilNextEventMatchingListInModeWithFilter
 #18 _DPSNextEvent
 #19 -[NSApplication(NSEvent) _nextEventMatchingEventMask:untilDate:inMode:dequeue:]
 #20 -[NSApplication run]
 #21 NSApplicationMain
 #22 EditorMain(int, char const**)
 #23 main
 #24 start

Begin MonoManager ReloadAssembly
- Loaded All Assemblies, in  0.975 seconds
Native extension for WindowsStandalone target not found
Native extension for iOS target not found
Native extension for Android target not found
Native extension for OSXStandalone target not found
Mono: successfully reloaded assembly
[Package Manager] Server::EnsureServerProcessIsRunning -- launch failed, reason: Unity was launched with the -noUpm command-line argument
[Package Manager] UpmClient::Send -- Unable to send message (not connected to UPM process).
[Package Manager] Cannot connect to Unity Package Manager local server
- Finished resetting the current domain, in  2.569 seconds
Domain Reload Profiling: 3545ms
	BeginReloadAssembly (291ms)
		ExecutionOrderSort (0ms)
		DisableScriptedObjects (26ms)
		BackupInstance (0ms)
		ReleaseScriptingObjects (0ms)
		CreateAndSetChildDomain (93ms)
	RebuildCommonClasses (87ms)
	RebuildNativeTypeToScriptingClass (24ms)
	initialDomainReloadingComplete (44ms)
	LoadAllAssembliesAndSetupDomain (529ms)
		LoadAssemblies (596ms)
		RebuildTransferFunctionScriptingTraits (0ms)
		AnalyzeDomain (60ms)
			TypeCache.Refresh (18ms)
				TypeCache.ScanAssembly (3ms)
			ScanForSourceGeneratedMonoScriptInfo (23ms)
			ResolveRequiredComponents (14ms)
	FinalizeReload (2570ms)
		ReleaseScriptCaches (0ms)
		RebuildScriptCaches (0ms)
		SetupLoadedEditorAssemblies (970ms)
			LogAssemblyErrors (0ms)
			InitializePlatformSupportModulesInManaged (82ms)
			SetLoadedEditorAssemblies (11ms)
			RefreshPlugins (0ms)
			BeforeProcessingInitializeOnLoad (155ms)
			ProcessInitializeOnLoadAttributes (643ms)
			ProcessInitializeOnLoadMethodAttributes (77ms)
			AfterProcessingInitializeOnLoad (3ms)
			EditorAssembliesLoaded (0ms)
		ExecutionOrderSort2 (0ms)
		AwakeInstancesAfterBackupRestoration (22ms)
Refreshing native plugins compatible for Editor in 5.77 ms, found 3 plugins.
Preloading 0 native plugins for Editor in 0.00 ms.
Unloading 4322 Unused Serialized files (Serialized files now loaded: 0)
Unloading 19 unused Assets / (31.4 KB). Loaded Objects now: 5132.
Memory consumption went from 505.5 MB to 505.5 MB.
Total: 6.615024 ms (FindLiveObjects: 0.487740 ms CreateObjectMapping: 0.465861 ms MarkObjects: 5.594443 ms  DeleteObjects: 0.065603 ms)

Prepare: number of updated asset objects reloaded= 0
AssetImportParameters requested are different than current active one (requested -> active):
  custom:container-demuxer-ogg: 62fdf1f143b41e24485cea50d1cbac27 -> 
  custom:scripting/monoscript/fileName/Rumble Toggle.cs: 9255d141ced706a64b082180f4b6a5c6 -> 
  custom:video-decoder-ogg-theora: a1e56fd34408186e4bbccfd4996cb3dc -> 
  custom:CustomObjectIndexerAttribute: 9a22284fe3817be447336de3de66b15e -> 
  custom:container-demuxer-webm: 4f35f7cbe854078d1ac9338744f61a02 -> 
  custom:container-muxer-webm: aa71ff27fc2769a1b78a27578f13a17b -> 
  custom:video-decoder-webm-vp8: 9c59270c3fd7afecdb556c50c9e8de78 -> 
  custom:SearchIndexIgnoredProperties: e643bd26f0fe6173181afceb89e7c659 -> 
  custom:AudioImporter_EditorPlatform: 3918e3fc78b5a79bad01e8451be0beb8 -> 
  custom:framework-osx-AVFoundation: e770b220cccbd017edd2c1fefb359320 -> 
  custom:video-encoder-webm-vp8: eb34c28f22e8b96e1ab97ce403110664 -> 
  custom:audio-decoder-ogg-vorbis: bf7c407c2cedff20999df2af8eb42d56 -> 
  custom:scripting/monoscript/fileName/Exit Game.cs: 9f3cc85f4d80e3eecbb57ffd1eba67c5 -> 
  custom:scripting/monoscript/fileName/LoginManager.cs: 3cc846c0f24614c9b07317b57418305e -> 
  custom:audio-encoder-webm-vorbis: bf7c407c2cedff20999df2af8eb42d56 -> 
  custom:scripting/precompiled-assembly-types:Assembly-CSharp: 0c4b4d7ee15d586875fbb055e0a6441e -> 975431d59eab3a43bafba41244e6b097
========================================================================
Received Prepare
Caller must complete domain reload
 #0 GetStacktrace(int)
 #1 DebugStringToFile(DebugStringToFileData const&)
 #2 AssertImplementation(int, char const*, int, int, char const*)
 #3 Internal_ADB_WorkerOnly_DomainReload(AssemblyLoadReason)
 #4 WorkerDomainReloadV2()
 #5 AssetImportWorkerClient::ReloadMonoDomain(AssetResolver&)
 #6 invocation function for block in AssetImportWorkerClient::HandleMessage(PrepareMessage const&)::$_4::operator()() const
 #7 _dispatch_client_callout
 #8 _dispatch_async_and_wait_invoke
 #9 _dispatch_client_callout
 #10 _dispatch_main_queue_drain
 #11 _dispatch_main_queue_callback_4CF
 #12 __CFRUNLOOP_IS_SERVICING_THE_MAIN_DISPATCH_QUEUE__
 #13 __CFRunLoopRun
 #14 CFRunLoopRunSpecific
 #15 RunCurrentEventLoopInMode
 #16 ReceiveNextEventCommon
 #17 _BlockUntilNextEventMatchingListInModeWithFilter
 #18 _DPSNextEvent
 #19 -[NSApplication(NSEvent) _nextEventMatchingEventMask:untilDate:inMode:dequeue:]
 #20 -[NSApplication run]
 #21 NSApplicationMain
 #22 EditorMain(int, char const**)
 #23 main
 #24 start

Begin MonoManager ReloadAssembly
- Loaded All Assemblies, in  1.050 seconds
Native extension for WindowsStandalone target not found
Native extension for iOS target not found
Native extension for Android target not found
Native extension for OSXStandalone target not found
Mono: successfully reloaded assembly
[Package Manager] Server::EnsureServerProcessIsRunning -- launch failed, reason: Unity was launched with the -noUpm command-line argument
[Package Manager] UpmClient::Send -- Unable to send message (not connected to UPM process).
[Package Manager] Cannot connect to Unity Package Manager local server
- Finished resetting the current domain, in  2.600 seconds
Domain Reload Profiling: 3649ms
	BeginReloadAssembly (273ms)
		ExecutionOrderSort (0ms)
		DisableScriptedObjects (20ms)
		BackupInstance (0ms)
		ReleaseScriptingObjects (0ms)
		CreateAndSetChildDomain (92ms)
	RebuildCommonClasses (67ms)
	RebuildNativeTypeToScriptingClass (22ms)
	initialDomainReloadingComplete (45ms)
	LoadAllAssembliesAndSetupDomain (641ms)
		LoadAssemblies (652ms)
		RebuildTransferFunctionScriptingTraits (0ms)
		AnalyzeDomain (108ms)
			TypeCache.Refresh (31ms)
				TypeCache.ScanAssembly (5ms)
			ScanForSourceGeneratedMonoScriptInfo (45ms)
			ResolveRequiredComponents (24ms)
	FinalizeReload (2601ms)
		ReleaseScriptCaches (0ms)
		RebuildScriptCaches (0ms)
		SetupLoadedEditorAssemblies (870ms)
			LogAssemblyErrors (0ms)
			InitializePlatformSupportModulesInManaged (65ms)
			SetLoadedEditorAssemblies (7ms)
			RefreshPlugins (0ms)
			BeforeProcessingInitializeOnLoad (123ms)
			ProcessInitializeOnLoadAttributes (593ms)
			ProcessInitializeOnLoadMethodAttributes (76ms)
			AfterProcessingInitializeOnLoad (5ms)
			EditorAssembliesLoaded (0ms)
		ExecutionOrderSort2 (0ms)
		AwakeInstancesAfterBackupRestoration (22ms)
Refreshing native plugins compatible for Editor in 5.33 ms, found 3 plugins.
Preloading 0 native plugins for Editor in 0.00 ms.
Unloading 4323 Unused Serialized files (Serialized files now loaded: 0)
Unloading 19 unused Assets / (31.3 KB). Loaded Objects now: 5136.
Memory consumption went from 510.1 MB to 510.1 MB.
Total: 6.804242 ms (FindLiveObjects: 0.438623 ms CreateObjectMapping: 0.447084 ms MarkObjects: 5.851258 ms  DeleteObjects: 0.065482 ms)

Prepare: number of updated asset objects reloaded= 0
AssetImportParameters requested are different than current active one (requested -> active):
  custom:container-demuxer-ogg: 62fdf1f143b41e24485cea50d1cbac27 -> 
  custom:scripting/monoscript/fileName/Rumble Toggle.cs: 9255d141ced706a64b082180f4b6a5c6 -> 
  custom:video-decoder-ogg-theora: a1e56fd34408186e4bbccfd4996cb3dc -> 
  custom:CustomObjectIndexerAttribute: 9a22284fe3817be447336de3de66b15e -> 
  custom:container-demuxer-webm: 4f35f7cbe854078d1ac9338744f61a02 -> 
  custom:container-muxer-webm: aa71ff27fc2769a1b78a27578f13a17b -> 
  custom:video-decoder-webm-vp8: 9c59270c3fd7afecdb556c50c9e8de78 -> 
  custom:SearchIndexIgnoredProperties: e643bd26f0fe6173181afceb89e7c659 -> 
  custom:AudioImporter_EditorPlatform: 3918e3fc78b5a79bad01e8451be0beb8 -> 
  custom:framework-osx-AVFoundation: e770b220cccbd017edd2c1fefb359320 -> 
  custom:video-encoder-webm-vp8: eb34c28f22e8b96e1ab97ce403110664 -> 
  custom:audio-decoder-ogg-vorbis: bf7c407c2cedff20999df2af8eb42d56 -> 
  custom:scripting/monoscript/fileName/Exit Game.cs: 9f3cc85f4d80e3eecbb57ffd1eba67c5 -> 
  custom:scripting/monoscript/fileName/LoginManager.cs: 3cc846c0f24614c9b07317b57418305e -> 
  custom:audio-encoder-webm-vorbis: bf7c407c2cedff20999df2af8eb42d56 -> 
  custom:scripting/precompiled-assembly-types:Assembly-CSharp: 0c4b4d7ee15d586875fbb055e0a6441e -> 975431d59eab3a43bafba41244e6b097
========================================================================
Received Import Request.
  Time since last request: 135.265368 seconds.
  path: Assets/Scripts/Backend/RegisterManager.cs
  artifactKey: Guid(8d3fea785672f4f00817c53eaa228f76) Importer(815301076,1909f56bfc062723c751e8b465ee728b)
Start importing Assets/Scripts/Backend/RegisterManager.cs using Guid(8d3fea785672f4f00817c53eaa228f76) Importer(815301076,1909f56bfc062723c751e8b465ee728b) [PhysX] Initialized MultithreadedTaskDispatcher with 8 workers.
 -> (artifact id: 'e9c88de73454a9759c4304b471163790') in 0.005260 seconds
Number of updated asset objects reloaded before import = 0
Number of asset objects unloaded after import = 0
========================================================================
Received Prepare
Caller must complete domain reload
 #0 GetStacktrace(int)
 #1 DebugStringToFile(DebugStringToFileData const&)
 #2 AssertImplementation(int, char const*, int, int, char const*)
 #3 Internal_ADB_WorkerOnly_DomainReload(AssemblyLoadReason)
 #4 WorkerDomainReloadV2()
 #5 AssetImportWorkerClient::ReloadMonoDomain(AssetResolver&)
 #6 invocation function for block in AssetImportWorkerClient::HandleMessage(PrepareMessage const&)::$_4::operator()() const
 #7 _dispatch_client_callout
 #8 _dispatch_async_and_wait_invoke
 #9 _dispatch_client_callout
 #10 _dispatch_main_queue_drain
 #11 _dispatch_main_queue_callback_4CF
 #12 __CFRUNLOOP_IS_SERVICING_THE_MAIN_DISPATCH_QUEUE__
 #13 __CFRunLoopRun
 #14 CFRunLoopRunSpecific
 #15 RunCurrentEventLoopInMode
 #16 ReceiveNextEventCommon
 #17 _BlockUntilNextEventMatchingListInModeWithFilter
 #18 _DPSNextEvent
 #19 -[NSApplication(NSEvent) _nextEventMatchingEventMask:untilDate:inMode:dequeue:]
 #20 -[NSApplication run]
 #21 NSApplicationMain
 #22 EditorMain(int, char const**)
 #23 main
 #24 start

Begin MonoManager ReloadAssembly
- Loaded All Assemblies, in  0.864 seconds
Native extension for WindowsStandalone target not found
Native extension for iOS target not found
Native extension for Android target not found
Native extension for OSXStandalone target not found
Mono: successfully reloaded assembly
[Package Manager] Server::EnsureServerProcessIsRunning -- launch failed, reason: Unity was launched with the -noUpm command-line argument
[Package Manager] UpmClient::Send -- Unable to send message (not connected to UPM process).
[Package Manager] Cannot connect to Unity Package Manager local server
- Finished resetting the current domain, in  2.305 seconds
Domain Reload Profiling: 3169ms
	BeginReloadAssembly (257ms)
		ExecutionOrderSort (0ms)
		DisableScriptedObjects (22ms)
		BackupInstance (0ms)
		ReleaseScriptingObjects (0ms)
		CreateAndSetChildDomain (84ms)
	RebuildCommonClasses (66ms)
	RebuildNativeTypeToScriptingClass (22ms)
	initialDomainReloadingComplete (43ms)
	LoadAllAssembliesAndSetupDomain (474ms)
		LoadAssemblies (519ms)
		RebuildTransferFunctionScriptingTraits (0ms)
		AnalyzeDomain (65ms)
			TypeCache.Refresh (20ms)
				TypeCache.ScanAssembly (4ms)
			ScanForSourceGeneratedMonoScriptInfo (24ms)
			ResolveRequiredComponents (17ms)
	FinalizeReload (2306ms)
		ReleaseScriptCaches (0ms)
		RebuildScriptCaches (0ms)
		SetupLoadedEditorAssemblies (756ms)
			LogAssemblyErrors (0ms)
			InitializePlatformSupportModulesInManaged (55ms)
			SetLoadedEditorAssemblies (7ms)
			RefreshPlugins (0ms)
			BeforeProcessingInitializeOnLoad (108ms)
			ProcessInitializeOnLoadAttributes (521ms)
			ProcessInitializeOnLoadMethodAttributes (62ms)
			AfterProcessingInitializeOnLoad (2ms)
			EditorAssembliesLoaded (0ms)
		ExecutionOrderSort2 (0ms)
		AwakeInstancesAfterBackupRestoration (17ms)
Refreshing native plugins compatible for Editor in 4.83 ms, found 3 plugins.
Preloading 0 native plugins for Editor in 0.00 ms.
Unloading 4323 Unused Serialized files (Serialized files now loaded: 0)
Unloading 19 unused Assets / (31.4 KB). Loaded Objects now: 5141.
Memory consumption went from 0.50 GB to 0.50 GB.
Total: 5.505728 ms (FindLiveObjects: 0.461617 ms CreateObjectMapping: 0.427878 ms MarkObjects: 4.561287 ms  DeleteObjects: 0.053875 ms)

Prepare: number of updated asset objects reloaded= 0
AssetImportParameters requested are different than current active one (requested -> active):
  custom:container-demuxer-ogg: 62fdf1f143b41e24485cea50d1cbac27 -> 
  custom:scripting/monoscript/fileName/Rumble Toggle.cs: 9255d141ced706a64b082180f4b6a5c6 -> 
  custom:video-decoder-ogg-theora: a1e56fd34408186e4bbccfd4996cb3dc -> 
  custom:CustomObjectIndexerAttribute: 9a22284fe3817be447336de3de66b15e -> 
  custom:container-demuxer-webm: 4f35f7cbe854078d1ac9338744f61a02 -> 
  custom:container-muxer-webm: aa71ff27fc2769a1b78a27578f13a17b -> 
  custom:scripting/monoscript/fileName/RegisterManager.cs: c6fba922704cd91ef405ae7a4408da96 -> 
  custom:video-decoder-webm-vp8: 9c59270c3fd7afecdb556c50c9e8de78 -> 
  custom:SearchIndexIgnoredProperties: e643bd26f0fe6173181afceb89e7c659 -> 
  custom:AudioImporter_EditorPlatform: 3918e3fc78b5a79bad01e8451be0beb8 -> 
  custom:framework-osx-AVFoundation: e770b220cccbd017edd2c1fefb359320 -> 
  custom:video-encoder-webm-vp8: eb34c28f22e8b96e1ab97ce403110664 -> 
  custom:audio-decoder-ogg-vorbis: bf7c407c2cedff20999df2af8eb42d56 -> 
  custom:scripting/monoscript/fileName/Exit Game.cs: 9f3cc85f4d80e3eecbb57ffd1eba67c5 -> 
  custom:scripting/monoscript/fileName/LoginManager.cs: 3cc846c0f24614c9b07317b57418305e -> 
  custom:audio-encoder-webm-vorbis: bf7c407c2cedff20999df2af8eb42d56 -> 
  custom:scripting/precompiled-assembly-types:Assembly-CSharp: e9c2f52279a86e76ceb5400c7b0f48ce -> 975431d59eab3a43bafba41244e6b097
========================================================================
Received Prepare
Caller must complete domain reload
 #0 GetStacktrace(int)
 #1 DebugStringToFile(DebugStringToFileData const&)
 #2 AssertImplementation(int, char const*, int, int, char const*)
 #3 Internal_ADB_WorkerOnly_DomainReload(AssemblyLoadReason)
 #4 WorkerDomainReloadV2()
 #5 AssetImportWorkerClient::ReloadMonoDomain(AssetResolver&)
 #6 invocation function for block in AssetImportWorkerClient::HandleMessage(PrepareMessage const&)::$_4::operator()() const
 #7 _dispatch_client_callout
 #8 _dispatch_async_and_wait_invoke
 #9 _dispatch_client_callout
 #10 _dispatch_main_queue_drain
 #11 _dispatch_main_queue_callback_4CF
 #12 __CFRUNLOOP_IS_SERVICING_THE_MAIN_DISPATCH_QUEUE__
 #13 __CFRunLoopRun
 #14 CFRunLoopRunSpecific
 #15 RunCurrentEventLoopInMode
 #16 ReceiveNextEventCommon
 #17 _BlockUntilNextEventMatchingListInModeWithFilter
 #18 _DPSNextEvent
 #19 -[NSApplication(NSEvent) _nextEventMatchingEventMask:untilDate:inMode:dequeue:]
 #20 -[NSApplication run]
 #21 NSApplicationMain
 #22 EditorMain(int, char const**)
 #23 main
 #24 start

Begin MonoManager ReloadAssembly
- Loaded All Assemblies, in  0.863 seconds
Native extension for WindowsStandalone target not found
Native extension for iOS target not found
Native extension for Android target not found
Native extension for OSXStandalone target not found
Mono: successfully reloaded assembly
[Package Manager] Server::EnsureServerProcessIsRunning -- launch failed, reason: Unity was launched with the -noUpm command-line argument
[Package Manager] UpmClient::Send -- Unable to send message (not connected to UPM process).
[Package Manager] Cannot connect to Unity Package Manager local server
- Finished resetting the current domain, in  1.633 seconds
Domain Reload Profiling: 2495ms
	BeginReloadAssembly (257ms)
		ExecutionOrderSort (0ms)
		DisableScriptedObjects (19ms)
		BackupInstance (0ms)
		ReleaseScriptingObjects (0ms)
		CreateAndSetChildDomain (87ms)
	RebuildCommonClasses (82ms)
	RebuildNativeTypeToScriptingClass (28ms)
	initialDomainReloadingComplete (60ms)
	LoadAllAssembliesAndSetupDomain (434ms)
		LoadAssemblies (483ms)
		RebuildTransferFunctionScriptingTraits (0ms)
		AnalyzeDomain (62ms)
			TypeCache.Refresh (19ms)
				TypeCache.ScanAssembly (3ms)
			ScanForSourceGeneratedMonoScriptInfo (22ms)
			ResolveRequiredComponents (14ms)
	FinalizeReload (1634ms)
		ReleaseScriptCaches (0ms)
		RebuildScriptCaches (0ms)
		SetupLoadedEditorAssemblies (908ms)
			LogAssemblyErrors (0ms)
			InitializePlatformSupportModulesInManaged (64ms)
			SetLoadedEditorAssemblies (9ms)
			RefreshPlugins (0ms)
			BeforeProcessingInitializeOnLoad (130ms)
			ProcessInitializeOnLoadAttributes (628ms)
			ProcessInitializeOnLoadMethodAttributes (74ms)
			AfterProcessingInitializeOnLoad (3ms)
			EditorAssembliesLoaded (1ms)
		ExecutionOrderSort2 (0ms)
		AwakeInstancesAfterBackupRestoration (22ms)
Refreshing native plugins compatible for Editor in 6.58 ms, found 3 plugins.
Preloading 0 native plugins for Editor in 0.00 ms.
Unloading 4324 Unused Serialized files (Serialized files now loaded: 0)
Unloading 19 unused Assets / (31.4 KB). Loaded Objects now: 5145.
Memory consumption went from 0.51 GB to 0.51 GB.
Total: 6.604780 ms (FindLiveObjects: 0.540058 ms CreateObjectMapping: 0.397285 ms MarkObjects: 5.578356 ms  DeleteObjects: 0.086709 ms)

Prepare: number of updated asset objects reloaded= 0
AssetImportParameters requested are different than current active one (requested -> active):
  custom:container-demuxer-ogg: 62fdf1f143b41e24485cea50d1cbac27 -> 
  custom:scripting/monoscript/fileName/Rumble Toggle.cs: 9255d141ced706a64b082180f4b6a5c6 -> 
  custom:video-decoder-ogg-theora: a1e56fd34408186e4bbccfd4996cb3dc -> 
  custom:CustomObjectIndexerAttribute: 9a22284fe3817be447336de3de66b15e -> 
  custom:container-demuxer-webm: 4f35f7cbe854078d1ac9338744f61a02 -> 
  custom:container-muxer-webm: aa71ff27fc2769a1b78a27578f13a17b -> 
  custom:scripting/monoscript/fileName/RegisterManager.cs: c6fba922704cd91ef405ae7a4408da96 -> 
  custom:video-decoder-webm-vp8: 9c59270c3fd7afecdb556c50c9e8de78 -> 
  custom:SearchIndexIgnoredProperties: e643bd26f0fe6173181afceb89e7c659 -> 
  custom:AudioImporter_EditorPlatform: 3918e3fc78b5a79bad01e8451be0beb8 -> 
  custom:framework-osx-AVFoundation: e770b220cccbd017edd2c1fefb359320 -> 
  custom:video-encoder-webm-vp8: eb34c28f22e8b96e1ab97ce403110664 -> 
  custom:audio-decoder-ogg-vorbis: bf7c407c2cedff20999df2af8eb42d56 -> 
  custom:scripting/monoscript/fileName/Exit Game.cs: 9f3cc85f4d80e3eecbb57ffd1eba67c5 -> 
  custom:scripting/monoscript/fileName/LoginManager.cs: 3cc846c0f24614c9b07317b57418305e -> 
  custom:audio-encoder-webm-vorbis: bf7c407c2cedff20999df2af8eb42d56 -> 
  custom:scripting/precompiled-assembly-types:Assembly-CSharp: e9c2f52279a86e76ceb5400c7b0f48ce -> 975431d59eab3a43bafba41244e6b097
========================================================================
Received Import Request.
  Time since last request: 103.944098 seconds.
  path: Assets/Scripts/Backend/RegisterManager.cs
  artifactKey: Guid(8d3fea785672f4f00817c53eaa228f76) Importer(815301076,1909f56bfc062723c751e8b465ee728b)
Start importing Assets/Scripts/Backend/RegisterManager.cs using Guid(8d3fea785672f4f00817c53eaa228f76) Importer(815301076,1909f56bfc062723c751e8b465ee728b) [PhysX] Initialized MultithreadedTaskDispatcher with 8 workers.
 -> (artifact id: '144ecbcd5c063df4bd769f7457878c6c') in 0.003115 seconds
Number of updated asset objects reloaded before import = 0
Number of asset objects unloaded after import = 0
========================================================================
Received Import Request.
  Time since last request: 40.146069 seconds.
  path: Assets/Scenes/Menu/Login.unity
  artifactKey: Guid(7c7646d192cd24b2ab86c8c703ada5da) Importer(815301076,1909f56bfc062723c751e8b465ee728b)
Start importing Assets/Scenes/Menu/Login.unity using Guid(7c7646d192cd24b2ab86c8c703ada5da) Importer(815301076,1909f56bfc062723c751e8b465ee728b) [PhysX] Initialized MultithreadedTaskDispatcher with 8 workers.
 -> (artifact id: 'f1a50d11c66c2fbdd7a16ee037fdb67b') in 0.000638 seconds
Number of updated asset objects reloaded before import = 0
Number of asset objects unloaded after import = 0
========================================================================
Received Import Request.
  Time since last request: 498.015664 seconds.
  path: Assets/Scenes/Menu/Start Screen.unity
  artifactKey: Guid(3884d4c6690a64c5ab87a23b506e3250) Importer(815301076,1909f56bfc062723c751e8b465ee728b)
Start importing Assets/Scenes/Menu/Start Screen.unity using Guid(3884d4c6690a64c5ab87a23b506e3250) Importer(815301076,1909f56bfc062723c751e8b465ee728b) [PhysX] Initialized MultithreadedTaskDispatcher with 8 workers.
 -> (artifact id: '81616005651c0594d601d4919dc4d719') in 0.000692 seconds
Number of updated asset objects reloaded before import = 0
Number of asset objects unloaded after import = 0
========================================================================
Received Prepare
Caller must complete domain reload
 #0 GetStacktrace(int)
 #1 DebugStringToFile(DebugStringToFileData const&)
 #2 AssertImplementation(int, char const*, int, int, char const*)
 #3 Internal_ADB_WorkerOnly_DomainReload(AssemblyLoadReason)
 #4 WorkerDomainReloadV2()
 #5 AssetImportWorkerClient::ReloadMonoDomain(AssetResolver&)
 #6 invocation function for block in AssetImportWorkerClient::HandleMessage(PrepareMessage const&)::$_4::operator()() const
 #7 _dispatch_client_callout
 #8 _dispatch_async_and_wait_invoke
 #9 _dispatch_client_callout
 #10 _dispatch_main_queue_drain
 #11 _dispatch_main_queue_callback_4CF
 #12 __CFRUNLOOP_IS_SERVICING_THE_MAIN_DISPATCH_QUEUE__
 #13 __CFRunLoopRun
 #14 CFRunLoopRunSpecific
 #15 RunCurrentEventLoopInMode
 #16 ReceiveNextEventCommon
 #17 _BlockUntilNextEventMatchingListInModeWithFilter
 #18 _DPSNextEvent
 #19 -[NSApplication(NSEvent) _nextEventMatchingEventMask:untilDate:inMode:dequeue:]
 #20 -[NSApplication run]
 #21 NSApplicationMain
 #22 EditorMain(int, char const**)
 #23 main
 #24 start

Begin MonoManager ReloadAssembly
- Loaded All Assemblies, in  0.694 seconds
Native extension for WindowsStandalone target not found
Native extension for iOS target not found
Native extension for Android target not found
Native extension for OSXStandalone target not found
Mono: successfully reloaded assembly
[Package Manager] Server::EnsureServerProcessIsRunning -- launch failed, reason: Unity was launched with the -noUpm command-line argument
[Package Manager] UpmClient::Send -- Unable to send message (not connected to UPM process).
[Package Manager] Cannot connect to Unity Package Manager local server
- Finished resetting the current domain, in  2.020 seconds
Domain Reload Profiling: 2714ms
	BeginReloadAssembly (219ms)
		ExecutionOrderSort (0ms)
		DisableScriptedObjects (16ms)
		BackupInstance (0ms)
		ReleaseScriptingObjects (0ms)
		CreateAndSetChildDomain (75ms)
	RebuildCommonClasses (49ms)
	RebuildNativeTypeToScriptingClass (16ms)
	initialDomainReloadingComplete (35ms)
	LoadAllAssembliesAndSetupDomain (375ms)
		LoadAssemblies (439ms)
		RebuildTransferFunctionScriptingTraits (0ms)
		AnalyzeDomain (26ms)
			TypeCache.Refresh (10ms)
				TypeCache.ScanAssembly (0ms)
			ScanForSourceGeneratedMonoScriptInfo (0ms)
			ResolveRequiredComponents (12ms)
	FinalizeReload (2021ms)
		ReleaseScriptCaches (0ms)
		RebuildScriptCaches (0ms)
		SetupLoadedEditorAssemblies (694ms)
			LogAssemblyErrors (0ms)
			InitializePlatformSupportModulesInManaged (52ms)
			SetLoadedEditorAssemblies (8ms)
			RefreshPlugins (0ms)
			BeforeProcessingInitializeOnLoad (107ms)
			ProcessInitializeOnLoadAttributes (476ms)
			ProcessInitializeOnLoadMethodAttributes (48ms)
			AfterProcessingInitializeOnLoad (2ms)
			EditorAssembliesLoaded (0ms)
		ExecutionOrderSort2 (0ms)
		AwakeInstancesAfterBackupRestoration (14ms)
Refreshing native plugins compatible for Editor in 4.76 ms, found 3 plugins.
Preloading 0 native plugins for Editor in 0.00 ms.
Unloading 4323 Unused Serialized files (Serialized files now loaded: 0)
Unloading 19 unused Assets / (31.3 KB). Loaded Objects now: 5149.
Memory consumption went from 0.51 GB to 0.51 GB.
Total: 7.215848 ms (FindLiveObjects: 0.559339 ms CreateObjectMapping: 0.739026 ms MarkObjects: 5.841719 ms  DeleteObjects: 0.074517 ms)

Prepare: number of updated asset objects reloaded= 0
AssetImportParameters requested are different than current active one (requested -> active):
  custom:container-demuxer-ogg: 62fdf1f143b41e24485cea50d1cbac27 -> 
  custom:scripting/monoscript/fileName/Rumble Toggle.cs: 9255d141ced706a64b082180f4b6a5c6 -> 
  custom:video-decoder-ogg-theora: a1e56fd34408186e4bbccfd4996cb3dc -> 
  custom:CustomObjectIndexerAttribute: 9a22284fe3817be447336de3de66b15e -> 
  custom:container-demuxer-webm: 4f35f7cbe854078d1ac9338744f61a02 -> 
  custom:container-muxer-webm: aa71ff27fc2769a1b78a27578f13a17b -> 
  custom:scripting/monoscript/fileName/RegisterManager.cs: c6fba922704cd91ef405ae7a4408da96 -> 
  custom:video-decoder-webm-vp8: 9c59270c3fd7afecdb556c50c9e8de78 -> 
  custom:SearchIndexIgnoredProperties: e643bd26f0fe6173181afceb89e7c659 -> 
  custom:AudioImporter_EditorPlatform: 3918e3fc78b5a79bad01e8451be0beb8 -> 
  custom:framework-osx-AVFoundation: e770b220cccbd017edd2c1fefb359320 -> 
  custom:video-encoder-webm-vp8: eb34c28f22e8b96e1ab97ce403110664 -> 
  custom:audio-decoder-ogg-vorbis: bf7c407c2cedff20999df2af8eb42d56 -> 
  custom:scripting/monoscript/fileName/Exit Game.cs: 9f3cc85f4d80e3eecbb57ffd1eba67c5 -> 
  custom:scripting/monoscript/fileName/LoginManager.cs: 3cc846c0f24614c9b07317b57418305e -> 
  custom:audio-encoder-webm-vorbis: bf7c407c2cedff20999df2af8eb42d56 -> 
  custom:scripting/precompiled-assembly-types:Assembly-CSharp: e9c2f52279a86e76ceb5400c7b0f48ce -> 975431d59eab3a43bafba41244e6b097
========================================================================
Received Prepare
Caller must complete domain reload
 #0 GetStacktrace(int)
 #1 DebugStringToFile(DebugStringToFileData const&)
 #2 AssertImplementation(int, char const*, int, int, char const*)
 #3 Internal_ADB_WorkerOnly_DomainReload(AssemblyLoadReason)
 #4 WorkerDomainReloadV2()
 #5 AssetImportWorkerClient::ReloadMonoDomain(AssetResolver&)
 #6 invocation function for block in AssetImportWorkerClient::HandleMessage(PrepareMessage const&)::$_4::operator()() const
 #7 _dispatch_client_callout
 #8 _dispatch_async_and_wait_invoke
 #9 _dispatch_client_callout
 #10 _dispatch_main_queue_drain
 #11 _dispatch_main_queue_callback_4CF
 #12 __CFRUNLOOP_IS_SERVICING_THE_MAIN_DISPATCH_QUEUE__
 #13 __CFRunLoopRun
 #14 CFRunLoopRunSpecific
 #15 RunCurrentEventLoopInMode
 #16 ReceiveNextEventCommon
 #17 _BlockUntilNextEventMatchingListInModeWithFilter
 #18 _DPSNextEvent
 #19 -[NSApplication(NSEvent) _nextEventMatchingEventMask:untilDate:inMode:dequeue:]
 #20 -[NSApplication run]
 #21 NSApplicationMain
 #22 EditorMain(int, char const**)
 #23 main
 #24 start

Begin MonoManager ReloadAssembly
- Loaded All Assemblies, in  0.949 seconds
Native extension for WindowsStandalone target not found
Native extension for iOS target not found
Native extension for Android target not found
Native extension for OSXStandalone target not found
Mono: successfully reloaded assembly
[Package Manager] Server::EnsureServerProcessIsRunning -- launch failed, reason: Unity was launched with the -noUpm command-line argument
[Package Manager] UpmClient::Send -- Unable to send message (not connected to UPM process).
[Package Manager] Cannot connect to Unity Package Manager local server
- Finished resetting the current domain, in  2.085 seconds
Domain Reload Profiling: 3034ms
	BeginReloadAssembly (273ms)
		ExecutionOrderSort (0ms)
		DisableScriptedObjects (21ms)
		BackupInstance (0ms)
		ReleaseScriptingObjects (0ms)
		CreateAndSetChildDomain (92ms)
	RebuildCommonClasses (65ms)
	RebuildNativeTypeToScriptingClass (19ms)
	initialDomainReloadingComplete (38ms)
	LoadAllAssembliesAndSetupDomain (554ms)
		LoadAssemblies (595ms)
		RebuildTransferFunctionScriptingTraits (0ms)
		AnalyzeDomain (77ms)
			TypeCache.Refresh (32ms)
				TypeCache.ScanAssembly (6ms)
			ScanForSourceGeneratedMonoScriptInfo (30ms)
			ResolveRequiredComponents (11ms)
	FinalizeReload (2086ms)
		ReleaseScriptCaches (0ms)
		RebuildScriptCaches (0ms)
		SetupLoadedEditorAssemblies (762ms)
			LogAssemblyErrors (0ms)
			InitializePlatformSupportModulesInManaged (58ms)
			SetLoadedEditorAssemblies (6ms)
			RefreshPlugins (0ms)
			BeforeProcessingInitializeOnLoad (87ms)
			ProcessInitializeOnLoadAttributes (553ms)
			ProcessInitializeOnLoadMethodAttributes (55ms)
			AfterProcessingInitializeOnLoad (2ms)
			EditorAssembliesLoaded (0ms)
		ExecutionOrderSort2 (0ms)
		AwakeInstancesAfterBackupRestoration (14ms)
Refreshing native plugins compatible for Editor in 3.85 ms, found 3 plugins.
Preloading 0 native plugins for Editor in 0.00 ms.
Unloading 4324 Unused Serialized files (Serialized files now loaded: 0)
Unloading 19 unused Assets / (31.3 KB). Loaded Objects now: 5153.
Memory consumption went from 0.52 GB to 0.52 GB.
Total: 5.127316 ms (FindLiveObjects: 0.457592 ms CreateObjectMapping: 0.485373 ms MarkObjects: 4.134834 ms  DeleteObjects: 0.048509 ms)

Prepare: number of updated asset objects reloaded= 0
AssetImportParameters requested are different than current active one (requested -> active):
  custom:container-demuxer-ogg: 62fdf1f143b41e24485cea50d1cbac27 -> 
  custom:scripting/monoscript/fileName/Rumble Toggle.cs: 9255d141ced706a64b082180f4b6a5c6 -> 
  custom:video-decoder-ogg-theora: a1e56fd34408186e4bbccfd4996cb3dc -> 
  custom:CustomObjectIndexerAttribute: 9a22284fe3817be447336de3de66b15e -> 
  custom:container-demuxer-webm: 4f35f7cbe854078d1ac9338744f61a02 -> 
  custom:container-muxer-webm: aa71ff27fc2769a1b78a27578f13a17b -> 
  custom:scripting/monoscript/fileName/RegisterManager.cs: c6fba922704cd91ef405ae7a4408da96 -> 
  custom:video-decoder-webm-vp8: 9c59270c3fd7afecdb556c50c9e8de78 -> 
  custom:SearchIndexIgnoredProperties: e643bd26f0fe6173181afceb89e7c659 -> 
  custom:AudioImporter_EditorPlatform: 3918e3fc78b5a79bad01e8451be0beb8 -> 
  custom:framework-osx-AVFoundation: e770b220cccbd017edd2c1fefb359320 -> 
  custom:video-encoder-webm-vp8: eb34c28f22e8b96e1ab97ce403110664 -> 
  custom:audio-decoder-ogg-vorbis: bf7c407c2cedff20999df2af8eb42d56 -> 
  custom:scripting/monoscript/fileName/Exit Game.cs: 9f3cc85f4d80e3eecbb57ffd1eba67c5 -> 
  custom:scripting/monoscript/fileName/LoginManager.cs: 3cc846c0f24614c9b07317b57418305e -> 
  custom:audio-encoder-webm-vorbis: bf7c407c2cedff20999df2af8eb42d56 -> 
  custom:scripting/precompiled-assembly-types:Assembly-CSharp: e9c2f52279a86e76ceb5400c7b0f48ce -> 975431d59eab3a43bafba41244e6b097
========================================================================
Received Prepare
Caller must complete domain reload
 #0 GetStacktrace(int)
 #1 DebugStringToFile(DebugStringToFileData const&)
 #2 AssertImplementation(int, char const*, int, int, char const*)
 #3 Internal_ADB_WorkerOnly_DomainReload(AssemblyLoadReason)
 #4 WorkerDomainReloadV2()
 #5 AssetImportWorkerClient::ReloadMonoDomain(AssetResolver&)
 #6 invocation function for block in AssetImportWorkerClient::HandleMessage(PrepareMessage const&)::$_4::operator()() const
 #7 _dispatch_client_callout
 #8 _dispatch_async_and_wait_invoke
 #9 _dispatch_client_callout
 #10 _dispatch_main_queue_drain
 #11 _dispatch_main_queue_callback_4CF
 #12 __CFRUNLOOP_IS_SERVICING_THE_MAIN_DISPATCH_QUEUE__
 #13 __CFRunLoopRun
 #14 CFRunLoopRunSpecific
 #15 RunCurrentEventLoopInMode
 #16 ReceiveNextEventCommon
 #17 _BlockUntilNextEventMatchingListInModeWithFilter
 #18 _DPSNextEvent
 #19 -[NSApplication(NSEvent) _nextEventMatchingEventMask:untilDate:inMode:dequeue:]
 #20 -[NSApplication run]
 #21 NSApplicationMain
 #22 EditorMain(int, char const**)
 #23 main
 #24 start

Begin MonoManager ReloadAssembly
- Loaded All Assemblies, in  0.643 seconds
Native extension for WindowsStandalone target not found
Native extension for iOS target not found
Native extension for Android target not found
Native extension for OSXStandalone target not found
Mono: successfully reloaded assembly
[Package Manager] Server::EnsureServerProcessIsRunning -- launch failed, reason: Unity was launched with the -noUpm command-line argument
[Package Manager] UpmClient::Send -- Unable to send message (not connected to UPM process).
[Package Manager] Cannot connect to Unity Package Manager local server
- Finished resetting the current domain, in  2.067 seconds
Domain Reload Profiling: 2710ms
	BeginReloadAssembly (199ms)
		ExecutionOrderSort (0ms)
		DisableScriptedObjects (15ms)
		BackupInstance (0ms)
		ReleaseScriptingObjects (0ms)
		CreateAndSetChildDomain (67ms)
	RebuildCommonClasses (50ms)
	RebuildNativeTypeToScriptingClass (16ms)
	initialDomainReloadingComplete (33ms)
	LoadAllAssembliesAndSetupDomain (344ms)
		LoadAssemblies (405ms)
		RebuildTransferFunctionScriptingTraits (0ms)
		AnalyzeDomain (22ms)
			TypeCache.Refresh (8ms)
				TypeCache.ScanAssembly (0ms)
			ScanForSourceGeneratedMonoScriptInfo (0ms)
			ResolveRequiredComponents (11ms)
	FinalizeReload (2068ms)
		ReleaseScriptCaches (0ms)
		RebuildScriptCaches (0ms)
		SetupLoadedEditorAssemblies (670ms)
			LogAssemblyErrors (0ms)
			InitializePlatformSupportModulesInManaged (44ms)
			SetLoadedEditorAssemblies (8ms)
			RefreshPlugins (0ms)
			BeforeProcessingInitializeOnLoad (95ms)
			ProcessInitializeOnLoadAttributes (449ms)
			ProcessInitializeOnLoadMethodAttributes (70ms)
			AfterProcessingInitializeOnLoad (3ms)
			EditorAssembliesLoaded (0ms)
		ExecutionOrderSort2 (0ms)
		AwakeInstancesAfterBackupRestoration (18ms)
Refreshing native plugins compatible for Editor in 4.30 ms, found 3 plugins.
Preloading 0 native plugins for Editor in 0.00 ms.
Unloading 4324 Unused Serialized files (Serialized files now loaded: 0)
Unloading 19 unused Assets / (31.2 KB). Loaded Objects now: 5157.
Memory consumption went from 0.52 GB to 0.52 GB.
Total: 6.418571 ms (FindLiveObjects: 0.454793 ms CreateObjectMapping: 0.590519 ms MarkObjects: 5.297021 ms  DeleteObjects: 0.074925 ms)

Prepare: number of updated asset objects reloaded= 0
AssetImportParameters requested are different than current active one (requested -> active):
  custom:container-demuxer-ogg: 62fdf1f143b41e24485cea50d1cbac27 -> 
  custom:scripting/monoscript/fileName/Rumble Toggle.cs: 9255d141ced706a64b082180f4b6a5c6 -> 
  custom:video-decoder-ogg-theora: a1e56fd34408186e4bbccfd4996cb3dc -> 
  custom:CustomObjectIndexerAttribute: 9a22284fe3817be447336de3de66b15e -> 
  custom:container-demuxer-webm: 4f35f7cbe854078d1ac9338744f61a02 -> 
  custom:container-muxer-webm: aa71ff27fc2769a1b78a27578f13a17b -> 
  custom:scripting/monoscript/fileName/RegisterManager.cs: c6fba922704cd91ef405ae7a4408da96 -> 
  custom:video-decoder-webm-vp8: 9c59270c3fd7afecdb556c50c9e8de78 -> 
  custom:SearchIndexIgnoredProperties: e643bd26f0fe6173181afceb89e7c659 -> 
  custom:AudioImporter_EditorPlatform: 3918e3fc78b5a79bad01e8451be0beb8 -> 
  custom:framework-osx-AVFoundation: e770b220cccbd017edd2c1fefb359320 -> 
  custom:video-encoder-webm-vp8: eb34c28f22e8b96e1ab97ce403110664 -> 
  custom:audio-decoder-ogg-vorbis: bf7c407c2cedff20999df2af8eb42d56 -> 
  custom:scripting/monoscript/fileName/Exit Game.cs: 9f3cc85f4d80e3eecbb57ffd1eba67c5 -> 
  custom:scripting/monoscript/fileName/LoginManager.cs: 3cc846c0f24614c9b07317b57418305e -> 
  custom:audio-encoder-webm-vorbis: bf7c407c2cedff20999df2af8eb42d56 -> 
  custom:scripting/precompiled-assembly-types:Assembly-CSharp: e9c2f52279a86e76ceb5400c7b0f48ce -> 975431d59eab3a43bafba41244e6b097
========================================================================
Received Prepare
Caller must complete domain reload
 #0 GetStacktrace(int)
 #1 DebugStringToFile(DebugStringToFileData const&)
 #2 AssertImplementation(int, char const*, int, int, char const*)
 #3 Internal_ADB_WorkerOnly_DomainReload(AssemblyLoadReason)
 #4 WorkerDomainReloadV2()
 #5 AssetImportWorkerClient::ReloadMonoDomain(AssetResolver&)
 #6 invocation function for block in AssetImportWorkerClient::HandleMessage(PrepareMessage const&)::$_4::operator()() const
 #7 _dispatch_client_callout
 #8 _dispatch_async_and_wait_invoke
 #9 _dispatch_client_callout
 #10 _dispatch_main_queue_drain
 #11 _dispatch_main_queue_callback_4CF
 #12 __CFRUNLOOP_IS_SERVICING_THE_MAIN_DISPATCH_QUEUE__
 #13 __CFRunLoopRun
 #14 CFRunLoopRunSpecific
 #15 RunCurrentEventLoopInMode
 #16 ReceiveNextEventCommon
 #17 _BlockUntilNextEventMatchingListInModeWithFilter
 #18 _DPSNextEvent
 #19 -[NSApplication(NSEvent) _nextEventMatchingEventMask:untilDate:inMode:dequeue:]
 #20 -[NSApplication run]
 #21 NSApplicationMain
 #22 EditorMain(int, char const**)
 #23 main
 #24 start

Begin MonoManager ReloadAssembly
- Loaded All Assemblies, in  0.702 seconds
Native extension for WindowsStandalone target not found
Native extension for iOS target not found
Native extension for Android target not found
Native extension for OSXStandalone target not found
Mono: successfully reloaded assembly
[Package Manager] Server::EnsureServerProcessIsRunning -- launch failed, reason: Unity was launched with the -noUpm command-line argument
[Package Manager] UpmClient::Send -- Unable to send message (not connected to UPM process).
[Package Manager] Cannot connect to Unity Package Manager local server
- Finished resetting the current domain, in  1.814 seconds
Domain Reload Profiling: 2516ms
	BeginReloadAssembly (231ms)
		ExecutionOrderSort (0ms)
		DisableScriptedObjects (16ms)
		BackupInstance (0ms)
		ReleaseScriptingObjects (0ms)
		CreateAndSetChildDomain (82ms)
	RebuildCommonClasses (51ms)
	RebuildNativeTypeToScriptingClass (17ms)
	initialDomainReloadingComplete (34ms)
	LoadAllAssembliesAndSetupDomain (367ms)
		LoadAssemblies (419ms)
		RebuildTransferFunctionScriptingTraits (0ms)
		AnalyzeDomain (48ms)
			TypeCache.Refresh (16ms)
				TypeCache.ScanAssembly (2ms)
			ScanForSourceGeneratedMonoScriptInfo (17ms)
			ResolveRequiredComponents (11ms)
	FinalizeReload (1814ms)
		ReleaseScriptCaches (0ms)
		RebuildScriptCaches (0ms)
		SetupLoadedEditorAssemblies (571ms)
			LogAssemblyErrors (0ms)
			InitializePlatformSupportModulesInManaged (41ms)
			SetLoadedEditorAssemblies (5ms)
			RefreshPlugins (0ms)
			BeforeProcessingInitializeOnLoad (83ms)
			ProcessInitializeOnLoadAttributes (393ms)
			ProcessInitializeOnLoadMethodAttributes (46ms)
			AfterProcessingInitializeOnLoad (2ms)
			EditorAssembliesLoaded (0ms)
		ExecutionOrderSort2 (0ms)
		AwakeInstancesAfterBackupRestoration (14ms)
Refreshing native plugins compatible for Editor in 3.89 ms, found 3 plugins.
Preloading 0 native plugins for Editor in 0.00 ms.
Unloading 4324 Unused Serialized files (Serialized files now loaded: 0)
Unloading 19 unused Assets / (31.3 KB). Loaded Objects now: 5161.
Memory consumption went from 0.52 GB to 0.52 GB.
Total: 5.085489 ms (FindLiveObjects: 0.487358 ms CreateObjectMapping: 0.369636 ms MarkObjects: 4.172780 ms  DeleteObjects: 0.054750 ms)

Prepare: number of updated asset objects reloaded= 0
AssetImportParameters requested are different than current active one (requested -> active):
  custom:container-demuxer-ogg: 62fdf1f143b41e24485cea50d1cbac27 -> 
  custom:scripting/monoscript/fileName/Rumble Toggle.cs: 9255d141ced706a64b082180f4b6a5c6 -> 
  custom:video-decoder-ogg-theora: a1e56fd34408186e4bbccfd4996cb3dc -> 
  custom:CustomObjectIndexerAttribute: 9a22284fe3817be447336de3de66b15e -> 
  custom:container-demuxer-webm: 4f35f7cbe854078d1ac9338744f61a02 -> 
  custom:container-muxer-webm: aa71ff27fc2769a1b78a27578f13a17b -> 
  custom:scripting/monoscript/fileName/RegisterManager.cs: c6fba922704cd91ef405ae7a4408da96 -> 
  custom:video-decoder-webm-vp8: 9c59270c3fd7afecdb556c50c9e8de78 -> 
  custom:SearchIndexIgnoredProperties: e643bd26f0fe6173181afceb89e7c659 -> 
  custom:AudioImporter_EditorPlatform: 3918e3fc78b5a79bad01e8451be0beb8 -> 
  custom:framework-osx-AVFoundation: e770b220cccbd017edd2c1fefb359320 -> 
  custom:video-encoder-webm-vp8: eb34c28f22e8b96e1ab97ce403110664 -> 
  custom:audio-decoder-ogg-vorbis: bf7c407c2cedff20999df2af8eb42d56 -> 
  custom:scripting/monoscript/fileName/Exit Game.cs: 9f3cc85f4d80e3eecbb57ffd1eba67c5 -> 
  custom:scripting/monoscript/fileName/LoginManager.cs: 3cc846c0f24614c9b07317b57418305e -> 
  custom:audio-encoder-webm-vorbis: bf7c407c2cedff20999df2af8eb42d56 -> 
  custom:scripting/precompiled-assembly-types:Assembly-CSharp: e9c2f52279a86e76ceb5400c7b0f48ce -> 975431d59eab3a43bafba41244e6b097
========================================================================
Received Prepare
Caller must complete domain reload
 #0 GetStacktrace(int)
 #1 DebugStringToFile(DebugStringToFileData const&)
 #2 AssertImplementation(int, char const*, int, int, char const*)
 #3 Internal_ADB_WorkerOnly_DomainReload(AssemblyLoadReason)
 #4 WorkerDomainReloadV2()
 #5 AssetImportWorkerClient::ReloadMonoDomain(AssetResolver&)
 #6 invocation function for block in AssetImportWorkerClient::HandleMessage(PrepareMessage const&)::$_4::operator()() const
 #7 _dispatch_client_callout
 #8 _dispatch_async_and_wait_invoke
 #9 _dispatch_client_callout
 #10 _dispatch_main_queue_drain
 #11 _dispatch_main_queue_callback_4CF
 #12 __CFRUNLOOP_IS_SERVICING_THE_MAIN_DISPATCH_QUEUE__
 #13 __CFRunLoopRun
 #14 CFRunLoopRunSpecific
 #15 RunCurrentEventLoopInMode
 #16 ReceiveNextEventCommon
 #17 _BlockUntilNextEventMatchingListInModeWithFilter
 #18 _DPSNextEvent
 #19 -[NSApplication(NSEvent) _nextEventMatchingEventMask:untilDate:inMode:dequeue:]
 #20 -[NSApplication run]
 #21 NSApplicationMain
 #22 EditorMain(int, char const**)
 #23 main
 #24 start

Begin MonoManager ReloadAssembly
- Loaded All Assemblies, in  0.643 seconds
Native extension for WindowsStandalone target not found
Native extension for iOS target not found
Native extension for Android target not found
Native extension for OSXStandalone target not found
Mono: successfully reloaded assembly
[Package Manager] Server::EnsureServerProcessIsRunning -- launch failed, reason: Unity was launched with the -noUpm command-line argument
[Package Manager] UpmClient::Send -- Unable to send message (not connected to UPM process).
[Package Manager] Cannot connect to Unity Package Manager local server
- Finished resetting the current domain, in  1.086 seconds
Domain Reload Profiling: 1729ms
	BeginReloadAssembly (210ms)
		ExecutionOrderSort (0ms)
		DisableScriptedObjects (15ms)
		BackupInstance (0ms)
		ReleaseScriptingObjects (0ms)
		CreateAndSetChildDomain (68ms)
	RebuildCommonClasses (52ms)
	RebuildNativeTypeToScriptingClass (17ms)
	initialDomainReloadingComplete (35ms)
	LoadAllAssembliesAndSetupDomain (329ms)
		LoadAssemblies (400ms)
		RebuildTransferFunctionScriptingTraits (0ms)
		AnalyzeDomain (23ms)
			TypeCache.Refresh (8ms)
				TypeCache.ScanAssembly (0ms)
			ScanForSourceGeneratedMonoScriptInfo (0ms)
			ResolveRequiredComponents (11ms)
	FinalizeReload (1086ms)
		ReleaseScriptCaches (0ms)
		RebuildScriptCaches (0ms)
		SetupLoadedEditorAssemblies (564ms)
			LogAssemblyErrors (0ms)
			InitializePlatformSupportModulesInManaged (39ms)
			SetLoadedEditorAssemblies (6ms)
			RefreshPlugins (0ms)
			BeforeProcessingInitializeOnLoad (84ms)
			ProcessInitializeOnLoadAttributes (387ms)
			ProcessInitializeOnLoadMethodAttributes (47ms)
			AfterProcessingInitializeOnLoad (2ms)
			EditorAssembliesLoaded (0ms)
		ExecutionOrderSort2 (0ms)
		AwakeInstancesAfterBackupRestoration (14ms)
Refreshing native plugins compatible for Editor in 4.58 ms, found 3 plugins.
Preloading 0 native plugins for Editor in 0.00 ms.
Unloading 4324 Unused Serialized files (Serialized files now loaded: 0)
Unloading 19 unused Assets / (31.4 KB). Loaded Objects now: 5165.
Memory consumption went from 0.53 GB to 0.53 GB.
Total: 6.504359 ms (FindLiveObjects: 0.643697 ms CreateObjectMapping: 0.616066 ms MarkObjects: 5.182662 ms  DeleteObjects: 0.060753 ms)

Prepare: number of updated asset objects reloaded= 0
AssetImportParameters requested are different than current active one (requested -> active):
  custom:container-demuxer-ogg: 62fdf1f143b41e24485cea50d1cbac27 -> 
  custom:scripting/monoscript/fileName/Rumble Toggle.cs: 9255d141ced706a64b082180f4b6a5c6 -> 
  custom:video-decoder-ogg-theora: a1e56fd34408186e4bbccfd4996cb3dc -> 
  custom:CustomObjectIndexerAttribute: 9a22284fe3817be447336de3de66b15e -> 
  custom:container-demuxer-webm: 4f35f7cbe854078d1ac9338744f61a02 -> 
  custom:container-muxer-webm: aa71ff27fc2769a1b78a27578f13a17b -> 
  custom:scripting/monoscript/fileName/RegisterManager.cs: c6fba922704cd91ef405ae7a4408da96 -> 
  custom:video-decoder-webm-vp8: 9c59270c3fd7afecdb556c50c9e8de78 -> 
  custom:SearchIndexIgnoredProperties: e643bd26f0fe6173181afceb89e7c659 -> 
  custom:AudioImporter_EditorPlatform: 3918e3fc78b5a79bad01e8451be0beb8 -> 
  custom:framework-osx-AVFoundation: e770b220cccbd017edd2c1fefb359320 -> 
  custom:video-encoder-webm-vp8: eb34c28f22e8b96e1ab97ce403110664 -> 
  custom:audio-decoder-ogg-vorbis: bf7c407c2cedff20999df2af8eb42d56 -> 
  custom:scripting/monoscript/fileName/Exit Game.cs: 9f3cc85f4d80e3eecbb57ffd1eba67c5 -> 
  custom:scripting/monoscript/fileName/LoginManager.cs: 3cc846c0f24614c9b07317b57418305e -> 
  custom:audio-encoder-webm-vorbis: bf7c407c2cedff20999df2af8eb42d56 -> 
  custom:scripting/precompiled-assembly-types:Assembly-CSharp: e9c2f52279a86e76ceb5400c7b0f48ce -> 975431d59eab3a43bafba41244e6b097
========================================================================
Received Prepare
Caller must complete domain reload
 #0 GetStacktrace(int)
 #1 DebugStringToFile(DebugStringToFileData const&)
 #2 AssertImplementation(int, char const*, int, int, char const*)
 #3 Internal_ADB_WorkerOnly_DomainReload(AssemblyLoadReason)
 #4 WorkerDomainReloadV2()
 #5 AssetImportWorkerClient::ReloadMonoDomain(AssetResolver&)
 #6 invocation function for block in AssetImportWorkerClient::HandleMessage(PrepareMessage const&)::$_4::operator()() const
 #7 _dispatch_client_callout
 #8 _dispatch_async_and_wait_invoke
 #9 _dispatch_client_callout
 #10 _dispatch_main_queue_drain
 #11 _dispatch_main_queue_callback_4CF
 #12 __CFRUNLOOP_IS_SERVICING_THE_MAIN_DISPATCH_QUEUE__
 #13 __CFRunLoopRun
 #14 CFRunLoopRunSpecific
 #15 RunCurrentEventLoopInMode
 #16 ReceiveNextEventCommon
 #17 _BlockUntilNextEventMatchingListInModeWithFilter
 #18 _DPSNextEvent
 #19 -[NSApplication(NSEvent) _nextEventMatchingEventMask:untilDate:inMode:dequeue:]
 #20 -[NSApplication run]
 #21 NSApplicationMain
 #22 EditorMain(int, char const**)
 #23 main
 #24 start

Begin MonoManager ReloadAssembly
- Loaded All Assemblies, in  0.649 seconds
Native extension for WindowsStandalone target not found
Native extension for iOS target not found
Native extension for Android target not found
Native extension for OSXStandalone target not found
Mono: successfully reloaded assembly
[Package Manager] Server::EnsureServerProcessIsRunning -- launch failed, reason: Unity was launched with the -noUpm command-line argument
[Package Manager] UpmClient::Send -- Unable to send message (not connected to UPM process).
[Package Manager] Cannot connect to Unity Package Manager local server
- Finished resetting the current domain, in  1.185 seconds
Domain Reload Profiling: 1833ms
	BeginReloadAssembly (212ms)
		ExecutionOrderSort (0ms)
		DisableScriptedObjects (15ms)
		BackupInstance (0ms)
		ReleaseScriptingObjects (0ms)
		CreateAndSetChildDomain (72ms)
	RebuildCommonClasses (55ms)
	RebuildNativeTypeToScriptingClass (18ms)
	initialDomainReloadingComplete (35ms)
	LoadAllAssembliesAndSetupDomain (327ms)
		LoadAssemblies (392ms)
		RebuildTransferFunctionScriptingTraits (0ms)
		AnalyzeDomain (25ms)
			TypeCache.Refresh (8ms)
				TypeCache.ScanAssembly (0ms)
			ScanForSourceGeneratedMonoScriptInfo (0ms)
			ResolveRequiredComponents (11ms)
	FinalizeReload (1186ms)
		ReleaseScriptCaches (0ms)
		RebuildScriptCaches (0ms)
		SetupLoadedEditorAssemblies (634ms)
			LogAssemblyErrors (0ms)
			InitializePlatformSupportModulesInManaged (47ms)
			SetLoadedEditorAssemblies (7ms)
			RefreshPlugins (0ms)
			BeforeProcessingInitializeOnLoad (103ms)
			ProcessInitializeOnLoadAttributes (424ms)
			ProcessInitializeOnLoadMethodAttributes (50ms)
			AfterProcessingInitializeOnLoad (3ms)
			EditorAssembliesLoaded (0ms)
		ExecutionOrderSort2 (0ms)
		AwakeInstancesAfterBackupRestoration (14ms)
Refreshing native plugins compatible for Editor in 3.87 ms, found 3 plugins.
Preloading 0 native plugins for Editor in 0.00 ms.
Unloading 4324 Unused Serialized files (Serialized files now loaded: 0)
Unloading 19 unused Assets / (31.4 KB). Loaded Objects now: 5169.
Memory consumption went from 0.53 GB to 0.53 GB.
Total: 5.805099 ms (FindLiveObjects: 0.400671 ms CreateObjectMapping: 0.396029 ms MarkObjects: 4.949635 ms  DeleteObjects: 0.057655 ms)

Prepare: number of updated asset objects reloaded= 0
AssetImportParameters requested are different than current active one (requested -> active):
  custom:container-demuxer-ogg: 62fdf1f143b41e24485cea50d1cbac27 -> 
  custom:scripting/monoscript/fileName/Rumble Toggle.cs: 9255d141ced706a64b082180f4b6a5c6 -> 
  custom:video-decoder-ogg-theora: a1e56fd34408186e4bbccfd4996cb3dc -> 
  custom:CustomObjectIndexerAttribute: 9a22284fe3817be447336de3de66b15e -> 
  custom:container-demuxer-webm: 4f35f7cbe854078d1ac9338744f61a02 -> 
  custom:container-muxer-webm: aa71ff27fc2769a1b78a27578f13a17b -> 
  custom:scripting/monoscript/fileName/RegisterManager.cs: c6fba922704cd91ef405ae7a4408da96 -> 
  custom:video-decoder-webm-vp8: 9c59270c3fd7afecdb556c50c9e8de78 -> 
  custom:SearchIndexIgnoredProperties: e643bd26f0fe6173181afceb89e7c659 -> 
  custom:AudioImporter_EditorPlatform: 3918e3fc78b5a79bad01e8451be0beb8 -> 
  custom:framework-osx-AVFoundation: e770b220cccbd017edd2c1fefb359320 -> 
  custom:video-encoder-webm-vp8: eb34c28f22e8b96e1ab97ce403110664 -> 
  custom:audio-decoder-ogg-vorbis: bf7c407c2cedff20999df2af8eb42d56 -> 
  custom:scripting/monoscript/fileName/Exit Game.cs: 9f3cc85f4d80e3eecbb57ffd1eba67c5 -> 
  custom:scripting/monoscript/fileName/LoginManager.cs: 3cc846c0f24614c9b07317b57418305e -> 
  custom:audio-encoder-webm-vorbis: bf7c407c2cedff20999df2af8eb42d56 -> 
  custom:scripting/precompiled-assembly-types:Assembly-CSharp: e9c2f52279a86e76ceb5400c7b0f48ce -> 975431d59eab3a43bafba41244e6b097
========================================================================
Received Prepare
Caller must complete domain reload
 #0 GetStacktrace(int)
 #1 DebugStringToFile(DebugStringToFileData const&)
 #2 AssertImplementation(int, char const*, int, int, char const*)
 #3 Internal_ADB_WorkerOnly_DomainReload(AssemblyLoadReason)
 #4 WorkerDomainReloadV2()
 #5 AssetImportWorkerClient::ReloadMonoDomain(AssetResolver&)
 #6 invocation function for block in AssetImportWorkerClient::HandleMessage(PrepareMessage const&)::$_4::operator()() const
 #7 _dispatch_client_callout
 #8 _dispatch_async_and_wait_invoke
 #9 _dispatch_client_callout
 #10 _dispatch_main_queue_drain
 #11 _dispatch_main_queue_callback_4CF
 #12 __CFRUNLOOP_IS_SERVICING_THE_MAIN_DISPATCH_QUEUE__
 #13 __CFRunLoopRun
 #14 CFRunLoopRunSpecific
 #15 RunCurrentEventLoopInMode
 #16 ReceiveNextEventCommon
 #17 _BlockUntilNextEventMatchingListInModeWithFilter
 #18 _DPSNextEvent
 #19 -[NSApplication(NSEvent) _nextEventMatchingEventMask:untilDate:inMode:dequeue:]
 #20 -[NSApplication run]
 #21 NSApplicationMain
 #22 EditorMain(int, char const**)
 #23 main
 #24 start

Begin MonoManager ReloadAssembly
- Loaded All Assemblies, in  0.613 seconds
Native extension for WindowsStandalone target not found
Native extension for iOS target not found
Native extension for Android target not found
Native extension for OSXStandalone target not found
Mono: successfully reloaded assembly
[Package Manager] Server::EnsureServerProcessIsRunning -- launch failed, reason: Unity was launched with the -noUpm command-line argument
[Package Manager] UpmClient::Send -- Unable to send message (not connected to UPM process).
[Package Manager] Cannot connect to Unity Package Manager local server
- Finished resetting the current domain, in  1.129 seconds
Domain Reload Profiling: 1741ms
	BeginReloadAssembly (199ms)
		ExecutionOrderSort (0ms)
		DisableScriptedObjects (15ms)
		BackupInstance (0ms)
		ReleaseScriptingObjects (0ms)
		CreateAndSetChildDomain (68ms)
	RebuildCommonClasses (49ms)
	RebuildNativeTypeToScriptingClass (18ms)
	initialDomainReloadingComplete (32ms)
	LoadAllAssembliesAndSetupDomain (314ms)
		LoadAssemblies (371ms)
		RebuildTransferFunctionScriptingTraits (0ms)
		AnalyzeDomain (26ms)
			TypeCache.Refresh (8ms)
				TypeCache.ScanAssembly (0ms)
			ScanForSourceGeneratedMonoScriptInfo (0ms)
			ResolveRequiredComponents (10ms)
	FinalizeReload (1129ms)
		ReleaseScriptCaches (0ms)
		RebuildScriptCaches (0ms)
		SetupLoadedEditorAssemblies (596ms)
			LogAssemblyErrors (0ms)
			InitializePlatformSupportModulesInManaged (40ms)
			SetLoadedEditorAssemblies (7ms)
			RefreshPlugins (0ms)
			BeforeProcessingInitializeOnLoad (84ms)
			ProcessInitializeOnLoadAttributes (414ms)
			ProcessInitializeOnLoadMethodAttributes (49ms)
			AfterProcessingInitializeOnLoad (2ms)
			EditorAssembliesLoaded (0ms)
		ExecutionOrderSort2 (0ms)
		AwakeInstancesAfterBackupRestoration (13ms)
Refreshing native plugins compatible for Editor in 4.80 ms, found 3 plugins.
Preloading 0 native plugins for Editor in 0.00 ms.
Unloading 4324 Unused Serialized files (Serialized files now loaded: 0)
Unloading 19 unused Assets / (31.3 KB). Loaded Objects now: 5173.
Memory consumption went from 0.54 GB to 0.54 GB.
Total: 6.419678 ms (FindLiveObjects: 0.450642 ms CreateObjectMapping: 0.430077 ms MarkObjects: 5.479724 ms  DeleteObjects: 0.057842 ms)

Prepare: number of updated asset objects reloaded= 0
AssetImportParameters requested are different than current active one (requested -> active):
  custom:container-demuxer-ogg: 62fdf1f143b41e24485cea50d1cbac27 -> 
  custom:scripting/monoscript/fileName/Rumble Toggle.cs: 9255d141ced706a64b082180f4b6a5c6 -> 
  custom:video-decoder-ogg-theora: a1e56fd34408186e4bbccfd4996cb3dc -> 
  custom:CustomObjectIndexerAttribute: 9a22284fe3817be447336de3de66b15e -> 
  custom:container-demuxer-webm: 4f35f7cbe854078d1ac9338744f61a02 -> 
  custom:container-muxer-webm: aa71ff27fc2769a1b78a27578f13a17b -> 
  custom:scripting/monoscript/fileName/RegisterManager.cs: c6fba922704cd91ef405ae7a4408da96 -> 
  custom:video-decoder-webm-vp8: 9c59270c3fd7afecdb556c50c9e8de78 -> 
  custom:SearchIndexIgnoredProperties: e643bd26f0fe6173181afceb89e7c659 -> 
  custom:AudioImporter_EditorPlatform: 3918e3fc78b5a79bad01e8451be0beb8 -> 
  custom:framework-osx-AVFoundation: e770b220cccbd017edd2c1fefb359320 -> 
  custom:video-encoder-webm-vp8: eb34c28f22e8b96e1ab97ce403110664 -> 
  custom:audio-decoder-ogg-vorbis: bf7c407c2cedff20999df2af8eb42d56 -> 
  custom:scripting/monoscript/fileName/Exit Game.cs: 9f3cc85f4d80e3eecbb57ffd1eba67c5 -> 
  custom:scripting/monoscript/fileName/LoginManager.cs: 3cc846c0f24614c9b07317b57418305e -> 
  custom:audio-encoder-webm-vorbis: bf7c407c2cedff20999df2af8eb42d56 -> 
  custom:scripting/precompiled-assembly-types:Assembly-CSharp: e9c2f52279a86e76ceb5400c7b0f48ce -> 975431d59eab3a43bafba41244e6b097
========================================================================
Received Import Request.
  Time since last request: 443.948355 seconds.
  path: Assets/Scenes/Menu/Signup.unity
  artifactKey: Guid(48d6e3008fde348a7b6df4684180add7) Importer(815301076,1909f56bfc062723c751e8b465ee728b)
Start importing Assets/Scenes/Menu/Signup.unity using Guid(48d6e3008fde348a7b6df4684180add7) Importer(815301076,1909f56bfc062723c751e8b465ee728b) [PhysX] Initialized MultithreadedTaskDispatcher with 8 workers.
 -> (artifact id: 'b82fb25c1c104ebf5f967ad891eac54b') in 0.002149 seconds
Number of updated asset objects reloaded before import = 0
Number of asset objects unloaded after import = 0
========================================================================
Received Prepare
Caller must complete domain reload
 #0 GetStacktrace(int)
 #1 DebugStringToFile(DebugStringToFileData const&)
 #2 AssertImplementation(int, char const*, int, int, char const*)
 #3 Internal_ADB_WorkerOnly_DomainReload(AssemblyLoadReason)
 #4 WorkerDomainReloadV2()
 #5 AssetImportWorkerClient::ReloadMonoDomain(AssetResolver&)
 #6 invocation function for block in AssetImportWorkerClient::HandleMessage(PrepareMessage const&)::$_4::operator()() const
 #7 _dispatch_client_callout
 #8 _dispatch_async_and_wait_invoke
 #9 _dispatch_client_callout
 #10 _dispatch_main_queue_drain
 #11 _dispatch_main_queue_callback_4CF
 #12 __CFRUNLOOP_IS_SERVICING_THE_MAIN_DISPATCH_QUEUE__
 #13 __CFRunLoopRun
 #14 CFRunLoopRunSpecific
 #15 RunCurrentEventLoopInMode
 #16 ReceiveNextEventCommon
 #17 _BlockUntilNextEventMatchingListInModeWithFilter
 #18 _DPSNextEvent
 #19 -[NSApplication(NSEvent) _nextEventMatchingEventMask:untilDate:inMode:dequeue:]
 #20 -[NSApplication run]
 #21 NSApplicationMain
 #22 EditorMain(int, char const**)
 #23 main
 #24 start

Begin MonoManager ReloadAssembly
- Loaded All Assemblies, in  0.668 seconds
Native extension for WindowsStandalone target not found
Native extension for iOS target not found
Native extension for Android target not found
Native extension for OSXStandalone target not found
Mono: successfully reloaded assembly
[Package Manager] Server::EnsureServerProcessIsRunning -- launch failed, reason: Unity was launched with the -noUpm command-line argument
[Package Manager] UpmClient::Send -- Unable to send message (not connected to UPM process).
[Package Manager] Cannot connect to Unity Package Manager local server
- Finished resetting the current domain, in  1.235 seconds
Domain Reload Profiling: 1902ms
	BeginReloadAssembly (222ms)
		ExecutionOrderSort (0ms)
		DisableScriptedObjects (17ms)
		BackupInstance (0ms)
		ReleaseScriptingObjects (0ms)
		CreateAndSetChildDomain (78ms)
	RebuildCommonClasses (61ms)
	RebuildNativeTypeToScriptingClass (18ms)
	initialDomainReloadingComplete (36ms)
	LoadAllAssembliesAndSetupDomain (330ms)
		LoadAssemblies (400ms)
		RebuildTransferFunctionScriptingTraits (0ms)
		AnalyzeDomain (23ms)
			TypeCache.Refresh (8ms)
				TypeCache.ScanAssembly (0ms)
			ScanForSourceGeneratedMonoScriptInfo (0ms)
			ResolveRequiredComponents (11ms)
	FinalizeReload (1235ms)
		ReleaseScriptCaches (0ms)
		RebuildScriptCaches (0ms)
		SetupLoadedEditorAssemblies (661ms)
			LogAssemblyErrors (0ms)
			InitializePlatformSupportModulesInManaged (42ms)
			SetLoadedEditorAssemblies (9ms)
			RefreshPlugins (0ms)
			BeforeProcessingInitializeOnLoad (96ms)
			ProcessInitializeOnLoadAttributes (442ms)
			ProcessInitializeOnLoadMethodAttributes (69ms)
			AfterProcessingInitializeOnLoad (3ms)
			EditorAssembliesLoaded (0ms)
		ExecutionOrderSort2 (0ms)
		AwakeInstancesAfterBackupRestoration (20ms)
Refreshing native plugins compatible for Editor in 4.97 ms, found 3 plugins.
Preloading 0 native plugins for Editor in 0.00 ms.
Unloading 4323 Unused Serialized files (Serialized files now loaded: 0)
Unloading 19 unused Assets / (31.3 KB). Loaded Objects now: 5177.
Memory consumption went from 0.54 GB to 0.54 GB.
Total: 6.312071 ms (FindLiveObjects: 0.446268 ms CreateObjectMapping: 0.503790 ms MarkObjects: 5.298596 ms  DeleteObjects: 0.062054 ms)

Prepare: number of updated asset objects reloaded= 0
AssetImportParameters requested are different than current active one (requested -> active):
  custom:container-demuxer-ogg: 62fdf1f143b41e24485cea50d1cbac27 -> 
  custom:scripting/monoscript/fileName/Rumble Toggle.cs: 9255d141ced706a64b082180f4b6a5c6 -> 
  custom:video-decoder-ogg-theora: a1e56fd34408186e4bbccfd4996cb3dc -> 
  custom:CustomObjectIndexerAttribute: 9a22284fe3817be447336de3de66b15e -> 
  custom:container-demuxer-webm: 4f35f7cbe854078d1ac9338744f61a02 -> 
  custom:container-muxer-webm: aa71ff27fc2769a1b78a27578f13a17b -> 
  custom:scripting/monoscript/fileName/RegisterManager.cs: c6fba922704cd91ef405ae7a4408da96 -> 
  custom:video-decoder-webm-vp8: 9c59270c3fd7afecdb556c50c9e8de78 -> 
  custom:SearchIndexIgnoredProperties: e643bd26f0fe6173181afceb89e7c659 -> 
  custom:AudioImporter_EditorPlatform: 3918e3fc78b5a79bad01e8451be0beb8 -> 
  custom:framework-osx-AVFoundation: e770b220cccbd017edd2c1fefb359320 -> 
  custom:video-encoder-webm-vp8: eb34c28f22e8b96e1ab97ce403110664 -> 
  custom:audio-decoder-ogg-vorbis: bf7c407c2cedff20999df2af8eb42d56 -> 
  custom:scripting/monoscript/fileName/Exit Game.cs: 9f3cc85f4d80e3eecbb57ffd1eba67c5 -> 
  custom:scripting/monoscript/fileName/LoginManager.cs: 3cc846c0f24614c9b07317b57418305e -> 
  custom:audio-encoder-webm-vorbis: bf7c407c2cedff20999df2af8eb42d56 -> 
  custom:scripting/precompiled-assembly-types:Assembly-CSharp: e9c2f52279a86e76ceb5400c7b0f48ce -> 975431d59eab3a43bafba41244e6b097
========================================================================
Received Prepare
Caller must complete domain reload
 #0 GetStacktrace(int)
 #1 DebugStringToFile(DebugStringToFileData const&)
 #2 AssertImplementation(int, char const*, int, int, char const*)
 #3 Internal_ADB_WorkerOnly_DomainReload(AssemblyLoadReason)
 #4 WorkerDomainReloadV2()
 #5 AssetImportWorkerClient::ReloadMonoDomain(AssetResolver&)
 #6 invocation function for block in AssetImportWorkerClient::HandleMessage(PrepareMessage const&)::$_4::operator()() const
 #7 _dispatch_client_callout
 #8 _dispatch_async_and_wait_invoke
 #9 _dispatch_client_callout
 #10 _dispatch_main_queue_drain
 #11 _dispatch_main_queue_callback_4CF
 #12 __CFRUNLOOP_IS_SERVICING_THE_MAIN_DISPATCH_QUEUE__
 #13 __CFRunLoopRun
 #14 CFRunLoopRunSpecific
 #15 RunCurrentEventLoopInMode
 #16 ReceiveNextEventCommon
 #17 _BlockUntilNextEventMatchingListInModeWithFilter
 #18 _DPSNextEvent
 #19 -[NSApplication(NSEvent) _nextEventMatchingEventMask:untilDate:inMode:dequeue:]
 #20 -[NSApplication run]
 #21 NSApplicationMain
 #22 EditorMain(int, char const**)
 #23 main
 #24 start

Begin MonoManager ReloadAssembly
- Loaded All Assemblies, in  0.676 seconds
Native extension for WindowsStandalone target not found
Native extension for iOS target not found
Native extension for Android target not found
Native extension for OSXStandalone target not found
Mono: successfully reloaded assembly
[Package Manager] Server::EnsureServerProcessIsRunning -- launch failed, reason: Unity was launched with the -noUpm command-line argument
[Package Manager] UpmClient::Send -- Unable to send message (not connected to UPM process).
[Package Manager] Cannot connect to Unity Package Manager local server
- Finished resetting the current domain, in  2.169 seconds
Domain Reload Profiling: 2845ms
	BeginReloadAssembly (230ms)
		ExecutionOrderSort (0ms)
		DisableScriptedObjects (17ms)
		BackupInstance (0ms)
		ReleaseScriptingObjects (0ms)
		CreateAndSetChildDomain (89ms)
	RebuildCommonClasses (51ms)
	RebuildNativeTypeToScriptingClass (17ms)
	initialDomainReloadingComplete (34ms)
	LoadAllAssembliesAndSetupDomain (342ms)
		LoadAssemblies (405ms)
		RebuildTransferFunctionScriptingTraits (0ms)
		AnalyzeDomain (25ms)
			TypeCache.Refresh (9ms)
				TypeCache.ScanAssembly (0ms)
			ScanForSourceGeneratedMonoScriptInfo (0ms)
			ResolveRequiredComponents (12ms)
	FinalizeReload (2170ms)
		ReleaseScriptCaches (0ms)
		RebuildScriptCaches (0ms)
		SetupLoadedEditorAssemblies (829ms)
			LogAssemblyErrors (0ms)
			InitializePlatformSupportModulesInManaged (54ms)
			SetLoadedEditorAssemblies (8ms)
			RefreshPlugins (0ms)
			BeforeProcessingInitializeOnLoad (110ms)
			ProcessInitializeOnLoadAttributes (590ms)
			ProcessInitializeOnLoadMethodAttributes (64ms)
			AfterProcessingInitializeOnLoad (3ms)
			EditorAssembliesLoaded (0ms)
		ExecutionOrderSort2 (0ms)
		AwakeInstancesAfterBackupRestoration (18ms)
Refreshing native plugins compatible for Editor in 10.56 ms, found 3 plugins.
Preloading 0 native plugins for Editor in 0.00 ms.
Unloading 4324 Unused Serialized files (Serialized files now loaded: 0)
Unloading 19 unused Assets / (31.3 KB). Loaded Objects now: 5181.
Memory consumption went from 0.54 GB to 0.54 GB.
Total: 5.241916 ms (FindLiveObjects: 0.642941 ms CreateObjectMapping: 0.483046 ms MarkObjects: 4.051034 ms  DeleteObjects: 0.063435 ms)

Prepare: number of updated asset objects reloaded= 0
AssetImportParameters requested are different than current active one (requested -> active):
  custom:container-demuxer-ogg: 62fdf1f143b41e24485cea50d1cbac27 -> 
  custom:scripting/monoscript/fileName/Rumble Toggle.cs: 9255d141ced706a64b082180f4b6a5c6 -> 
  custom:video-decoder-ogg-theora: a1e56fd34408186e4bbccfd4996cb3dc -> 
  custom:CustomObjectIndexerAttribute: 9a22284fe3817be447336de3de66b15e -> 
  custom:container-demuxer-webm: 4f35f7cbe854078d1ac9338744f61a02 -> 
  custom:container-muxer-webm: aa71ff27fc2769a1b78a27578f13a17b -> 
  custom:scripting/monoscript/fileName/RegisterManager.cs: c6fba922704cd91ef405ae7a4408da96 -> 
  custom:video-decoder-webm-vp8: 9c59270c3fd7afecdb556c50c9e8de78 -> 
  custom:SearchIndexIgnoredProperties: e643bd26f0fe6173181afceb89e7c659 -> 
  custom:AudioImporter_EditorPlatform: 3918e3fc78b5a79bad01e8451be0beb8 -> 
  custom:framework-osx-AVFoundation: e770b220cccbd017edd2c1fefb359320 -> 
  custom:video-encoder-webm-vp8: eb34c28f22e8b96e1ab97ce403110664 -> 
  custom:audio-decoder-ogg-vorbis: bf7c407c2cedff20999df2af8eb42d56 -> 
  custom:scripting/monoscript/fileName/Exit Game.cs: 9f3cc85f4d80e3eecbb57ffd1eba67c5 -> 
  custom:scripting/monoscript/fileName/LoginManager.cs: 3cc846c0f24614c9b07317b57418305e -> 
  custom:audio-encoder-webm-vorbis: bf7c407c2cedff20999df2af8eb42d56 -> 
  custom:scripting/precompiled-assembly-types:Assembly-CSharp: e9c2f52279a86e76ceb5400c7b0f48ce -> 975431d59eab3a43bafba41244e6b097
========================================================================
Received Import Request.
  Time since last request: 864.191420 seconds.
  path: Assets/Scenes/Menu/Login.unity
  artifactKey: Guid(7c7646d192cd24b2ab86c8c703ada5da) Importer(815301076,1909f56bfc062723c751e8b465ee728b)
Start importing Assets/Scenes/Menu/Login.unity using Guid(7c7646d192cd24b2ab86c8c703ada5da) Importer(815301076,1909f56bfc062723c751e8b465ee728b) [PhysX] Initialized MultithreadedTaskDispatcher with 8 workers.
 -> (artifact id: 'ff82d2909ae33dbe06f982d7560cfd09') in 0.002591 seconds
Number of updated asset objects reloaded before import = 0
Number of asset objects unloaded after import = 0
========================================================================
Received Prepare
Caller must complete domain reload
 #0 GetStacktrace(int)
 #1 DebugStringToFile(DebugStringToFileData const&)
 #2 AssertImplementation(int, char const*, int, int, char const*)
 #3 Internal_ADB_WorkerOnly_DomainReload(AssemblyLoadReason)
 #4 WorkerDomainReloadV2()
 #5 AssetImportWorkerClient::ReloadMonoDomain(AssetResolver&)
 #6 invocation function for block in AssetImportWorkerClient::HandleMessage(PrepareMessage const&)::$_4::operator()() const
 #7 _dispatch_client_callout
 #8 _dispatch_async_and_wait_invoke
 #9 _dispatch_client_callout
 #10 _dispatch_main_queue_drain
 #11 _dispatch_main_queue_callback_4CF
 #12 __CFRUNLOOP_IS_SERVICING_THE_MAIN_DISPATCH_QUEUE__
 #13 __CFRunLoopRun
 #14 CFRunLoopRunSpecific
 #15 RunCurrentEventLoopInMode
 #16 ReceiveNextEventCommon
 #17 _BlockUntilNextEventMatchingListInModeWithFilter
 #18 _DPSNextEvent
 #19 -[NSApplication(NSEvent) _nextEventMatchingEventMask:untilDate:inMode:dequeue:]
 #20 -[NSApplication run]
 #21 NSApplicationMain
 #22 EditorMain(int, char const**)
 #23 main
 #24 start

Begin MonoManager ReloadAssembly
- Loaded All Assemblies, in  0.698 seconds
Native extension for WindowsStandalone target not found
Native extension for iOS target not found
Native extension for Android target not found
Native extension for OSXStandalone target not found
Mono: successfully reloaded assembly
[Package Manager] Server::EnsureServerProcessIsRunning -- launch failed, reason: Unity was launched with the -noUpm command-line argument
[Package Manager] UpmClient::Send -- Unable to send message (not connected to UPM process).
[Package Manager] Cannot connect to Unity Package Manager local server
- Finished resetting the current domain, in  2.076 seconds
Domain Reload Profiling: 2774ms
	BeginReloadAssembly (250ms)
		ExecutionOrderSort (0ms)
		DisableScriptedObjects (18ms)
		BackupInstance (0ms)
		ReleaseScriptingObjects (0ms)
		CreateAndSetChildDomain (85ms)
	RebuildCommonClasses (52ms)
	RebuildNativeTypeToScriptingClass (16ms)
	initialDomainReloadingComplete (38ms)
	LoadAllAssembliesAndSetupDomain (341ms)
		LoadAssemblies (428ms)
		RebuildTransferFunctionScriptingTraits (0ms)
		AnalyzeDomain (23ms)
			TypeCache.Refresh (8ms)
				TypeCache.ScanAssembly (0ms)
			ScanForSourceGeneratedMonoScriptInfo (0ms)
			ResolveRequiredComponents (11ms)
	FinalizeReload (2077ms)
		ReleaseScriptCaches (0ms)
		RebuildScriptCaches (0ms)
		SetupLoadedEditorAssemblies (753ms)
			LogAssemblyErrors (0ms)
			InitializePlatformSupportModulesInManaged (49ms)
			SetLoadedEditorAssemblies (7ms)
			RefreshPlugins (0ms)
			BeforeProcessingInitializeOnLoad (108ms)
			ProcessInitializeOnLoadAttributes (520ms)
			ProcessInitializeOnLoadMethodAttributes (66ms)
			AfterProcessingInitializeOnLoad (3ms)
			EditorAssembliesLoaded (0ms)
		ExecutionOrderSort2 (0ms)
		AwakeInstancesAfterBackupRestoration (17ms)
Refreshing native plugins compatible for Editor in 4.47 ms, found 3 plugins.
Preloading 0 native plugins for Editor in 0.00 ms.
Unloading 4323 Unused Serialized files (Serialized files now loaded: 0)
Unloading 19 unused Assets / (31.4 KB). Loaded Objects now: 5185.
Memory consumption went from 0.55 GB to 0.55 GB.
Total: 6.419044 ms (FindLiveObjects: 0.689770 ms CreateObjectMapping: 0.563978 ms MarkObjects: 5.089850 ms  DeleteObjects: 0.074082 ms)

Prepare: number of updated asset objects reloaded= 0
AssetImportParameters requested are different than current active one (requested -> active):
  custom:container-demuxer-ogg: 62fdf1f143b41e24485cea50d1cbac27 -> 
  custom:scripting/monoscript/fileName/Rumble Toggle.cs: 9255d141ced706a64b082180f4b6a5c6 -> 
  custom:video-decoder-ogg-theora: a1e56fd34408186e4bbccfd4996cb3dc -> 
  custom:CustomObjectIndexerAttribute: 9a22284fe3817be447336de3de66b15e -> 
  custom:container-demuxer-webm: 4f35f7cbe854078d1ac9338744f61a02 -> 
  custom:container-muxer-webm: aa71ff27fc2769a1b78a27578f13a17b -> 
  custom:scripting/monoscript/fileName/RegisterManager.cs: c6fba922704cd91ef405ae7a4408da96 -> 
  custom:video-decoder-webm-vp8: 9c59270c3fd7afecdb556c50c9e8de78 -> 
  custom:SearchIndexIgnoredProperties: e643bd26f0fe6173181afceb89e7c659 -> 
  custom:AudioImporter_EditorPlatform: 3918e3fc78b5a79bad01e8451be0beb8 -> 
  custom:framework-osx-AVFoundation: e770b220cccbd017edd2c1fefb359320 -> 
  custom:video-encoder-webm-vp8: eb34c28f22e8b96e1ab97ce403110664 -> 
  custom:audio-decoder-ogg-vorbis: bf7c407c2cedff20999df2af8eb42d56 -> 
  custom:scripting/monoscript/fileName/Exit Game.cs: 9f3cc85f4d80e3eecbb57ffd1eba67c5 -> 
  custom:scripting/monoscript/fileName/LoginManager.cs: 3cc846c0f24614c9b07317b57418305e -> 
  custom:audio-encoder-webm-vorbis: bf7c407c2cedff20999df2af8eb42d56 -> 
  custom:scripting/precompiled-assembly-types:Assembly-CSharp: e9c2f52279a86e76ceb5400c7b0f48ce -> 975431d59eab3a43bafba41244e6b097
========================================================================
Received Prepare
Caller must complete domain reload
 #0 GetStacktrace(int)
 #1 DebugStringToFile(DebugStringToFileData const&)
 #2 AssertImplementation(int, char const*, int, int, char const*)
 #3 Internal_ADB_WorkerOnly_DomainReload(AssemblyLoadReason)
 #4 WorkerDomainReloadV2()
 #5 AssetImportWorkerClient::ReloadMonoDomain(AssetResolver&)
 #6 invocation function for block in AssetImportWorkerClient::HandleMessage(PrepareMessage const&)::$_4::operator()() const
 #7 _dispatch_client_callout
 #8 _dispatch_async_and_wait_invoke
 #9 _dispatch_client_callout
 #10 _dispatch_main_queue_drain
 #11 _dispatch_main_queue_callback_4CF
 #12 __CFRUNLOOP_IS_SERVICING_THE_MAIN_DISPATCH_QUEUE__
 #13 __CFRunLoopRun
 #14 CFRunLoopRunSpecific
 #15 RunCurrentEventLoopInMode
 #16 ReceiveNextEventCommon
 #17 _BlockUntilNextEventMatchingListInModeWithFilter
 #18 _DPSNextEvent
 #19 -[NSApplication(NSEvent) _nextEventMatchingEventMask:untilDate:inMode:dequeue:]
 #20 -[NSApplication run]
 #21 NSApplicationMain
 #22 EditorMain(int, char const**)
 #23 main
 #24 start

Begin MonoManager ReloadAssembly
- Loaded All Assemblies, in  0.648 seconds
Native extension for WindowsStandalone target not found
Native extension for iOS target not found
Native extension for Android target not found
Native extension for OSXStandalone target not found
Mono: successfully reloaded assembly
[Package Manager] Server::EnsureServerProcessIsRunning -- launch failed, reason: Unity was launched with the -noUpm command-line argument
[Package Manager] UpmClient::Send -- Unable to send message (not connected to UPM process).
[Package Manager] Cannot connect to Unity Package Manager local server
- Finished resetting the current domain, in  1.931 seconds
Domain Reload Profiling: 2579ms
	BeginReloadAssembly (204ms)
		ExecutionOrderSort (0ms)
		DisableScriptedObjects (15ms)
		BackupInstance (0ms)
		ReleaseScriptingObjects (0ms)
		CreateAndSetChildDomain (71ms)
	RebuildCommonClasses (49ms)
	RebuildNativeTypeToScriptingClass (17ms)
	initialDomainReloadingComplete (35ms)
	LoadAllAssembliesAndSetupDomain (342ms)
		LoadAssemblies (401ms)
		RebuildTransferFunctionScriptingTraits (0ms)
		AnalyzeDomain (24ms)
			TypeCache.Refresh (8ms)
				TypeCache.ScanAssembly (0ms)
			ScanForSourceGeneratedMonoScriptInfo (0ms)
			ResolveRequiredComponents (11ms)
	FinalizeReload (1932ms)
		ReleaseScriptCaches (0ms)
		RebuildScriptCaches (0ms)
		SetupLoadedEditorAssemblies (615ms)
			LogAssemblyErrors (0ms)
			InitializePlatformSupportModulesInManaged (47ms)
			SetLoadedEditorAssemblies (6ms)
			RefreshPlugins (0ms)
			BeforeProcessingInitializeOnLoad (92ms)
			ProcessInitializeOnLoadAttributes (402ms)
			ProcessInitializeOnLoadMethodAttributes (65ms)
			AfterProcessingInitializeOnLoad (2ms)
			EditorAssembliesLoaded (0ms)
		ExecutionOrderSort2 (0ms)
		AwakeInstancesAfterBackupRestoration (18ms)
Refreshing native plugins compatible for Editor in 4.89 ms, found 3 plugins.
Preloading 0 native plugins for Editor in 0.00 ms.
Unloading 4324 Unused Serialized files (Serialized files now loaded: 0)
Unloading 19 unused Assets / (31.4 KB). Loaded Objects now: 5189.
Memory consumption went from 0.55 GB to 0.55 GB.
Total: 6.086653 ms (FindLiveObjects: 0.480860 ms CreateObjectMapping: 0.462390 ms MarkObjects: 5.084485 ms  DeleteObjects: 0.057836 ms)

Prepare: number of updated asset objects reloaded= 0
AssetImportParameters requested are different than current active one (requested -> active):
  custom:container-demuxer-ogg: 62fdf1f143b41e24485cea50d1cbac27 -> 
  custom:scripting/monoscript/fileName/Rumble Toggle.cs: 9255d141ced706a64b082180f4b6a5c6 -> 
  custom:video-decoder-ogg-theora: a1e56fd34408186e4bbccfd4996cb3dc -> 
  custom:CustomObjectIndexerAttribute: 9a22284fe3817be447336de3de66b15e -> 
  custom:container-demuxer-webm: 4f35f7cbe854078d1ac9338744f61a02 -> 
  custom:container-muxer-webm: aa71ff27fc2769a1b78a27578f13a17b -> 
  custom:scripting/monoscript/fileName/RegisterManager.cs: c6fba922704cd91ef405ae7a4408da96 -> 
  custom:video-decoder-webm-vp8: 9c59270c3fd7afecdb556c50c9e8de78 -> 
  custom:SearchIndexIgnoredProperties: e643bd26f0fe6173181afceb89e7c659 -> 
  custom:AudioImporter_EditorPlatform: 3918e3fc78b5a79bad01e8451be0beb8 -> 
  custom:framework-osx-AVFoundation: e770b220cccbd017edd2c1fefb359320 -> 
  custom:video-encoder-webm-vp8: eb34c28f22e8b96e1ab97ce403110664 -> 
  custom:audio-decoder-ogg-vorbis: bf7c407c2cedff20999df2af8eb42d56 -> 
  custom:scripting/monoscript/fileName/Exit Game.cs: 9f3cc85f4d80e3eecbb57ffd1eba67c5 -> 
  custom:scripting/monoscript/fileName/LoginManager.cs: 3cc846c0f24614c9b07317b57418305e -> 
  custom:audio-encoder-webm-vorbis: bf7c407c2cedff20999df2af8eb42d56 -> 
  custom:scripting/precompiled-assembly-types:Assembly-CSharp: e9c2f52279a86e76ceb5400c7b0f48ce -> 975431d59eab3a43bafba41244e6b097
========================================================================
Received Prepare
Caller must complete domain reload
 #0 GetStacktrace(int)
 #1 DebugStringToFile(DebugStringToFileData const&)
 #2 AssertImplementation(int, char const*, int, int, char const*)
 #3 Internal_ADB_WorkerOnly_DomainReload(AssemblyLoadReason)
 #4 WorkerDomainReloadV2()
 #5 AssetImportWorkerClient::ReloadMonoDomain(AssetResolver&)
 #6 invocation function for block in AssetImportWorkerClient::HandleMessage(PrepareMessage const&)::$_4::operator()() const
 #7 _dispatch_client_callout
 #8 _dispatch_async_and_wait_invoke
 #9 _dispatch_client_callout
 #10 _dispatch_main_queue_drain
 #11 _dispatch_main_queue_callback_4CF
 #12 __CFRUNLOOP_IS_SERVICING_THE_MAIN_DISPATCH_QUEUE__
 #13 __CFRunLoopRun
 #14 CFRunLoopRunSpecific
 #15 RunCurrentEventLoopInMode
 #16 ReceiveNextEventCommon
 #17 _BlockUntilNextEventMatchingListInModeWithFilter
 #18 _DPSNextEvent
 #19 -[NSApplication(NSEvent) _nextEventMatchingEventMask:untilDate:inMode:dequeue:]
 #20 -[NSApplication run]
 #21 NSApplicationMain
 #22 EditorMain(int, char const**)
 #23 main
 #24 start

Begin MonoManager ReloadAssembly
- Loaded All Assemblies, in  0.626 seconds
Native extension for WindowsStandalone target not found
Native extension for iOS target not found
Native extension for Android target not found
Native extension for OSXStandalone target not found
Mono: successfully reloaded assembly
[Package Manager] Server::EnsureServerProcessIsRunning -- launch failed, reason: Unity was launched with the -noUpm command-line argument
[Package Manager] UpmClient::Send -- Unable to send message (not connected to UPM process).
[Package Manager] Cannot connect to Unity Package Manager local server
- Finished resetting the current domain, in  1.162 seconds
Domain Reload Profiling: 1788ms
	BeginReloadAssembly (216ms)
		ExecutionOrderSort (0ms)
		DisableScriptedObjects (17ms)
		BackupInstance (0ms)
		ReleaseScriptingObjects (0ms)
		CreateAndSetChildDomain (76ms)
	RebuildCommonClasses (49ms)
	RebuildNativeTypeToScriptingClass (16ms)
	initialDomainReloadingComplete (32ms)
	LoadAllAssembliesAndSetupDomain (312ms)
		LoadAssemblies (373ms)
		RebuildTransferFunctionScriptingTraits (0ms)
		AnalyzeDomain (27ms)
			TypeCache.Refresh (9ms)
				TypeCache.ScanAssembly (0ms)
			ScanForSourceGeneratedMonoScriptInfo (0ms)
			ResolveRequiredComponents (10ms)
	FinalizeReload (1163ms)
		ReleaseScriptCaches (0ms)
		RebuildScriptCaches (0ms)
		SetupLoadedEditorAssemblies (621ms)
			LogAssemblyErrors (0ms)
			InitializePlatformSupportModulesInManaged (46ms)
			SetLoadedEditorAssemblies (6ms)
			RefreshPlugins (0ms)
			BeforeProcessingInitializeOnLoad (87ms)
			ProcessInitializeOnLoadAttributes (429ms)
			ProcessInitializeOnLoadMethodAttributes (50ms)
			AfterProcessingInitializeOnLoad (2ms)
			EditorAssembliesLoaded (0ms)
		ExecutionOrderSort2 (0ms)
		AwakeInstancesAfterBackupRestoration (14ms)
Refreshing native plugins compatible for Editor in 3.15 ms, found 3 plugins.
Preloading 0 native plugins for Editor in 0.00 ms.
Unloading 4324 Unused Serialized files (Serialized files now loaded: 0)
Unloading 19 unused Assets / (31.3 KB). Loaded Objects now: 5193.
Memory consumption went from 0.56 GB to 0.56 GB.
Total: 7.553334 ms (FindLiveObjects: 0.411845 ms CreateObjectMapping: 0.345226 ms MarkObjects: 6.722999 ms  DeleteObjects: 0.071934 ms)

Prepare: number of updated asset objects reloaded= 0
AssetImportParameters requested are different than current active one (requested -> active):
  custom:container-demuxer-ogg: 62fdf1f143b41e24485cea50d1cbac27 -> 
  custom:scripting/monoscript/fileName/Rumble Toggle.cs: 9255d141ced706a64b082180f4b6a5c6 -> 
  custom:video-decoder-ogg-theora: a1e56fd34408186e4bbccfd4996cb3dc -> 
  custom:CustomObjectIndexerAttribute: 9a22284fe3817be447336de3de66b15e -> 
  custom:container-demuxer-webm: 4f35f7cbe854078d1ac9338744f61a02 -> 
  custom:container-muxer-webm: aa71ff27fc2769a1b78a27578f13a17b -> 
  custom:scripting/monoscript/fileName/RegisterManager.cs: c6fba922704cd91ef405ae7a4408da96 -> 
  custom:video-decoder-webm-vp8: 9c59270c3fd7afecdb556c50c9e8de78 -> 
  custom:SearchIndexIgnoredProperties: e643bd26f0fe6173181afceb89e7c659 -> 
  custom:AudioImporter_EditorPlatform: 3918e3fc78b5a79bad01e8451be0beb8 -> 
  custom:framework-osx-AVFoundation: e770b220cccbd017edd2c1fefb359320 -> 
  custom:video-encoder-webm-vp8: eb34c28f22e8b96e1ab97ce403110664 -> 
  custom:audio-decoder-ogg-vorbis: bf7c407c2cedff20999df2af8eb42d56 -> 
  custom:scripting/monoscript/fileName/Exit Game.cs: 9f3cc85f4d80e3eecbb57ffd1eba67c5 -> 
  custom:scripting/monoscript/fileName/LoginManager.cs: 3cc846c0f24614c9b07317b57418305e -> 
  custom:audio-encoder-webm-vorbis: bf7c407c2cedff20999df2af8eb42d56 -> 
  custom:scripting/precompiled-assembly-types:Assembly-CSharp: e9c2f52279a86e76ceb5400c7b0f48ce -> 975431d59eab3a43bafba41244e6b097
========================================================================
Received Import Request.
  Time since last request: 224.625797 seconds.
  path: Assets/Scenes/Menu/Login.unity
  artifactKey: Guid(7c7646d192cd24b2ab86c8c703ada5da) Importer(815301076,1909f56bfc062723c751e8b465ee728b)
Start importing Assets/Scenes/Menu/Login.unity using Guid(7c7646d192cd24b2ab86c8c703ada5da) Importer(815301076,1909f56bfc062723c751e8b465ee728b) [PhysX] Initialized MultithreadedTaskDispatcher with 8 workers.
 -> (artifact id: '80c5f292c2fcf016596aa8b1d38ff668') in 0.002437 seconds
Number of updated asset objects reloaded before import = 0
Number of asset objects unloaded after import = 0
========================================================================
Received Prepare
Caller must complete domain reload
 #0 GetStacktrace(int)
 #1 DebugStringToFile(DebugStringToFileData const&)
 #2 AssertImplementation(int, char const*, int, int, char const*)
 #3 Internal_ADB_WorkerOnly_DomainReload(AssemblyLoadReason)
 #4 WorkerDomainReloadV2()
 #5 AssetImportWorkerClient::ReloadMonoDomain(AssetResolver&)
 #6 invocation function for block in AssetImportWorkerClient::HandleMessage(PrepareMessage const&)::$_4::operator()() const
 #7 _dispatch_client_callout
 #8 _dispatch_async_and_wait_invoke
 #9 _dispatch_client_callout
 #10 _dispatch_main_queue_drain
 #11 _dispatch_main_queue_callback_4CF
 #12 __CFRUNLOOP_IS_SERVICING_THE_MAIN_DISPATCH_QUEUE__
 #13 __CFRunLoopRun
 #14 CFRunLoopRunSpecific
 #15 RunCurrentEventLoopInMode
 #16 ReceiveNextEventCommon
 #17 _BlockUntilNextEventMatchingListInModeWithFilter
 #18 _DPSNextEvent
 #19 -[NSApplication(NSEvent) _nextEventMatchingEventMask:untilDate:inMode:dequeue:]
 #20 -[NSApplication run]
 #21 NSApplicationMain
 #22 EditorMain(int, char const**)
 #23 main
 #24 start

Begin MonoManager ReloadAssembly
- Loaded All Assemblies, in  0.707 seconds
Native extension for WindowsStandalone target not found
Native extension for iOS target not found
Native extension for Android target not found
Native extension for OSXStandalone target not found
Mono: successfully reloaded assembly
[Package Manager] Server::EnsureServerProcessIsRunning -- launch failed, reason: Unity was launched with the -noUpm command-line argument
[Package Manager] UpmClient::Send -- Unable to send message (not connected to UPM process).
[Package Manager] Cannot connect to Unity Package Manager local server
- Finished resetting the current domain, in  1.932 seconds
Domain Reload Profiling: 2639ms
	BeginReloadAssembly (230ms)
		ExecutionOrderSort (0ms)
		DisableScriptedObjects (17ms)
		BackupInstance (0ms)
		ReleaseScriptingObjects (0ms)
		CreateAndSetChildDomain (81ms)
	RebuildCommonClasses (54ms)
	RebuildNativeTypeToScriptingClass (17ms)
	initialDomainReloadingComplete (36ms)
	LoadAllAssembliesAndSetupDomain (368ms)
		LoadAssemblies (439ms)
		RebuildTransferFunctionScriptingTraits (0ms)
		AnalyzeDomain (25ms)
			TypeCache.Refresh (9ms)
				TypeCache.ScanAssembly (0ms)
			ScanForSourceGeneratedMonoScriptInfo (0ms)
			ResolveRequiredComponents (12ms)
	FinalizeReload (1933ms)
		ReleaseScriptCaches (0ms)
		RebuildScriptCaches (0ms)
		SetupLoadedEditorAssemblies (605ms)
			LogAssemblyErrors (0ms)
			InitializePlatformSupportModulesInManaged (45ms)
			SetLoadedEditorAssemblies (6ms)
			RefreshPlugins (0ms)
			BeforeProcessingInitializeOnLoad (94ms)
			ProcessInitializeOnLoadAttributes (401ms)
			ProcessInitializeOnLoadMethodAttributes (57ms)
			AfterProcessingInitializeOnLoad (3ms)
			EditorAssembliesLoaded (1ms)
		ExecutionOrderSort2 (0ms)
		AwakeInstancesAfterBackupRestoration (19ms)
Refreshing native plugins compatible for Editor in 4.56 ms, found 3 plugins.
Preloading 0 native plugins for Editor in 0.00 ms.
Unloading 4323 Unused Serialized files (Serialized files now loaded: 0)
Unloading 19 unused Assets / (31.3 KB). Loaded Objects now: 5197.
Memory consumption went from 0.56 GB to 0.56 GB.
Total: 6.198171 ms (FindLiveObjects: 0.511576 ms CreateObjectMapping: 0.447656 ms MarkObjects: 5.159755 ms  DeleteObjects: 0.076732 ms)

Prepare: number of updated asset objects reloaded= 0
AssetImportParameters requested are different than current active one (requested -> active):
  custom:container-demuxer-ogg: 62fdf1f143b41e24485cea50d1cbac27 -> 
  custom:scripting/monoscript/fileName/Rumble Toggle.cs: 9255d141ced706a64b082180f4b6a5c6 -> 
  custom:video-decoder-ogg-theora: a1e56fd34408186e4bbccfd4996cb3dc -> 
  custom:CustomObjectIndexerAttribute: 9a22284fe3817be447336de3de66b15e -> 
  custom:container-demuxer-webm: 4f35f7cbe854078d1ac9338744f61a02 -> 
  custom:container-muxer-webm: aa71ff27fc2769a1b78a27578f13a17b -> 
  custom:scripting/monoscript/fileName/RegisterManager.cs: c6fba922704cd91ef405ae7a4408da96 -> 
  custom:video-decoder-webm-vp8: 9c59270c3fd7afecdb556c50c9e8de78 -> 
  custom:SearchIndexIgnoredProperties: e643bd26f0fe6173181afceb89e7c659 -> 
  custom:AudioImporter_EditorPlatform: 3918e3fc78b5a79bad01e8451be0beb8 -> 
  custom:framework-osx-AVFoundation: e770b220cccbd017edd2c1fefb359320 -> 
  custom:video-encoder-webm-vp8: eb34c28f22e8b96e1ab97ce403110664 -> 
  custom:audio-decoder-ogg-vorbis: bf7c407c2cedff20999df2af8eb42d56 -> 
  custom:scripting/monoscript/fileName/Exit Game.cs: 9f3cc85f4d80e3eecbb57ffd1eba67c5 -> 
  custom:scripting/monoscript/fileName/LoginManager.cs: 3cc846c0f24614c9b07317b57418305e -> 
  custom:audio-encoder-webm-vorbis: bf7c407c2cedff20999df2af8eb42d56 -> 
  custom:scripting/precompiled-assembly-types:Assembly-CSharp: e9c2f52279a86e76ceb5400c7b0f48ce -> 975431d59eab3a43bafba41244e6b097
========================================================================
Received Import Request.
  Time since last request: 425.432838 seconds.
  path: Assets/Scenes/Menu/Signup.unity
  artifactKey: Guid(48d6e3008fde348a7b6df4684180add7) Importer(815301076,1909f56bfc062723c751e8b465ee728b)
Start importing Assets/Scenes/Menu/Signup.unity using Guid(48d6e3008fde348a7b6df4684180add7) Importer(815301076,1909f56bfc062723c751e8b465ee728b) [PhysX] Initialized MultithreadedTaskDispatcher with 8 workers.
 -> (artifact id: 'ca3b4cb1edb64cc77240a34b3bc65cbe') in 0.002317 seconds
Number of updated asset objects reloaded before import = 0
Number of asset objects unloaded after import = 0
========================================================================
Received Prepare
Caller must complete domain reload
 #0 GetStacktrace(int)
 #1 DebugStringToFile(DebugStringToFileData const&)
 #2 AssertImplementation(int, char const*, int, int, char const*)
 #3 Internal_ADB_WorkerOnly_DomainReload(AssemblyLoadReason)
 #4 WorkerDomainReloadV2()
 #5 AssetImportWorkerClient::ReloadMonoDomain(AssetResolver&)
 #6 invocation function for block in AssetImportWorkerClient::HandleMessage(PrepareMessage const&)::$_4::operator()() const
 #7 _dispatch_client_callout
 #8 _dispatch_async_and_wait_invoke
 #9 _dispatch_client_callout
 #10 _dispatch_main_queue_drain
 #11 _dispatch_main_queue_callback_4CF
 #12 __CFRUNLOOP_IS_SERVICING_THE_MAIN_DISPATCH_QUEUE__
 #13 __CFRunLoopRun
 #14 CFRunLoopRunSpecific
 #15 RunCurrentEventLoopInMode
 #16 ReceiveNextEventCommon
 #17 _BlockUntilNextEventMatchingListInModeWithFilter
 #18 _DPSNextEvent
 #19 -[NSApplication(NSEvent) _nextEventMatchingEventMask:untilDate:inMode:dequeue:]
 #20 -[NSApplication run]
 #21 NSApplicationMain
 #22 EditorMain(int, char const**)
 #23 main
 #24 start

Begin MonoManager ReloadAssembly
- Loaded All Assemblies, in  0.634 seconds
Native extension for WindowsStandalone target not found
Native extension for iOS target not found
Native extension for Android target not found
Native extension for OSXStandalone target not found
Mono: successfully reloaded assembly
[Package Manager] Server::EnsureServerProcessIsRunning -- launch failed, reason: Unity was launched with the -noUpm command-line argument
[Package Manager] UpmClient::Send -- Unable to send message (not connected to UPM process).
[Package Manager] Cannot connect to Unity Package Manager local server
- Finished resetting the current domain, in  1.964 seconds
Domain Reload Profiling: 2597ms
	BeginReloadAssembly (200ms)
		ExecutionOrderSort (0ms)
		DisableScriptedObjects (15ms)
		BackupInstance (0ms)
		ReleaseScriptingObjects (0ms)
		CreateAndSetChildDomain (69ms)
	RebuildCommonClasses (51ms)
	RebuildNativeTypeToScriptingClass (16ms)
	initialDomainReloadingComplete (33ms)
	LoadAllAssembliesAndSetupDomain (333ms)
		LoadAssemblies (393ms)
		RebuildTransferFunctionScriptingTraits (0ms)
		AnalyzeDomain (22ms)
			TypeCache.Refresh (8ms)
				TypeCache.ScanAssembly (0ms)
			ScanForSourceGeneratedMonoScriptInfo (0ms)
			ResolveRequiredComponents (10ms)
	FinalizeReload (1964ms)
		ReleaseScriptCaches (0ms)
		RebuildScriptCaches (0ms)
		SetupLoadedEditorAssemblies (678ms)
			LogAssemblyErrors (0ms)
			InitializePlatformSupportModulesInManaged (43ms)
			SetLoadedEditorAssemblies (7ms)
			RefreshPlugins (0ms)
			BeforeProcessingInitializeOnLoad (102ms)
			ProcessInitializeOnLoadAttributes (476ms)
			ProcessInitializeOnLoadMethodAttributes (48ms)
			AfterProcessingInitializeOnLoad (2ms)
			EditorAssembliesLoaded (0ms)
		ExecutionOrderSort2 (0ms)
		AwakeInstancesAfterBackupRestoration (13ms)
Refreshing native plugins compatible for Editor in 4.52 ms, found 3 plugins.
Preloading 0 native plugins for Editor in 0.00 ms.
Unloading 4323 Unused Serialized files (Serialized files now loaded: 0)
Unloading 19 unused Assets / (31.4 KB). Loaded Objects now: 5201.
Memory consumption went from 0.57 GB to 0.57 GB.
Total: 6.863842 ms (FindLiveObjects: 0.629095 ms CreateObjectMapping: 0.638311 ms MarkObjects: 5.441096 ms  DeleteObjects: 0.153652 ms)

Prepare: number of updated asset objects reloaded= 0
AssetImportParameters requested are different than current active one (requested -> active):
  custom:container-demuxer-ogg: 62fdf1f143b41e24485cea50d1cbac27 -> 
  custom:scripting/monoscript/fileName/Rumble Toggle.cs: 9255d141ced706a64b082180f4b6a5c6 -> 
  custom:video-decoder-ogg-theora: a1e56fd34408186e4bbccfd4996cb3dc -> 
  custom:CustomObjectIndexerAttribute: 9a22284fe3817be447336de3de66b15e -> 
  custom:container-demuxer-webm: 4f35f7cbe854078d1ac9338744f61a02 -> 
  custom:container-muxer-webm: aa71ff27fc2769a1b78a27578f13a17b -> 
  custom:scripting/monoscript/fileName/RegisterManager.cs: c6fba922704cd91ef405ae7a4408da96 -> 
  custom:video-decoder-webm-vp8: 9c59270c3fd7afecdb556c50c9e8de78 -> 
  custom:SearchIndexIgnoredProperties: e643bd26f0fe6173181afceb89e7c659 -> 
  custom:AudioImporter_EditorPlatform: 3918e3fc78b5a79bad01e8451be0beb8 -> 
  custom:framework-osx-AVFoundation: e770b220cccbd017edd2c1fefb359320 -> 
  custom:video-encoder-webm-vp8: eb34c28f22e8b96e1ab97ce403110664 -> 
  custom:audio-decoder-ogg-vorbis: bf7c407c2cedff20999df2af8eb42d56 -> 
  custom:scripting/monoscript/fileName/Exit Game.cs: 9f3cc85f4d80e3eecbb57ffd1eba67c5 -> 
  custom:scripting/monoscript/fileName/LoginManager.cs: 3cc846c0f24614c9b07317b57418305e -> 
  custom:audio-encoder-webm-vorbis: bf7c407c2cedff20999df2af8eb42d56 -> 
  custom:scripting/precompiled-assembly-types:Assembly-CSharp: e9c2f52279a86e76ceb5400c7b0f48ce -> 975431d59eab3a43bafba41244e6b097
========================================================================
Received Import Request.
  Time since last request: 196.104271 seconds.
  path: Assets/Scripts/Backend/RegisterManager.cs
  artifactKey: Guid(8d3fea785672f4f00817c53eaa228f76) Importer(815301076,1909f56bfc062723c751e8b465ee728b)
Start importing Assets/Scripts/Backend/RegisterManager.cs using Guid(8d3fea785672f4f00817c53eaa228f76) Importer(815301076,1909f56bfc062723c751e8b465ee728b) [PhysX] Initialized MultithreadedTaskDispatcher with 8 workers.
 -> (artifact id: '3aaece96110aba4747457d94b395040a') in 0.002390 seconds
Number of updated asset objects reloaded before import = 0
Number of asset objects unloaded after import = 0
========================================================================
Received Prepare
Caller must complete domain reload
 #0 GetStacktrace(int)
 #1 DebugStringToFile(DebugStringToFileData const&)
 #2 AssertImplementation(int, char const*, int, int, char const*)
 #3 Internal_ADB_WorkerOnly_DomainReload(AssemblyLoadReason)
 #4 WorkerDomainReloadV2()
 #5 AssetImportWorkerClient::ReloadMonoDomain(AssetResolver&)
 #6 invocation function for block in AssetImportWorkerClient::HandleMessage(PrepareMessage const&)::$_4::operator()() const
 #7 _dispatch_client_callout
 #8 _dispatch_async_and_wait_invoke
 #9 _dispatch_client_callout
 #10 _dispatch_main_queue_drain
 #11 _dispatch_main_queue_callback_4CF
 #12 __CFRUNLOOP_IS_SERVICING_THE_MAIN_DISPATCH_QUEUE__
 #13 __CFRunLoopRun
 #14 CFRunLoopRunSpecific
 #15 RunCurrentEventLoopInMode
 #16 ReceiveNextEventCommon
 #17 _BlockUntilNextEventMatchingListInModeWithFilter
 #18 _DPSNextEvent
 #19 -[NSApplication(NSEvent) _nextEventMatchingEventMask:untilDate:inMode:dequeue:]
 #20 -[NSApplication run]
 #21 NSApplicationMain
 #22 EditorMain(int, char const**)
 #23 main
 #24 start

Begin MonoManager ReloadAssembly
- Loaded All Assemblies, in  0.721 seconds
Native extension for WindowsStandalone target not found
Native extension for iOS target not found
Native extension for Android target not found
Native extension for OSXStandalone target not found
Mono: successfully reloaded assembly
[Package Manager] Server::EnsureServerProcessIsRunning -- launch failed, reason: Unity was launched with the -noUpm command-line argument
[Package Manager] UpmClient::Send -- Unable to send message (not connected to UPM process).
[Package Manager] Cannot connect to Unity Package Manager local server
- Finished resetting the current domain, in  2.087 seconds
Domain Reload Profiling: 2808ms
	BeginReloadAssembly (223ms)
		ExecutionOrderSort (0ms)
		DisableScriptedObjects (16ms)
		BackupInstance (0ms)
		ReleaseScriptingObjects (0ms)
		CreateAndSetChildDomain (77ms)
	RebuildCommonClasses (50ms)
	RebuildNativeTypeToScriptingClass (17ms)
	initialDomainReloadingComplete (35ms)
	LoadAllAssembliesAndSetupDomain (395ms)
		LoadAssemblies (439ms)
		RebuildTransferFunctionScriptingTraits (0ms)
		AnalyzeDomain (51ms)
			TypeCache.Refresh (19ms)
				TypeCache.ScanAssembly (3ms)
			ScanForSourceGeneratedMonoScriptInfo (19ms)
			ResolveRequiredComponents (10ms)
	FinalizeReload (2087ms)
		ReleaseScriptCaches (0ms)
		RebuildScriptCaches (0ms)
		SetupLoadedEditorAssemblies (787ms)
			LogAssemblyErrors (0ms)
			InitializePlatformSupportModulesInManaged (47ms)
			SetLoadedEditorAssemblies (7ms)
			RefreshPlugins (0ms)
			BeforeProcessingInitializeOnLoad (113ms)
			ProcessInitializeOnLoadAttributes (554ms)
			ProcessInitializeOnLoadMethodAttributes (63ms)
			AfterProcessingInitializeOnLoad (2ms)
			EditorAssembliesLoaded (1ms)
		ExecutionOrderSort2 (0ms)
		AwakeInstancesAfterBackupRestoration (17ms)
Refreshing native plugins compatible for Editor in 4.49 ms, found 3 plugins.
Preloading 0 native plugins for Editor in 0.00 ms.
Unloading 4323 Unused Serialized files (Serialized files now loaded: 0)
Unloading 19 unused Assets / (31.4 KB). Loaded Objects now: 5205.
Memory consumption went from 0.57 GB to 0.57 GB.
Total: 5.590662 ms (FindLiveObjects: 0.550107 ms CreateObjectMapping: 0.439460 ms MarkObjects: 4.533934 ms  DeleteObjects: 0.066031 ms)

Prepare: number of updated asset objects reloaded= 0
AssetImportParameters requested are different than current active one (requested -> active):
  custom:container-demuxer-ogg: 62fdf1f143b41e24485cea50d1cbac27 -> 
  custom:scripting/monoscript/fileName/Rumble Toggle.cs: 9255d141ced706a64b082180f4b6a5c6 -> 
  custom:video-decoder-ogg-theora: a1e56fd34408186e4bbccfd4996cb3dc -> 
  custom:CustomObjectIndexerAttribute: 9a22284fe3817be447336de3de66b15e -> 
  custom:container-demuxer-webm: 4f35f7cbe854078d1ac9338744f61a02 -> 
  custom:container-muxer-webm: aa71ff27fc2769a1b78a27578f13a17b -> 
  custom:scripting/monoscript/fileName/RegisterManager.cs: c6fba922704cd91ef405ae7a4408da96 -> 
  custom:video-decoder-webm-vp8: 9c59270c3fd7afecdb556c50c9e8de78 -> 
  custom:SearchIndexIgnoredProperties: e643bd26f0fe6173181afceb89e7c659 -> 
  custom:AudioImporter_EditorPlatform: 3918e3fc78b5a79bad01e8451be0beb8 -> 
  custom:framework-osx-AVFoundation: e770b220cccbd017edd2c1fefb359320 -> 
  custom:video-encoder-webm-vp8: eb34c28f22e8b96e1ab97ce403110664 -> 
  custom:audio-decoder-ogg-vorbis: bf7c407c2cedff20999df2af8eb42d56 -> 
  custom:scripting/monoscript/fileName/Exit Game.cs: 9f3cc85f4d80e3eecbb57ffd1eba67c5 -> 
  custom:scripting/monoscript/fileName/LoginManager.cs: 3cc846c0f24614c9b07317b57418305e -> 
  custom:audio-encoder-webm-vorbis: bf7c407c2cedff20999df2af8eb42d56 -> 
  custom:scripting/precompiled-assembly-types:Assembly-CSharp: e9c2f52279a86e76ceb5400c7b0f48ce -> 975431d59eab3a43bafba41244e6b097
========================================================================
Received Prepare
Caller must complete domain reload
 #0 GetStacktrace(int)
 #1 DebugStringToFile(DebugStringToFileData const&)
 #2 AssertImplementation(int, char const*, int, int, char const*)
 #3 Internal_ADB_WorkerOnly_DomainReload(AssemblyLoadReason)
 #4 WorkerDomainReloadV2()
 #5 AssetImportWorkerClient::ReloadMonoDomain(AssetResolver&)
 #6 invocation function for block in AssetImportWorkerClient::HandleMessage(PrepareMessage const&)::$_4::operator()() const
 #7 _dispatch_client_callout
 #8 _dispatch_async_and_wait_invoke
 #9 _dispatch_client_callout
 #10 _dispatch_main_queue_drain
 #11 _dispatch_main_queue_callback_4CF
 #12 __CFRUNLOOP_IS_SERVICING_THE_MAIN_DISPATCH_QUEUE__
 #13 __CFRunLoopRun
 #14 CFRunLoopRunSpecific
 #15 RunCurrentEventLoopInMode
 #16 ReceiveNextEventCommon
 #17 _BlockUntilNextEventMatchingListInModeWithFilter
 #18 _DPSNextEvent
 #19 -[NSApplication(NSEvent) _nextEventMatchingEventMask:untilDate:inMode:dequeue:]
 #20 -[NSApplication run]
 #21 NSApplicationMain
 #22 EditorMain(int, char const**)
 #23 main
 #24 start

Begin MonoManager ReloadAssembly
- Loaded All Assemblies, in  0.606 seconds
Native extension for WindowsStandalone target not found
Native extension for iOS target not found
Native extension for Android target not found
Native extension for OSXStandalone target not found
Mono: successfully reloaded assembly
[Package Manager] Server::EnsureServerProcessIsRunning -- launch failed, reason: Unity was launched with the -noUpm command-line argument
[Package Manager] UpmClient::Send -- Unable to send message (not connected to UPM process).
[Package Manager] Cannot connect to Unity Package Manager local server
- Finished resetting the current domain, in  1.123 seconds
Domain Reload Profiling: 1729ms
	BeginReloadAssembly (201ms)
		ExecutionOrderSort (0ms)
		DisableScriptedObjects (15ms)
		BackupInstance (0ms)
		ReleaseScriptingObjects (0ms)
		CreateAndSetChildDomain (70ms)
	RebuildCommonClasses (49ms)
	RebuildNativeTypeToScriptingClass (16ms)
	initialDomainReloadingComplete (32ms)
	LoadAllAssembliesAndSetupDomain (306ms)
		LoadAssemblies (365ms)
		RebuildTransferFunctionScriptingTraits (0ms)
		AnalyzeDomain (24ms)
			TypeCache.Refresh (8ms)
				TypeCache.ScanAssembly (0ms)
			ScanForSourceGeneratedMonoScriptInfo (0ms)
			ResolveRequiredComponents (10ms)
	FinalizeReload (1124ms)
		ReleaseScriptCaches (0ms)
		RebuildScriptCaches (0ms)
		SetupLoadedEditorAssemblies (580ms)
			LogAssemblyErrors (0ms)
			InitializePlatformSupportModulesInManaged (39ms)
			SetLoadedEditorAssemblies (6ms)
			RefreshPlugins (0ms)
			BeforeProcessingInitializeOnLoad (85ms)
			ProcessInitializeOnLoadAttributes (400ms)
			ProcessInitializeOnLoadMethodAttributes (49ms)
			AfterProcessingInitializeOnLoad (2ms)
			EditorAssembliesLoaded (0ms)
		ExecutionOrderSort2 (0ms)
		AwakeInstancesAfterBackupRestoration (14ms)
Refreshing native plugins compatible for Editor in 5.10 ms, found 3 plugins.
Preloading 0 native plugins for Editor in 0.00 ms.
Unloading 4324 Unused Serialized files (Serialized files now loaded: 0)
Unloading 19 unused Assets / (31.4 KB). Loaded Objects now: 5209.
Memory consumption went from 0.58 GB to 0.58 GB.
Total: 6.244045 ms (FindLiveObjects: 0.480988 ms CreateObjectMapping: 0.548837 ms MarkObjects: 5.144426 ms  DeleteObjects: 0.068526 ms)

Prepare: number of updated asset objects reloaded= 0
AssetImportParameters requested are different than current active one (requested -> active):
  custom:container-demuxer-ogg: 62fdf1f143b41e24485cea50d1cbac27 -> 
  custom:scripting/monoscript/fileName/Rumble Toggle.cs: 9255d141ced706a64b082180f4b6a5c6 -> 
  custom:video-decoder-ogg-theora: a1e56fd34408186e4bbccfd4996cb3dc -> 
  custom:CustomObjectIndexerAttribute: 9a22284fe3817be447336de3de66b15e -> 
  custom:container-demuxer-webm: 4f35f7cbe854078d1ac9338744f61a02 -> 
  custom:container-muxer-webm: aa71ff27fc2769a1b78a27578f13a17b -> 
  custom:scripting/monoscript/fileName/RegisterManager.cs: c6fba922704cd91ef405ae7a4408da96 -> 
  custom:video-decoder-webm-vp8: 9c59270c3fd7afecdb556c50c9e8de78 -> 
  custom:SearchIndexIgnoredProperties: e643bd26f0fe6173181afceb89e7c659 -> 
  custom:AudioImporter_EditorPlatform: 3918e3fc78b5a79bad01e8451be0beb8 -> 
  custom:framework-osx-AVFoundation: e770b220cccbd017edd2c1fefb359320 -> 
  custom:video-encoder-webm-vp8: eb34c28f22e8b96e1ab97ce403110664 -> 
  custom:audio-decoder-ogg-vorbis: bf7c407c2cedff20999df2af8eb42d56 -> 
  custom:scripting/monoscript/fileName/Exit Game.cs: 9f3cc85f4d80e3eecbb57ffd1eba67c5 -> 
  custom:scripting/monoscript/fileName/LoginManager.cs: 3cc846c0f24614c9b07317b57418305e -> 
  custom:audio-encoder-webm-vorbis: bf7c407c2cedff20999df2af8eb42d56 -> 
  custom:scripting/precompiled-assembly-types:Assembly-CSharp: e9c2f52279a86e76ceb5400c7b0f48ce -> 975431d59eab3a43bafba41244e6b097
========================================================================
Received Import Request.
  Time since last request: 192.564869 seconds.
  path: Assets/Scenes/Menu/Signup.unity
  artifactKey: Guid(48d6e3008fde348a7b6df4684180add7) Importer(815301076,1909f56bfc062723c751e8b465ee728b)
Start importing Assets/Scenes/Menu/Signup.unity using Guid(48d6e3008fde348a7b6df4684180add7) Importer(815301076,1909f56bfc062723c751e8b465ee728b) [PhysX] Initialized MultithreadedTaskDispatcher with 8 workers.
 -> (artifact id: '6ba985b910dbee68dc928ff2e2287857') in 0.002358 seconds
Number of updated asset objects reloaded before import = 0
Number of asset objects unloaded after import = 0
========================================================================
Received Import Request.
  Time since last request: 3369.017249 seconds.
  path: Assets/Scenes/Menu/Login.unity
  artifactKey: Guid(7c7646d192cd24b2ab86c8c703ada5da) Importer(815301076,1909f56bfc062723c751e8b465ee728b)
Start importing Assets/Scenes/Menu/Login.unity using Guid(7c7646d192cd24b2ab86c8c703ada5da) Importer(815301076,1909f56bfc062723c751e8b465ee728b) [PhysX] Initialized MultithreadedTaskDispatcher with 8 workers.
 -> (artifact id: '5009c6ab31be141b1f2022c3cc4255d0') in 0.001207 seconds
Number of updated asset objects reloaded before import = 0
Number of asset objects unloaded after import = 0
========================================================================
Received Import Request.
  Time since last request: 150.613288 seconds.
  path: Assets/Scripts/Backend/NetworkManager.cs
  artifactKey: Guid(05d486c17aceb4a79a42a8295cee78d1) Importer(815301076,1909f56bfc062723c751e8b465ee728b)
Start importing Assets/Scripts/Backend/NetworkManager.cs using Guid(05d486c17aceb4a79a42a8295cee78d1) Importer(815301076,1909f56bfc062723c751e8b465ee728b) [PhysX] Initialized MultithreadedTaskDispatcher with 8 workers.
 -> (artifact id: '0ea3c2bf42a31071a6de2e78fc7c524e') in 0.000873 seconds
Number of updated asset objects reloaded before import = 0
Number of asset objects unloaded after import = 0
========================================================================
Received Prepare
Caller must complete domain reload
 #0 GetStacktrace(int)
 #1 DebugStringToFile(DebugStringToFileData const&)
 #2 AssertImplementation(int, char const*, int, int, char const*)
 #3 Internal_ADB_WorkerOnly_DomainReload(AssemblyLoadReason)
 #4 WorkerDomainReloadV2()
 #5 AssetImportWorkerClient::ReloadMonoDomain(AssetResolver&)
 #6 invocation function for block in AssetImportWorkerClient::HandleMessage(PrepareMessage const&)::$_4::operator()() const
 #7 _dispatch_client_callout
 #8 _dispatch_async_and_wait_invoke
 #9 _dispatch_client_callout
 #10 _dispatch_main_queue_drain
 #11 _dispatch_main_queue_callback_4CF
 #12 __CFRUNLOOP_IS_SERVICING_THE_MAIN_DISPATCH_QUEUE__
 #13 __CFRunLoopRun
 #14 CFRunLoopRunSpecific
 #15 RunCurrentEventLoopInMode
 #16 ReceiveNextEventCommon
 #17 _BlockUntilNextEventMatchingListInModeWithFilter
 #18 _DPSNextEvent
 #19 -[NSApplication(NSEvent) _nextEventMatchingEventMask:untilDate:inMode:dequeue:]
 #20 -[NSApplication run]
 #21 NSApplicationMain
 #22 EditorMain(int, char const**)
 #23 main
 #24 start

Begin MonoManager ReloadAssembly
- Loaded All Assemblies, in  1.051 seconds
Native extension for WindowsStandalone target not found
Native extension for iOS target not found
Native extension for Android target not found
Native extension for OSXStandalone target not found
Mono: successfully reloaded assembly
[Package Manager] Server::EnsureServerProcessIsRunning -- launch failed, reason: Unity was launched with the -noUpm command-line argument
[Package Manager] UpmClient::Send -- Unable to send message (not connected to UPM process).
[Package Manager] Cannot connect to Unity Package Manager local server
- Finished resetting the current domain, in  2.237 seconds
Domain Reload Profiling: 3290ms
	BeginReloadAssembly (311ms)
		ExecutionOrderSort (0ms)
		DisableScriptedObjects (24ms)
		BackupInstance (0ms)
		ReleaseScriptingObjects (0ms)
		CreateAndSetChildDomain (128ms)
	RebuildCommonClasses (52ms)
	RebuildNativeTypeToScriptingClass (16ms)
	initialDomainReloadingComplete (41ms)
	LoadAllAssembliesAndSetupDomain (632ms)
		LoadAssemblies (688ms)
		RebuildTransferFunctionScriptingTraits (0ms)
		AnalyzeDomain (57ms)
			TypeCache.Refresh (19ms)
				TypeCache.ScanAssembly (0ms)
			ScanForSourceGeneratedMonoScriptInfo (1ms)
			ResolveRequiredComponents (31ms)
	FinalizeReload (2238ms)
		ReleaseScriptCaches (0ms)
		RebuildScriptCaches (0ms)
		SetupLoadedEditorAssemblies (776ms)
			LogAssemblyErrors (0ms)
			InitializePlatformSupportModulesInManaged (68ms)
			SetLoadedEditorAssemblies (9ms)
			RefreshPlugins (0ms)
			BeforeProcessingInitializeOnLoad (114ms)
			ProcessInitializeOnLoadAttributes (516ms)
			ProcessInitializeOnLoadMethodAttributes (66ms)
			AfterProcessingInitializeOnLoad (2ms)
			EditorAssembliesLoaded (1ms)
		ExecutionOrderSort2 (0ms)
		AwakeInstancesAfterBackupRestoration (18ms)
Refreshing native plugins compatible for Editor in 10.41 ms, found 3 plugins.
Preloading 0 native plugins for Editor in 0.00 ms.
Unloading 4323 Unused Serialized files (Serialized files now loaded: 0)
Unloading 19 unused Assets / (31.4 KB). Loaded Objects now: 5213.
Memory consumption went from 0.58 GB to 0.58 GB.
Total: 5.918589 ms (FindLiveObjects: 0.549503 ms CreateObjectMapping: 0.412491 ms MarkObjects: 4.887883 ms  DeleteObjects: 0.067390 ms)

Prepare: number of updated asset objects reloaded= 0
AssetImportParameters requested are different than current active one (requested -> active):
  custom:container-demuxer-ogg: 62fdf1f143b41e24485cea50d1cbac27 -> 
  custom:scripting/monoscript/fileName/Rumble Toggle.cs: 9255d141ced706a64b082180f4b6a5c6 -> 
  custom:video-decoder-ogg-theora: a1e56fd34408186e4bbccfd4996cb3dc -> 
  custom:CustomObjectIndexerAttribute: 9a22284fe3817be447336de3de66b15e -> 
  custom:container-demuxer-webm: 4f35f7cbe854078d1ac9338744f61a02 -> 
  custom:container-muxer-webm: aa71ff27fc2769a1b78a27578f13a17b -> 
  custom:scripting/monoscript/fileName/RegisterManager.cs: c6fba922704cd91ef405ae7a4408da96 -> 
  custom:video-decoder-webm-vp8: 9c59270c3fd7afecdb556c50c9e8de78 -> 
  custom:SearchIndexIgnoredProperties: e643bd26f0fe6173181afceb89e7c659 -> 
  custom:AudioImporter_EditorPlatform: 3918e3fc78b5a79bad01e8451be0beb8 -> 
  custom:framework-osx-AVFoundation: e770b220cccbd017edd2c1fefb359320 -> 
  custom:video-encoder-webm-vp8: eb34c28f22e8b96e1ab97ce403110664 -> 
  custom:audio-decoder-ogg-vorbis: bf7c407c2cedff20999df2af8eb42d56 -> 
  custom:scripting/monoscript/fileName/Exit Game.cs: 9f3cc85f4d80e3eecbb57ffd1eba67c5 -> 
  custom:scripting/monoscript/fileName/LoginManager.cs: 3cc846c0f24614c9b07317b57418305e -> 
  custom:audio-encoder-webm-vorbis: bf7c407c2cedff20999df2af8eb42d56 -> 
  custom:scripting/precompiled-assembly-types:Assembly-CSharp: e9c2f52279a86e76ceb5400c7b0f48ce -> 975431d59eab3a43bafba41244e6b097
========================================================================
Received Prepare
Caller must complete domain reload
 #0 GetStacktrace(int)
 #1 DebugStringToFile(DebugStringToFileData const&)
 #2 AssertImplementation(int, char const*, int, int, char const*)
 #3 Internal_ADB_WorkerOnly_DomainReload(AssemblyLoadReason)
 #4 WorkerDomainReloadV2()
 #5 AssetImportWorkerClient::ReloadMonoDomain(AssetResolver&)
 #6 invocation function for block in AssetImportWorkerClient::HandleMessage(PrepareMessage const&)::$_4::operator()() const
 #7 _dispatch_client_callout
 #8 _dispatch_async_and_wait_invoke
 #9 _dispatch_client_callout
 #10 _dispatch_main_queue_drain
 #11 _dispatch_main_queue_callback_4CF
 #12 __CFRUNLOOP_IS_SERVICING_THE_MAIN_DISPATCH_QUEUE__
 #13 __CFRunLoopRun
 #14 CFRunLoopRunSpecific
 #15 RunCurrentEventLoopInMode
 #16 ReceiveNextEventCommon
 #17 _BlockUntilNextEventMatchingListInModeWithFilter
 #18 _DPSNextEvent
 #19 -[NSApplication(NSEvent) _nextEventMatchingEventMask:untilDate:inMode:dequeue:]
 #20 -[NSApplication run]
 #21 NSApplicationMain
 #22 EditorMain(int, char const**)
 #23 main
 #24 start

Begin MonoManager ReloadAssembly
- Loaded All Assemblies, in  0.639 seconds
Native extension for WindowsStandalone target not found
Native extension for iOS target not found
Native extension for Android target not found
Native extension for OSXStandalone target not found
Mono: successfully reloaded assembly
[Package Manager] Server::EnsureServerProcessIsRunning -- launch failed, reason: Unity was launched with the -noUpm command-line argument
[Package Manager] UpmClient::Send -- Unable to send message (not connected to UPM process).
[Package Manager] Cannot connect to Unity Package Manager local server
- Finished resetting the current domain, in  2.014 seconds
Domain Reload Profiling: 2653ms
	BeginReloadAssembly (208ms)
		ExecutionOrderSort (0ms)
		DisableScriptedObjects (15ms)
		BackupInstance (0ms)
		ReleaseScriptingObjects (0ms)
		CreateAndSetChildDomain (72ms)
	RebuildCommonClasses (51ms)
	RebuildNativeTypeToScriptingClass (16ms)
	initialDomainReloadingComplete (33ms)
	LoadAllAssembliesAndSetupDomain (330ms)
		LoadAssemblies (394ms)
		RebuildTransferFunctionScriptingTraits (0ms)
		AnalyzeDomain (22ms)
			TypeCache.Refresh (7ms)
				TypeCache.ScanAssembly (0ms)
			ScanForSourceGeneratedMonoScriptInfo (0ms)
			ResolveRequiredComponents (10ms)
	FinalizeReload (2015ms)
		ReleaseScriptCaches (0ms)
		RebuildScriptCaches (0ms)
		SetupLoadedEditorAssemblies (712ms)
			LogAssemblyErrors (0ms)
			InitializePlatformSupportModulesInManaged (49ms)
			SetLoadedEditorAssemblies (8ms)
			RefreshPlugins (0ms)
			BeforeProcessingInitializeOnLoad (114ms)
			ProcessInitializeOnLoadAttributes (485ms)
			ProcessInitializeOnLoadMethodAttributes (53ms)
			AfterProcessingInitializeOnLoad (3ms)
			EditorAssembliesLoaded (0ms)
		ExecutionOrderSort2 (0ms)
		AwakeInstancesAfterBackupRestoration (13ms)
Refreshing native plugins compatible for Editor in 6.71 ms, found 3 plugins.
Preloading 0 native plugins for Editor in 0.00 ms.
Unloading 4324 Unused Serialized files (Serialized files now loaded: 0)
Unloading 19 unused Assets / (31.4 KB). Loaded Objects now: 5217.
Memory consumption went from 0.58 GB to 0.58 GB.
Total: 7.656849 ms (FindLiveObjects: 0.792534 ms CreateObjectMapping: 0.562475 ms MarkObjects: 6.212225 ms  DeleteObjects: 0.087438 ms)

Prepare: number of updated asset objects reloaded= 0
AssetImportParameters requested are different than current active one (requested -> active):
  custom:container-demuxer-ogg: 62fdf1f143b41e24485cea50d1cbac27 -> 
  custom:scripting/monoscript/fileName/Rumble Toggle.cs: 9255d141ced706a64b082180f4b6a5c6 -> 
  custom:video-decoder-ogg-theora: a1e56fd34408186e4bbccfd4996cb3dc -> 
  custom:CustomObjectIndexerAttribute: 9a22284fe3817be447336de3de66b15e -> 
  custom:container-demuxer-webm: 4f35f7cbe854078d1ac9338744f61a02 -> 
  custom:container-muxer-webm: aa71ff27fc2769a1b78a27578f13a17b -> 
  custom:scripting/monoscript/fileName/RegisterManager.cs: c6fba922704cd91ef405ae7a4408da96 -> 
  custom:video-decoder-webm-vp8: 9c59270c3fd7afecdb556c50c9e8de78 -> 
  custom:SearchIndexIgnoredProperties: e643bd26f0fe6173181afceb89e7c659 -> 
  custom:AudioImporter_EditorPlatform: 3918e3fc78b5a79bad01e8451be0beb8 -> 
  custom:framework-osx-AVFoundation: e770b220cccbd017edd2c1fefb359320 -> 
  custom:video-encoder-webm-vp8: eb34c28f22e8b96e1ab97ce403110664 -> 
  custom:audio-decoder-ogg-vorbis: bf7c407c2cedff20999df2af8eb42d56 -> 
  custom:scripting/monoscript/fileName/Exit Game.cs: 9f3cc85f4d80e3eecbb57ffd1eba67c5 -> 
  custom:scripting/monoscript/fileName/LoginManager.cs: 3cc846c0f24614c9b07317b57418305e -> 
  custom:audio-encoder-webm-vorbis: bf7c407c2cedff20999df2af8eb42d56 -> 
  custom:scripting/precompiled-assembly-types:Assembly-CSharp: e9c2f52279a86e76ceb5400c7b0f48ce -> 975431d59eab3a43bafba41244e6b097
========================================================================
Received Prepare
Caller must complete domain reload
 #0 GetStacktrace(int)
 #1 DebugStringToFile(DebugStringToFileData const&)
 #2 AssertImplementation(int, char const*, int, int, char const*)
 #3 Internal_ADB_WorkerOnly_DomainReload(AssemblyLoadReason)
 #4 WorkerDomainReloadV2()
 #5 AssetImportWorkerClient::ReloadMonoDomain(AssetResolver&)
 #6 invocation function for block in AssetImportWorkerClient::HandleMessage(PrepareMessage const&)::$_4::operator()() const
 #7 _dispatch_client_callout
 #8 _dispatch_async_and_wait_invoke
 #9 _dispatch_client_callout
 #10 _dispatch_main_queue_drain
 #11 _dispatch_main_queue_callback_4CF
 #12 __CFRUNLOOP_IS_SERVICING_THE_MAIN_DISPATCH_QUEUE__
 #13 __CFRunLoopRun
 #14 CFRunLoopRunSpecific
 #15 RunCurrentEventLoopInMode
 #16 ReceiveNextEventCommon
 #17 _BlockUntilNextEventMatchingListInModeWithFilter
 #18 _DPSNextEvent
 #19 -[NSApplication(NSEvent) _nextEventMatchingEventMask:untilDate:inMode:dequeue:]
 #20 -[NSApplication run]
 #21 NSApplicationMain
 #22 EditorMain(int, char const**)
 #23 main
 #24 start

Begin MonoManager ReloadAssembly
- Loaded All Assemblies, in  0.642 seconds
Native extension for WindowsStandalone target not found
Native extension for iOS target not found
Native extension for Android target not found
Native extension for OSXStandalone target not found
Mono: successfully reloaded assembly
[Package Manager] Server::EnsureServerProcessIsRunning -- launch failed, reason: Unity was launched with the -noUpm command-line argument
[Package Manager] UpmClient::Send -- Unable to send message (not connected to UPM process).
[Package Manager] Cannot connect to Unity Package Manager local server
- Finished resetting the current domain, in  1.131 seconds
Domain Reload Profiling: 1773ms
	BeginReloadAssembly (211ms)
		ExecutionOrderSort (0ms)
		DisableScriptedObjects (15ms)
		BackupInstance (0ms)
		ReleaseScriptingObjects (0ms)
		CreateAndSetChildDomain (72ms)
	RebuildCommonClasses (57ms)
	RebuildNativeTypeToScriptingClass (16ms)
	initialDomainReloadingComplete (34ms)
	LoadAllAssembliesAndSetupDomain (323ms)
		LoadAssemblies (390ms)
		RebuildTransferFunctionScriptingTraits (0ms)
		AnalyzeDomain (22ms)
			TypeCache.Refresh (8ms)
				TypeCache.ScanAssembly (0ms)
			ScanForSourceGeneratedMonoScriptInfo (0ms)
			ResolveRequiredComponents (11ms)
	FinalizeReload (1132ms)
		ReleaseScriptCaches (0ms)
		RebuildScriptCaches (0ms)
		SetupLoadedEditorAssemblies (587ms)
			LogAssemblyErrors (0ms)
			InitializePlatformSupportModulesInManaged (40ms)
			SetLoadedEditorAssemblies (7ms)
			RefreshPlugins (0ms)
			BeforeProcessingInitializeOnLoad (87ms)
			ProcessInitializeOnLoadAttributes (401ms)
			ProcessInitializeOnLoadMethodAttributes (49ms)
			AfterProcessingInitializeOnLoad (2ms)
			EditorAssembliesLoaded (0ms)
		ExecutionOrderSort2 (0ms)
		AwakeInstancesAfterBackupRestoration (13ms)
Refreshing native plugins compatible for Editor in 5.07 ms, found 3 plugins.
Preloading 0 native plugins for Editor in 0.00 ms.
Unloading 4324 Unused Serialized files (Serialized files now loaded: 0)
Unloading 19 unused Assets / (31.3 KB). Loaded Objects now: 5221.
Memory consumption went from 0.59 GB to 0.59 GB.
Total: 6.355082 ms (FindLiveObjects: 0.482317 ms CreateObjectMapping: 0.445341 ms MarkObjects: 5.366159 ms  DeleteObjects: 0.059610 ms)

Prepare: number of updated asset objects reloaded= 0
AssetImportParameters requested are different than current active one (requested -> active):
  custom:container-demuxer-ogg: 62fdf1f143b41e24485cea50d1cbac27 -> 
  custom:scripting/monoscript/fileName/Rumble Toggle.cs: 9255d141ced706a64b082180f4b6a5c6 -> 
  custom:video-decoder-ogg-theora: a1e56fd34408186e4bbccfd4996cb3dc -> 
  custom:CustomObjectIndexerAttribute: 9a22284fe3817be447336de3de66b15e -> 
  custom:container-demuxer-webm: 4f35f7cbe854078d1ac9338744f61a02 -> 
  custom:container-muxer-webm: aa71ff27fc2769a1b78a27578f13a17b -> 
  custom:scripting/monoscript/fileName/RegisterManager.cs: c6fba922704cd91ef405ae7a4408da96 -> 
  custom:video-decoder-webm-vp8: 9c59270c3fd7afecdb556c50c9e8de78 -> 
  custom:SearchIndexIgnoredProperties: e643bd26f0fe6173181afceb89e7c659 -> 
  custom:AudioImporter_EditorPlatform: 3918e3fc78b5a79bad01e8451be0beb8 -> 
  custom:framework-osx-AVFoundation: e770b220cccbd017edd2c1fefb359320 -> 
  custom:video-encoder-webm-vp8: eb34c28f22e8b96e1ab97ce403110664 -> 
  custom:audio-decoder-ogg-vorbis: bf7c407c2cedff20999df2af8eb42d56 -> 
  custom:scripting/monoscript/fileName/Exit Game.cs: 9f3cc85f4d80e3eecbb57ffd1eba67c5 -> 
  custom:scripting/monoscript/fileName/LoginManager.cs: 3cc846c0f24614c9b07317b57418305e -> 
  custom:audio-encoder-webm-vorbis: bf7c407c2cedff20999df2af8eb42d56 -> 
  custom:scripting/precompiled-assembly-types:Assembly-CSharp: e9c2f52279a86e76ceb5400c7b0f48ce -> 975431d59eab3a43bafba41244e6b097
========================================================================
Received Prepare
Caller must complete domain reload
 #0 GetStacktrace(int)
 #1 DebugStringToFile(DebugStringToFileData const&)
 #2 AssertImplementation(int, char const*, int, int, char const*)
 #3 Internal_ADB_WorkerOnly_DomainReload(AssemblyLoadReason)
 #4 WorkerDomainReloadV2()
 #5 AssetImportWorkerClient::ReloadMonoDomain(AssetResolver&)
 #6 invocation function for block in AssetImportWorkerClient::HandleMessage(PrepareMessage const&)::$_4::operator()() const
 #7 _dispatch_client_callout
 #8 _dispatch_async_and_wait_invoke
 #9 _dispatch_client_callout
 #10 _dispatch_main_queue_drain
 #11 _dispatch_main_queue_callback_4CF
 #12 __CFRUNLOOP_IS_SERVICING_THE_MAIN_DISPATCH_QUEUE__
 #13 __CFRunLoopRun
 #14 CFRunLoopRunSpecific
 #15 RunCurrentEventLoopInMode
 #16 ReceiveNextEventCommon
 #17 _BlockUntilNextEventMatchingListInModeWithFilter
 #18 _DPSNextEvent
 #19 -[NSApplication(NSEvent) _nextEventMatchingEventMask:untilDate:inMode:dequeue:]
 #20 -[NSApplication run]
 #21 NSApplicationMain
 #22 EditorMain(int, char const**)
 #23 main
 #24 start

Begin MonoManager ReloadAssembly
- Loaded All Assemblies, in  0.628 seconds
Native extension for WindowsStandalone target not found
Native extension for iOS target not found
Native extension for Android target not found
Native extension for OSXStandalone target not found
Mono: successfully reloaded assembly
[Package Manager] Server::EnsureServerProcessIsRunning -- launch failed, reason: Unity was launched with the -noUpm command-line argument
[Package Manager] UpmClient::Send -- Unable to send message (not connected to UPM process).
[Package Manager] Cannot connect to Unity Package Manager local server
- Finished resetting the current domain, in  1.099 seconds
Domain Reload Profiling: 1726ms
	BeginReloadAssembly (208ms)
		ExecutionOrderSort (0ms)
		DisableScriptedObjects (15ms)
		BackupInstance (0ms)
		ReleaseScriptingObjects (0ms)
		CreateAndSetChildDomain (70ms)
	RebuildCommonClasses (56ms)
	RebuildNativeTypeToScriptingClass (18ms)
	initialDomainReloadingComplete (35ms)
	LoadAllAssembliesAndSetupDomain (310ms)
		LoadAssemblies (374ms)
		RebuildTransferFunctionScriptingTraits (0ms)
		AnalyzeDomain (24ms)
			TypeCache.Refresh (8ms)
				TypeCache.ScanAssembly (0ms)
			ScanForSourceGeneratedMonoScriptInfo (0ms)
			ResolveRequiredComponents (11ms)
	FinalizeReload (1100ms)
		ReleaseScriptCaches (0ms)
		RebuildScriptCaches (0ms)
		SetupLoadedEditorAssemblies (577ms)
			LogAssemblyErrors (0ms)
			InitializePlatformSupportModulesInManaged (41ms)
			SetLoadedEditorAssemblies (7ms)
			RefreshPlugins (0ms)
			BeforeProcessingInitializeOnLoad (89ms)
			ProcessInitializeOnLoadAttributes (390ms)
			ProcessInitializeOnLoadMethodAttributes (49ms)
			AfterProcessingInitializeOnLoad (2ms)
			EditorAssembliesLoaded (0ms)
		ExecutionOrderSort2 (0ms)
		AwakeInstancesAfterBackupRestoration (13ms)
Refreshing native plugins compatible for Editor in 4.72 ms, found 3 plugins.
Preloading 0 native plugins for Editor in 0.00 ms.
Unloading 4324 Unused Serialized files (Serialized files now loaded: 0)
Unloading 19 unused Assets / (31.4 KB). Loaded Objects now: 5225.
Memory consumption went from 0.59 GB to 0.59 GB.
Total: 5.852814 ms (FindLiveObjects: 0.436563 ms CreateObjectMapping: 0.437319 ms MarkObjects: 4.901983 ms  DeleteObjects: 0.075784 ms)

Prepare: number of updated asset objects reloaded= 0
AssetImportParameters requested are different than current active one (requested -> active):
  custom:container-demuxer-ogg: 62fdf1f143b41e24485cea50d1cbac27 -> 
  custom:scripting/monoscript/fileName/Rumble Toggle.cs: 9255d141ced706a64b082180f4b6a5c6 -> 
  custom:video-decoder-ogg-theora: a1e56fd34408186e4bbccfd4996cb3dc -> 
  custom:CustomObjectIndexerAttribute: 9a22284fe3817be447336de3de66b15e -> 
  custom:container-demuxer-webm: 4f35f7cbe854078d1ac9338744f61a02 -> 
  custom:container-muxer-webm: aa71ff27fc2769a1b78a27578f13a17b -> 
  custom:scripting/monoscript/fileName/RegisterManager.cs: c6fba922704cd91ef405ae7a4408da96 -> 
  custom:video-decoder-webm-vp8: 9c59270c3fd7afecdb556c50c9e8de78 -> 
  custom:SearchIndexIgnoredProperties: e643bd26f0fe6173181afceb89e7c659 -> 
  custom:AudioImporter_EditorPlatform: 3918e3fc78b5a79bad01e8451be0beb8 -> 
  custom:framework-osx-AVFoundation: e770b220cccbd017edd2c1fefb359320 -> 
  custom:video-encoder-webm-vp8: eb34c28f22e8b96e1ab97ce403110664 -> 
  custom:audio-decoder-ogg-vorbis: bf7c407c2cedff20999df2af8eb42d56 -> 
  custom:scripting/monoscript/fileName/Exit Game.cs: 9f3cc85f4d80e3eecbb57ffd1eba67c5 -> 
  custom:scripting/monoscript/fileName/LoginManager.cs: 3cc846c0f24614c9b07317b57418305e -> 
  custom:audio-encoder-webm-vorbis: bf7c407c2cedff20999df2af8eb42d56 -> 
  custom:scripting/precompiled-assembly-types:Assembly-CSharp: e9c2f52279a86e76ceb5400c7b0f48ce -> 975431d59eab3a43bafba41244e6b097
========================================================================
Received Prepare
Caller must complete domain reload
 #0 GetStacktrace(int)
 #1 DebugStringToFile(DebugStringToFileData const&)
 #2 AssertImplementation(int, char const*, int, int, char const*)
 #3 Internal_ADB_WorkerOnly_DomainReload(AssemblyLoadReason)
 #4 WorkerDomainReloadV2()
 #5 AssetImportWorkerClient::ReloadMonoDomain(AssetResolver&)
 #6 invocation function for block in AssetImportWorkerClient::HandleMessage(PrepareMessage const&)::$_4::operator()() const
 #7 _dispatch_client_callout
 #8 _dispatch_async_and_wait_invoke
 #9 _dispatch_client_callout
 #10 _dispatch_main_queue_drain
 #11 _dispatch_main_queue_callback_4CF
 #12 __CFRUNLOOP_IS_SERVICING_THE_MAIN_DISPATCH_QUEUE__
 #13 __CFRunLoopRun
 #14 CFRunLoopRunSpecific
 #15 RunCurrentEventLoopInMode
 #16 ReceiveNextEventCommon
 #17 _BlockUntilNextEventMatchingListInModeWithFilter
 #18 _DPSNextEvent
 #19 -[NSApplication(NSEvent) _nextEventMatchingEventMask:untilDate:inMode:dequeue:]
 #20 -[NSApplication run]
 #21 NSApplicationMain
 #22 EditorMain(int, char const**)
 #23 main
 #24 start

Begin MonoManager ReloadAssembly
- Loaded All Assemblies, in  0.685 seconds
Native extension for WindowsStandalone target not found
Native extension for iOS target not found
Native extension for Android target not found
Native extension for OSXStandalone target not found
Mono: successfully reloaded assembly
[Package Manager] Server::EnsureServerProcessIsRunning -- launch failed, reason: Unity was launched with the -noUpm command-line argument
[Package Manager] UpmClient::Send -- Unable to send message (not connected to UPM process).
[Package Manager] Cannot connect to Unity Package Manager local server
- Finished resetting the current domain, in  2.026 seconds
Domain Reload Profiling: 2711ms
	BeginReloadAssembly (217ms)
		ExecutionOrderSort (0ms)
		DisableScriptedObjects (16ms)
		BackupInstance (0ms)
		ReleaseScriptingObjects (0ms)
		CreateAndSetChildDomain (70ms)
	RebuildCommonClasses (54ms)
	RebuildNativeTypeToScriptingClass (19ms)
	initialDomainReloadingComplete (40ms)
	LoadAllAssembliesAndSetupDomain (354ms)
		LoadAssemblies (428ms)
		RebuildTransferFunctionScriptingTraits (0ms)
		AnalyzeDomain (23ms)
			TypeCache.Refresh (8ms)
				TypeCache.ScanAssembly (0ms)
			ScanForSourceGeneratedMonoScriptInfo (0ms)
			ResolveRequiredComponents (11ms)
	FinalizeReload (2027ms)
		ReleaseScriptCaches (0ms)
		RebuildScriptCaches (0ms)
		SetupLoadedEditorAssemblies (725ms)
			LogAssemblyErrors (0ms)
			InitializePlatformSupportModulesInManaged (48ms)
			SetLoadedEditorAssemblies (8ms)
			RefreshPlugins (0ms)
			BeforeProcessingInitializeOnLoad (112ms)
			ProcessInitializeOnLoadAttributes (499ms)
			ProcessInitializeOnLoadMethodAttributes (55ms)
			AfterProcessingInitializeOnLoad (3ms)
			EditorAssembliesLoaded (0ms)
		ExecutionOrderSort2 (0ms)
		AwakeInstancesAfterBackupRestoration (15ms)
Refreshing native plugins compatible for Editor in 4.90 ms, found 3 plugins.
Preloading 0 native plugins for Editor in 0.00 ms.
Unloading 4324 Unused Serialized files (Serialized files now loaded: 0)
Unloading 19 unused Assets / (31.4 KB). Loaded Objects now: 5229.
Memory consumption went from 0.60 GB to 0.60 GB.
Total: 6.894175 ms (FindLiveObjects: 0.528396 ms CreateObjectMapping: 0.585247 ms MarkObjects: 5.668950 ms  DeleteObjects: 0.109885 ms)

Prepare: number of updated asset objects reloaded= 0
AssetImportParameters requested are different than current active one (requested -> active):
  custom:container-demuxer-ogg: 62fdf1f143b41e24485cea50d1cbac27 -> 
  custom:scripting/monoscript/fileName/Rumble Toggle.cs: 9255d141ced706a64b082180f4b6a5c6 -> 
  custom:video-decoder-ogg-theora: a1e56fd34408186e4bbccfd4996cb3dc -> 
  custom:CustomObjectIndexerAttribute: 9a22284fe3817be447336de3de66b15e -> 
  custom:container-demuxer-webm: 4f35f7cbe854078d1ac9338744f61a02 -> 
  custom:container-muxer-webm: aa71ff27fc2769a1b78a27578f13a17b -> 
  custom:scripting/monoscript/fileName/RegisterManager.cs: c6fba922704cd91ef405ae7a4408da96 -> 
  custom:video-decoder-webm-vp8: 9c59270c3fd7afecdb556c50c9e8de78 -> 
  custom:SearchIndexIgnoredProperties: e643bd26f0fe6173181afceb89e7c659 -> 
  custom:AudioImporter_EditorPlatform: 3918e3fc78b5a79bad01e8451be0beb8 -> 
  custom:framework-osx-AVFoundation: e770b220cccbd017edd2c1fefb359320 -> 
  custom:video-encoder-webm-vp8: eb34c28f22e8b96e1ab97ce403110664 -> 
  custom:audio-decoder-ogg-vorbis: bf7c407c2cedff20999df2af8eb42d56 -> 
  custom:scripting/monoscript/fileName/Exit Game.cs: 9f3cc85f4d80e3eecbb57ffd1eba67c5 -> 
  custom:scripting/monoscript/fileName/LoginManager.cs: 3cc846c0f24614c9b07317b57418305e -> 
  custom:audio-encoder-webm-vorbis: bf7c407c2cedff20999df2af8eb42d56 -> 
  custom:scripting/precompiled-assembly-types:Assembly-CSharp: e9c2f52279a86e76ceb5400c7b0f48ce -> 975431d59eab3a43bafba41244e6b097
========================================================================
Received Prepare
Caller must complete domain reload
 #0 GetStacktrace(int)
 #1 DebugStringToFile(DebugStringToFileData const&)
 #2 AssertImplementation(int, char const*, int, int, char const*)
 #3 Internal_ADB_WorkerOnly_DomainReload(AssemblyLoadReason)
 #4 WorkerDomainReloadV2()
 #5 AssetImportWorkerClient::ReloadMonoDomain(AssetResolver&)
 #6 invocation function for block in AssetImportWorkerClient::HandleMessage(PrepareMessage const&)::$_4::operator()() const
 #7 _dispatch_client_callout
 #8 _dispatch_async_and_wait_invoke
 #9 _dispatch_client_callout
 #10 _dispatch_main_queue_drain
 #11 _dispatch_main_queue_callback_4CF
 #12 __CFRUNLOOP_IS_SERVICING_THE_MAIN_DISPATCH_QUEUE__
 #13 __CFRunLoopRun
 #14 CFRunLoopRunSpecific
 #15 RunCurrentEventLoopInMode
 #16 ReceiveNextEventCommon
 #17 _BlockUntilNextEventMatchingListInModeWithFilter
 #18 _DPSNextEvent
 #19 -[NSApplication(NSEvent) _nextEventMatchingEventMask:untilDate:inMode:dequeue:]
 #20 -[NSApplication run]
 #21 NSApplicationMain
 #22 EditorMain(int, char const**)
 #23 main
 #24 start

Begin MonoManager ReloadAssembly
- Loaded All Assemblies, in  0.681 seconds
Native extension for WindowsStandalone target not found
Native extension for iOS target not found
Native extension for Android target not found
Native extension for OSXStandalone target not found
Mono: successfully reloaded assembly
[Package Manager] Server::EnsureServerProcessIsRunning -- launch failed, reason: Unity was launched with the -noUpm command-line argument
[Package Manager] UpmClient::Send -- Unable to send message (not connected to UPM process).
[Package Manager] Cannot connect to Unity Package Manager local server
- Finished resetting the current domain, in  1.859 seconds
Domain Reload Profiling: 2540ms
	BeginReloadAssembly (211ms)
		ExecutionOrderSort (0ms)
		DisableScriptedObjects (16ms)
		BackupInstance (0ms)
		ReleaseScriptingObjects (0ms)
		CreateAndSetChildDomain (71ms)
	RebuildCommonClasses (52ms)
	RebuildNativeTypeToScriptingClass (16ms)
	initialDomainReloadingComplete (33ms)
	LoadAllAssembliesAndSetupDomain (368ms)
		LoadAssemblies (406ms)
		RebuildTransferFunctionScriptingTraits (0ms)
		AnalyzeDomain (51ms)
			TypeCache.Refresh (17ms)
				TypeCache.ScanAssembly (3ms)
			ScanForSourceGeneratedMonoScriptInfo (20ms)
			ResolveRequiredComponents (10ms)
	FinalizeReload (1860ms)
		ReleaseScriptCaches (0ms)
		RebuildScriptCaches (0ms)
		SetupLoadedEditorAssemblies (619ms)
			LogAssemblyErrors (0ms)
			InitializePlatformSupportModulesInManaged (54ms)
			SetLoadedEditorAssemblies (9ms)
			RefreshPlugins (0ms)
			BeforeProcessingInitializeOnLoad (111ms)
			ProcessInitializeOnLoadAttributes (394ms)
			ProcessInitializeOnLoadMethodAttributes (48ms)
			AfterProcessingInitializeOnLoad (2ms)
			EditorAssembliesLoaded (0ms)
		ExecutionOrderSort2 (0ms)
		AwakeInstancesAfterBackupRestoration (14ms)
Refreshing native plugins compatible for Editor in 3.44 ms, found 3 plugins.
Preloading 0 native plugins for Editor in 0.00 ms.
Unloading 4324 Unused Serialized files (Serialized files now loaded: 0)
Unloading 19 unused Assets / (31.3 KB). Loaded Objects now: 5233.
Memory consumption went from 0.60 GB to 0.60 GB.
Total: 4.907648 ms (FindLiveObjects: 0.537918 ms CreateObjectMapping: 0.452733 ms MarkObjects: 3.859865 ms  DeleteObjects: 0.056040 ms)

Prepare: number of updated asset objects reloaded= 0
AssetImportParameters requested are different than current active one (requested -> active):
  custom:container-demuxer-ogg: 62fdf1f143b41e24485cea50d1cbac27 -> 
  custom:scripting/monoscript/fileName/Rumble Toggle.cs: 9255d141ced706a64b082180f4b6a5c6 -> 
  custom:video-decoder-ogg-theora: a1e56fd34408186e4bbccfd4996cb3dc -> 
  custom:CustomObjectIndexerAttribute: 9a22284fe3817be447336de3de66b15e -> 
  custom:container-demuxer-webm: 4f35f7cbe854078d1ac9338744f61a02 -> 
  custom:container-muxer-webm: aa71ff27fc2769a1b78a27578f13a17b -> 
  custom:scripting/monoscript/fileName/RegisterManager.cs: c6fba922704cd91ef405ae7a4408da96 -> 
  custom:video-decoder-webm-vp8: 9c59270c3fd7afecdb556c50c9e8de78 -> 
  custom:SearchIndexIgnoredProperties: e643bd26f0fe6173181afceb89e7c659 -> 
  custom:AudioImporter_EditorPlatform: 3918e3fc78b5a79bad01e8451be0beb8 -> 
  custom:framework-osx-AVFoundation: e770b220cccbd017edd2c1fefb359320 -> 
  custom:video-encoder-webm-vp8: eb34c28f22e8b96e1ab97ce403110664 -> 
  custom:audio-decoder-ogg-vorbis: bf7c407c2cedff20999df2af8eb42d56 -> 
  custom:scripting/monoscript/fileName/Exit Game.cs: 9f3cc85f4d80e3eecbb57ffd1eba67c5 -> 
  custom:scripting/monoscript/fileName/LoginManager.cs: 3cc846c0f24614c9b07317b57418305e -> 
  custom:audio-encoder-webm-vorbis: bf7c407c2cedff20999df2af8eb42d56 -> 
  custom:scripting/precompiled-assembly-types:Assembly-CSharp: e9c2f52279a86e76ceb5400c7b0f48ce -> 975431d59eab3a43bafba41244e6b097
========================================================================
Received Prepare
Caller must complete domain reload
 #0 GetStacktrace(int)
 #1 DebugStringToFile(DebugStringToFileData const&)
 #2 AssertImplementation(int, char const*, int, int, char const*)
 #3 Internal_ADB_WorkerOnly_DomainReload(AssemblyLoadReason)
 #4 WorkerDomainReloadV2()
 #5 AssetImportWorkerClient::ReloadMonoDomain(AssetResolver&)
 #6 invocation function for block in AssetImportWorkerClient::HandleMessage(PrepareMessage const&)::$_4::operator()() const
 #7 _dispatch_client_callout
 #8 _dispatch_async_and_wait_invoke
 #9 _dispatch_client_callout
 #10 _dispatch_main_queue_drain
 #11 _dispatch_main_queue_callback_4CF
 #12 __CFRUNLOOP_IS_SERVICING_THE_MAIN_DISPATCH_QUEUE__
 #13 __CFRunLoopRun
 #14 CFRunLoopRunSpecific
 #15 RunCurrentEventLoopInMode
 #16 ReceiveNextEventCommon
 #17 _BlockUntilNextEventMatchingListInModeWithFilter
 #18 _DPSNextEvent
 #19 -[NSApplication(NSEvent) _nextEventMatchingEventMask:untilDate:inMode:dequeue:]
 #20 -[NSApplication run]
 #21 NSApplicationMain
 #22 EditorMain(int, char const**)
 #23 main
 #24 start

Begin MonoManager ReloadAssembly
- Loaded All Assemblies, in  0.602 seconds
Native extension for WindowsStandalone target not found
Native extension for iOS target not found
Native extension for Android target not found
Native extension for OSXStandalone target not found
Mono: successfully reloaded assembly
[Package Manager] Server::EnsureServerProcessIsRunning -- launch failed, reason: Unity was launched with the -noUpm command-line argument
[Package Manager] UpmClient::Send -- Unable to send message (not connected to UPM process).
[Package Manager] Cannot connect to Unity Package Manager local server
- Finished resetting the current domain, in  1.137 seconds
Domain Reload Profiling: 1738ms
	BeginReloadAssembly (200ms)
		ExecutionOrderSort (0ms)
		DisableScriptedObjects (15ms)
		BackupInstance (0ms)
		ReleaseScriptingObjects (0ms)
		CreateAndSetChildDomain (68ms)
	RebuildCommonClasses (49ms)
	RebuildNativeTypeToScriptingClass (16ms)
	initialDomainReloadingComplete (33ms)
	LoadAllAssembliesAndSetupDomain (303ms)
		LoadAssemblies (362ms)
		RebuildTransferFunctionScriptingTraits (0ms)
		AnalyzeDomain (23ms)
			TypeCache.Refresh (8ms)
				TypeCache.ScanAssembly (0ms)
			ScanForSourceGeneratedMonoScriptInfo (0ms)
			ResolveRequiredComponents (10ms)
	FinalizeReload (1138ms)
		ReleaseScriptCaches (0ms)
		RebuildScriptCaches (0ms)
		SetupLoadedEditorAssemblies (609ms)
			LogAssemblyErrors (0ms)
			InitializePlatformSupportModulesInManaged (43ms)
			SetLoadedEditorAssemblies (7ms)
			RefreshPlugins (0ms)
			BeforeProcessingInitializeOnLoad (100ms)
			ProcessInitializeOnLoadAttributes (411ms)
			ProcessInitializeOnLoadMethodAttributes (46ms)
			AfterProcessingInitializeOnLoad (2ms)
			EditorAssembliesLoaded (0ms)
		ExecutionOrderSort2 (0ms)
		AwakeInstancesAfterBackupRestoration (13ms)
Refreshing native plugins compatible for Editor in 5.15 ms, found 3 plugins.
Preloading 0 native plugins for Editor in 0.00 ms.
Unloading 4324 Unused Serialized files (Serialized files now loaded: 0)
Unloading 19 unused Assets / (31.2 KB). Loaded Objects now: 5237.
Memory consumption went from 0.61 GB to 0.61 GB.
Total: 6.291047 ms (FindLiveObjects: 0.482370 ms CreateObjectMapping: 0.452174 ms MarkObjects: 5.287054 ms  DeleteObjects: 0.066811 ms)

Prepare: number of updated asset objects reloaded= 0
AssetImportParameters requested are different than current active one (requested -> active):
  custom:container-demuxer-ogg: 62fdf1f143b41e24485cea50d1cbac27 -> 
  custom:scripting/monoscript/fileName/Rumble Toggle.cs: 9255d141ced706a64b082180f4b6a5c6 -> 
  custom:video-decoder-ogg-theora: a1e56fd34408186e4bbccfd4996cb3dc -> 
  custom:CustomObjectIndexerAttribute: 9a22284fe3817be447336de3de66b15e -> 
  custom:container-demuxer-webm: 4f35f7cbe854078d1ac9338744f61a02 -> 
  custom:container-muxer-webm: aa71ff27fc2769a1b78a27578f13a17b -> 
  custom:scripting/monoscript/fileName/RegisterManager.cs: c6fba922704cd91ef405ae7a4408da96 -> 
  custom:video-decoder-webm-vp8: 9c59270c3fd7afecdb556c50c9e8de78 -> 
  custom:SearchIndexIgnoredProperties: e643bd26f0fe6173181afceb89e7c659 -> 
  custom:AudioImporter_EditorPlatform: 3918e3fc78b5a79bad01e8451be0beb8 -> 
  custom:framework-osx-AVFoundation: e770b220cccbd017edd2c1fefb359320 -> 
  custom:video-encoder-webm-vp8: eb34c28f22e8b96e1ab97ce403110664 -> 
  custom:audio-decoder-ogg-vorbis: bf7c407c2cedff20999df2af8eb42d56 -> 
  custom:scripting/monoscript/fileName/Exit Game.cs: 9f3cc85f4d80e3eecbb57ffd1eba67c5 -> 
  custom:scripting/monoscript/fileName/LoginManager.cs: 3cc846c0f24614c9b07317b57418305e -> 
  custom:audio-encoder-webm-vorbis: bf7c407c2cedff20999df2af8eb42d56 -> 
  custom:scripting/precompiled-assembly-types:Assembly-CSharp: e9c2f52279a86e76ceb5400c7b0f48ce -> 975431d59eab3a43bafba41244e6b097
========================================================================
Received Prepare
Caller must complete domain reload
 #0 GetStacktrace(int)
 #1 DebugStringToFile(DebugStringToFileData const&)
 #2 AssertImplementation(int, char const*, int, int, char const*)
 #3 Internal_ADB_WorkerOnly_DomainReload(AssemblyLoadReason)
 #4 WorkerDomainReloadV2()
 #5 AssetImportWorkerClient::ReloadMonoDomain(AssetResolver&)
 #6 invocation function for block in AssetImportWorkerClient::HandleMessage(PrepareMessage const&)::$_4::operator()() const
 #7 _dispatch_client_callout
 #8 _dispatch_async_and_wait_invoke
 #9 _dispatch_client_callout
 #10 _dispatch_main_queue_drain
 #11 _dispatch_main_queue_callback_4CF
 #12 __CFRUNLOOP_IS_SERVICING_THE_MAIN_DISPATCH_QUEUE__
 #13 __CFRunLoopRun
 #14 CFRunLoopRunSpecific
 #15 RunCurrentEventLoopInMode
 #16 ReceiveNextEventCommon
 #17 _BlockUntilNextEventMatchingListInModeWithFilter
 #18 _DPSNextEvent
 #19 -[NSApplication(NSEvent) _nextEventMatchingEventMask:untilDate:inMode:dequeue:]
 #20 -[NSApplication run]
 #21 NSApplicationMain
 #22 EditorMain(int, char const**)
 #23 main
 #24 start

Begin MonoManager ReloadAssembly
- Loaded All Assemblies, in  0.849 seconds
Native extension for WindowsStandalone target not found
Native extension for iOS target not found
Native extension for Android target not found
Native extension for OSXStandalone target not found
Mono: successfully reloaded assembly
[Package Manager] Server::EnsureServerProcessIsRunning -- launch failed, reason: Unity was launched with the -noUpm command-line argument
[Package Manager] UpmClient::Send -- Unable to send message (not connected to UPM process).
[Package Manager] Cannot connect to Unity Package Manager local server
- Finished resetting the current domain, in  2.376 seconds
Domain Reload Profiling: 3224ms
	BeginReloadAssembly (263ms)
		ExecutionOrderSort (0ms)
		DisableScriptedObjects (20ms)
		BackupInstance (0ms)
		ReleaseScriptingObjects (0ms)
		CreateAndSetChildDomain (89ms)
	RebuildCommonClasses (69ms)
	RebuildNativeTypeToScriptingClass (22ms)
	initialDomainReloadingComplete (45ms)
	LoadAllAssembliesAndSetupDomain (449ms)
		LoadAssemblies (503ms)
		RebuildTransferFunctionScriptingTraits (0ms)
		AnalyzeDomain (59ms)
			TypeCache.Refresh (19ms)
				TypeCache.ScanAssembly (5ms)
			ScanForSourceGeneratedMonoScriptInfo (23ms)
			ResolveRequiredComponents (13ms)
	FinalizeReload (2377ms)
		ReleaseScriptCaches (0ms)
		RebuildScriptCaches (0ms)
		SetupLoadedEditorAssemblies (811ms)
			LogAssemblyErrors (0ms)
			InitializePlatformSupportModulesInManaged (59ms)
			SetLoadedEditorAssemblies (12ms)
			RefreshPlugins (0ms)
			BeforeProcessingInitializeOnLoad (155ms)
			ProcessInitializeOnLoadAttributes (518ms)
			ProcessInitializeOnLoadMethodAttributes (64ms)
			AfterProcessingInitializeOnLoad (2ms)
			EditorAssembliesLoaded (0ms)
		ExecutionOrderSort2 (0ms)
		AwakeInstancesAfterBackupRestoration (18ms)
Refreshing native plugins compatible for Editor in 4.49 ms, found 3 plugins.
Preloading 0 native plugins for Editor in 0.00 ms.
Unloading 4324 Unused Serialized files (Serialized files now loaded: 0)
Unloading 19 unused Assets / (31.2 KB). Loaded Objects now: 5241.
Memory consumption went from 0.61 GB to 0.61 GB.
Total: 5.580317 ms (FindLiveObjects: 0.447933 ms CreateObjectMapping: 0.420805 ms MarkObjects: 4.641816 ms  DeleteObjects: 0.068534 ms)

Prepare: number of updated asset objects reloaded= 0
AssetImportParameters requested are different than current active one (requested -> active):
  custom:container-demuxer-ogg: 62fdf1f143b41e24485cea50d1cbac27 -> 
  custom:scripting/monoscript/fileName/Rumble Toggle.cs: 9255d141ced706a64b082180f4b6a5c6 -> 
  custom:video-decoder-ogg-theora: a1e56fd34408186e4bbccfd4996cb3dc -> 
  custom:CustomObjectIndexerAttribute: 9a22284fe3817be447336de3de66b15e -> 
  custom:container-demuxer-webm: 4f35f7cbe854078d1ac9338744f61a02 -> 
  custom:container-muxer-webm: aa71ff27fc2769a1b78a27578f13a17b -> 
  custom:scripting/monoscript/fileName/RegisterManager.cs: c6fba922704cd91ef405ae7a4408da96 -> 
  custom:video-decoder-webm-vp8: 9c59270c3fd7afecdb556c50c9e8de78 -> 
  custom:SearchIndexIgnoredProperties: e643bd26f0fe6173181afceb89e7c659 -> 
  custom:AudioImporter_EditorPlatform: 3918e3fc78b5a79bad01e8451be0beb8 -> 
  custom:framework-osx-AVFoundation: e770b220cccbd017edd2c1fefb359320 -> 
  custom:video-encoder-webm-vp8: eb34c28f22e8b96e1ab97ce403110664 -> 
  custom:audio-decoder-ogg-vorbis: bf7c407c2cedff20999df2af8eb42d56 -> 
  custom:scripting/monoscript/fileName/Exit Game.cs: 9f3cc85f4d80e3eecbb57ffd1eba67c5 -> 
  custom:scripting/monoscript/fileName/LoginManager.cs: 3cc846c0f24614c9b07317b57418305e -> 
  custom:audio-encoder-webm-vorbis: bf7c407c2cedff20999df2af8eb42d56 -> 
  custom:scripting/precompiled-assembly-types:Assembly-CSharp: e9c2f52279a86e76ceb5400c7b0f48ce -> 975431d59eab3a43bafba41244e6b097
========================================================================
Received Prepare
Caller must complete domain reload
 #0 GetStacktrace(int)
 #1 DebugStringToFile(DebugStringToFileData const&)
 #2 AssertImplementation(int, char const*, int, int, char const*)
 #3 Internal_ADB_WorkerOnly_DomainReload(AssemblyLoadReason)
 #4 WorkerDomainReloadV2()
 #5 AssetImportWorkerClient::ReloadMonoDomain(AssetResolver&)
 #6 invocation function for block in AssetImportWorkerClient::HandleMessage(PrepareMessage const&)::$_4::operator()() const
 #7 _dispatch_client_callout
 #8 _dispatch_async_and_wait_invoke
 #9 _dispatch_client_callout
 #10 _dispatch_main_queue_drain
 #11 _dispatch_main_queue_callback_4CF
 #12 __CFRUNLOOP_IS_SERVICING_THE_MAIN_DISPATCH_QUEUE__
 #13 __CFRunLoopRun
 #14 CFRunLoopRunSpecific
 #15 RunCurrentEventLoopInMode
 #16 ReceiveNextEventCommon
 #17 _BlockUntilNextEventMatchingListInModeWithFilter
 #18 _DPSNextEvent
 #19 -[NSApplication(NSEvent) _nextEventMatchingEventMask:untilDate:inMode:dequeue:]
 #20 -[NSApplication run]
 #21 NSApplicationMain
 #22 EditorMain(int, char const**)
 #23 main
 #24 start

Begin MonoManager ReloadAssembly
- Loaded All Assemblies, in  0.785 seconds
Native extension for WindowsStandalone target not found
Native extension for iOS target not found
Native extension for Android target not found
Native extension for OSXStandalone target not found
Mono: successfully reloaded assembly
[Package Manager] Server::EnsureServerProcessIsRunning -- launch failed, reason: Unity was launched with the -noUpm command-line argument
[Package Manager] UpmClient::Send -- Unable to send message (not connected to UPM process).
[Package Manager] Cannot connect to Unity Package Manager local server
- Finished resetting the current domain, in  1.492 seconds
Domain Reload Profiling: 2277ms
	BeginReloadAssembly (255ms)
		ExecutionOrderSort (0ms)
		DisableScriptedObjects (20ms)
		BackupInstance (0ms)
		ReleaseScriptingObjects (0ms)
		CreateAndSetChildDomain (84ms)
	RebuildCommonClasses (66ms)
	RebuildNativeTypeToScriptingClass (22ms)
	initialDomainReloadingComplete (44ms)
	LoadAllAssembliesAndSetupDomain (397ms)
		LoadAssemblies (478ms)
		RebuildTransferFunctionScriptingTraits (0ms)
		AnalyzeDomain (29ms)
			TypeCache.Refresh (9ms)
				TypeCache.ScanAssembly (0ms)
			ScanForSourceGeneratedMonoScriptInfo (0ms)
			ResolveRequiredComponents (14ms)
	FinalizeReload (1493ms)
		ReleaseScriptCaches (0ms)
		RebuildScriptCaches (0ms)
		SetupLoadedEditorAssemblies (796ms)
			LogAssemblyErrors (0ms)
			InitializePlatformSupportModulesInManaged (51ms)
			SetLoadedEditorAssemblies (9ms)
			RefreshPlugins (0ms)
			BeforeProcessingInitializeOnLoad (123ms)
			ProcessInitializeOnLoadAttributes (547ms)
			ProcessInitializeOnLoadMethodAttributes (64ms)
			AfterProcessingInitializeOnLoad (2ms)
			EditorAssembliesLoaded (0ms)
		ExecutionOrderSort2 (0ms)
		AwakeInstancesAfterBackupRestoration (17ms)
Refreshing native plugins compatible for Editor in 5.76 ms, found 3 plugins.
Preloading 0 native plugins for Editor in 0.00 ms.
Unloading 4324 Unused Serialized files (Serialized files now loaded: 0)
Unloading 19 unused Assets / (31.3 KB). Loaded Objects now: 5245.
Memory consumption went from 0.61 GB to 0.61 GB.
Total: 6.203114 ms (FindLiveObjects: 0.452391 ms CreateObjectMapping: 0.456613 ms MarkObjects: 5.227846 ms  DeleteObjects: 0.064894 ms)

Prepare: number of updated asset objects reloaded= 0
AssetImportParameters requested are different than current active one (requested -> active):
  custom:container-demuxer-ogg: 62fdf1f143b41e24485cea50d1cbac27 -> 
  custom:scripting/monoscript/fileName/Rumble Toggle.cs: 9255d141ced706a64b082180f4b6a5c6 -> 
  custom:video-decoder-ogg-theora: a1e56fd34408186e4bbccfd4996cb3dc -> 
  custom:CustomObjectIndexerAttribute: 9a22284fe3817be447336de3de66b15e -> 
  custom:container-demuxer-webm: 4f35f7cbe854078d1ac9338744f61a02 -> 
  custom:container-muxer-webm: aa71ff27fc2769a1b78a27578f13a17b -> 
  custom:scripting/monoscript/fileName/RegisterManager.cs: c6fba922704cd91ef405ae7a4408da96 -> 
  custom:video-decoder-webm-vp8: 9c59270c3fd7afecdb556c50c9e8de78 -> 
  custom:SearchIndexIgnoredProperties: e643bd26f0fe6173181afceb89e7c659 -> 
  custom:AudioImporter_EditorPlatform: 3918e3fc78b5a79bad01e8451be0beb8 -> 
  custom:framework-osx-AVFoundation: e770b220cccbd017edd2c1fefb359320 -> 
  custom:video-encoder-webm-vp8: eb34c28f22e8b96e1ab97ce403110664 -> 
  custom:audio-decoder-ogg-vorbis: bf7c407c2cedff20999df2af8eb42d56 -> 
  custom:scripting/monoscript/fileName/Exit Game.cs: 9f3cc85f4d80e3eecbb57ffd1eba67c5 -> 
  custom:scripting/monoscript/fileName/LoginManager.cs: 3cc846c0f24614c9b07317b57418305e -> 
  custom:audio-encoder-webm-vorbis: bf7c407c2cedff20999df2af8eb42d56 -> 
  custom:scripting/precompiled-assembly-types:Assembly-CSharp: e9c2f52279a86e76ceb5400c7b0f48ce -> 975431d59eab3a43bafba41244e6b097
========================================================================
Received Prepare
Caller must complete domain reload
 #0 GetStacktrace(int)
 #1 DebugStringToFile(DebugStringToFileData const&)
 #2 AssertImplementation(int, char const*, int, int, char const*)
 #3 Internal_ADB_WorkerOnly_DomainReload(AssemblyLoadReason)
 #4 WorkerDomainReloadV2()
 #5 AssetImportWorkerClient::ReloadMonoDomain(AssetResolver&)
 #6 invocation function for block in AssetImportWorkerClient::HandleMessage(PrepareMessage const&)::$_4::operator()() const
 #7 _dispatch_client_callout
 #8 _dispatch_async_and_wait_invoke
 #9 _dispatch_client_callout
 #10 _dispatch_main_queue_drain
 #11 _dispatch_main_queue_callback_4CF
 #12 __CFRUNLOOP_IS_SERVICING_THE_MAIN_DISPATCH_QUEUE__
 #13 __CFRunLoopRun
 #14 CFRunLoopRunSpecific
 #15 RunCurrentEventLoopInMode
 #16 ReceiveNextEventCommon
 #17 _BlockUntilNextEventMatchingListInModeWithFilter
 #18 _DPSNextEvent
 #19 -[NSApplication(NSEvent) _nextEventMatchingEventMask:untilDate:inMode:dequeue:]
 #20 -[NSApplication run]
 #21 NSApplicationMain
 #22 EditorMain(int, char const**)
 #23 main
 #24 start

Begin MonoManager ReloadAssembly
- Loaded All Assemblies, in  1.096 seconds
Native extension for WindowsStandalone target not found
Native extension for iOS target not found
Native extension for Android target not found
Native extension for OSXStandalone target not found
Mono: successfully reloaded assembly
[Package Manager] Server::EnsureServerProcessIsRunning -- launch failed, reason: Unity was launched with the -noUpm command-line argument
[Package Manager] UpmClient::Send -- Unable to send message (not connected to UPM process).
[Package Manager] Cannot connect to Unity Package Manager local server
- Finished resetting the current domain, in  2.817 seconds
Domain Reload Profiling: 3913ms
	BeginReloadAssembly (340ms)
		ExecutionOrderSort (0ms)
		DisableScriptedObjects (27ms)
		BackupInstance (0ms)
		ReleaseScriptingObjects (0ms)
		CreateAndSetChildDomain (103ms)
	RebuildCommonClasses (74ms)
	RebuildNativeTypeToScriptingClass (24ms)
	initialDomainReloadingComplete (67ms)
	LoadAllAssembliesAndSetupDomain (591ms)
		LoadAssemblies (661ms)
		RebuildTransferFunctionScriptingTraits (0ms)
		AnalyzeDomain (86ms)
			TypeCache.Refresh (41ms)
				TypeCache.ScanAssembly (4ms)
			ScanForSourceGeneratedMonoScriptInfo (25ms)
			ResolveRequiredComponents (14ms)
	FinalizeReload (2818ms)
		ReleaseScriptCaches (0ms)
		RebuildScriptCaches (0ms)
		SetupLoadedEditorAssemblies (976ms)
			LogAssemblyErrors (0ms)
			InitializePlatformSupportModulesInManaged (118ms)
			SetLoadedEditorAssemblies (10ms)
			RefreshPlugins (0ms)
			BeforeProcessingInitializeOnLoad (142ms)
			ProcessInitializeOnLoadAttributes (639ms)
			ProcessInitializeOnLoadMethodAttributes (63ms)
			AfterProcessingInitializeOnLoad (4ms)
			EditorAssembliesLoaded (0ms)
		ExecutionOrderSort2 (0ms)
		AwakeInstancesAfterBackupRestoration (28ms)
Refreshing native plugins compatible for Editor in 9.92 ms, found 3 plugins.
Preloading 0 native plugins for Editor in 0.00 ms.
Unloading 4324 Unused Serialized files (Serialized files now loaded: 0)
Unloading 19 unused Assets / (31.3 KB). Loaded Objects now: 5249.
Memory consumption went from 0.62 GB to 0.62 GB.
Total: 12.645868 ms (FindLiveObjects: 0.666657 ms CreateObjectMapping: 0.617099 ms MarkObjects: 11.251430 ms  DeleteObjects: 0.106974 ms)

Prepare: number of updated asset objects reloaded= 0
AssetImportParameters requested are different than current active one (requested -> active):
  custom:container-demuxer-ogg: 62fdf1f143b41e24485cea50d1cbac27 -> 
  custom:scripting/monoscript/fileName/Rumble Toggle.cs: 9255d141ced706a64b082180f4b6a5c6 -> 
  custom:video-decoder-ogg-theora: a1e56fd34408186e4bbccfd4996cb3dc -> 
  custom:CustomObjectIndexerAttribute: 9a22284fe3817be447336de3de66b15e -> 
  custom:container-demuxer-webm: 4f35f7cbe854078d1ac9338744f61a02 -> 
  custom:container-muxer-webm: aa71ff27fc2769a1b78a27578f13a17b -> 
  custom:scripting/monoscript/fileName/RegisterManager.cs: c6fba922704cd91ef405ae7a4408da96 -> 
  custom:video-decoder-webm-vp8: 9c59270c3fd7afecdb556c50c9e8de78 -> 
  custom:SearchIndexIgnoredProperties: e643bd26f0fe6173181afceb89e7c659 -> 
  custom:AudioImporter_EditorPlatform: 3918e3fc78b5a79bad01e8451be0beb8 -> 
  custom:framework-osx-AVFoundation: e770b220cccbd017edd2c1fefb359320 -> 
  custom:video-encoder-webm-vp8: eb34c28f22e8b96e1ab97ce403110664 -> 
  custom:audio-decoder-ogg-vorbis: bf7c407c2cedff20999df2af8eb42d56 -> 
  custom:scripting/monoscript/fileName/Exit Game.cs: 9f3cc85f4d80e3eecbb57ffd1eba67c5 -> 
  custom:scripting/monoscript/fileName/LoginManager.cs: 3cc846c0f24614c9b07317b57418305e -> 
  custom:audio-encoder-webm-vorbis: bf7c407c2cedff20999df2af8eb42d56 -> 
  custom:scripting/precompiled-assembly-types:Assembly-CSharp: e9c2f52279a86e76ceb5400c7b0f48ce -> 975431d59eab3a43bafba41244e6b097
========================================================================
Received Prepare
Caller must complete domain reload
 #0 GetStacktrace(int)
 #1 DebugStringToFile(DebugStringToFileData const&)
 #2 AssertImplementation(int, char const*, int, int, char const*)
 #3 Internal_ADB_WorkerOnly_DomainReload(AssemblyLoadReason)
 #4 WorkerDomainReloadV2()
 #5 AssetImportWorkerClient::ReloadMonoDomain(AssetResolver&)
 #6 invocation function for block in AssetImportWorkerClient::HandleMessage(PrepareMessage const&)::$_4::operator()() const
 #7 _dispatch_client_callout
 #8 _dispatch_async_and_wait_invoke
 #9 _dispatch_client_callout
 #10 _dispatch_main_queue_drain
 #11 _dispatch_main_queue_callback_4CF
 #12 __CFRUNLOOP_IS_SERVICING_THE_MAIN_DISPATCH_QUEUE__
 #13 __CFRunLoopRun
 #14 CFRunLoopRunSpecific
 #15 RunCurrentEventLoopInMode
 #16 ReceiveNextEventCommon
 #17 _BlockUntilNextEventMatchingListInModeWithFilter
 #18 _DPSNextEvent
 #19 -[NSApplication(NSEvent) _nextEventMatchingEventMask:untilDate:inMode:dequeue:]
 #20 -[NSApplication run]
 #21 NSApplicationMain
 #22 EditorMain(int, char const**)
 #23 main
 #24 start

Begin MonoManager ReloadAssembly
- Loaded All Assemblies, in  0.872 seconds
Native extension for WindowsStandalone target not found
Native extension for iOS target not found
Native extension for Android target not found
Native extension for OSXStandalone target not found
Mono: successfully reloaded assembly
[Package Manager] Server::EnsureServerProcessIsRunning -- launch failed, reason: Unity was launched with the -noUpm command-line argument
[Package Manager] UpmClient::Send -- Unable to send message (not connected to UPM process).
[Package Manager] Cannot connect to Unity Package Manager local server
- Finished resetting the current domain, in  2.304 seconds
Domain Reload Profiling: 3175ms
	BeginReloadAssembly (280ms)
		ExecutionOrderSort (0ms)
		DisableScriptedObjects (21ms)
		BackupInstance (0ms)
		ReleaseScriptingObjects (0ms)
		CreateAndSetChildDomain (93ms)
	RebuildCommonClasses (68ms)
	RebuildNativeTypeToScriptingClass (22ms)
	initialDomainReloadingComplete (45ms)
	LoadAllAssembliesAndSetupDomain (455ms)
		LoadAssemblies (521ms)
		RebuildTransferFunctionScriptingTraits (0ms)
		AnalyzeDomain (57ms)
			TypeCache.Refresh (18ms)
				TypeCache.ScanAssembly (3ms)
			ScanForSourceGeneratedMonoScriptInfo (22ms)
			ResolveRequiredComponents (13ms)
	FinalizeReload (2305ms)
		ReleaseScriptCaches (0ms)
		RebuildScriptCaches (0ms)
		SetupLoadedEditorAssemblies (783ms)
			LogAssemblyErrors (0ms)
			InitializePlatformSupportModulesInManaged (59ms)
			SetLoadedEditorAssemblies (8ms)
			RefreshPlugins (0ms)
			BeforeProcessingInitializeOnLoad (117ms)
			ProcessInitializeOnLoadAttributes (531ms)
			ProcessInitializeOnLoadMethodAttributes (65ms)
			AfterProcessingInitializeOnLoad (2ms)
			EditorAssembliesLoaded (0ms)
		ExecutionOrderSort2 (0ms)
		AwakeInstancesAfterBackupRestoration (18ms)
Refreshing native plugins compatible for Editor in 5.33 ms, found 3 plugins.
Preloading 0 native plugins for Editor in 0.00 ms.
Unloading 4324 Unused Serialized files (Serialized files now loaded: 0)
Unloading 19 unused Assets / (31.3 KB). Loaded Objects now: 5253.
Memory consumption went from 0.62 GB to 0.62 GB.
Total: 5.837918 ms (FindLiveObjects: 0.462456 ms CreateObjectMapping: 0.438719 ms MarkObjects: 4.842010 ms  DeleteObjects: 0.093277 ms)

Prepare: number of updated asset objects reloaded= 0
AssetImportParameters requested are different than current active one (requested -> active):
  custom:container-demuxer-ogg: 62fdf1f143b41e24485cea50d1cbac27 -> 
  custom:scripting/monoscript/fileName/Rumble Toggle.cs: 9255d141ced706a64b082180f4b6a5c6 -> 
  custom:video-decoder-ogg-theora: a1e56fd34408186e4bbccfd4996cb3dc -> 
  custom:CustomObjectIndexerAttribute: 9a22284fe3817be447336de3de66b15e -> 
  custom:container-demuxer-webm: 4f35f7cbe854078d1ac9338744f61a02 -> 
  custom:container-muxer-webm: aa71ff27fc2769a1b78a27578f13a17b -> 
  custom:scripting/monoscript/fileName/RegisterManager.cs: c6fba922704cd91ef405ae7a4408da96 -> 
  custom:video-decoder-webm-vp8: 9c59270c3fd7afecdb556c50c9e8de78 -> 
  custom:SearchIndexIgnoredProperties: e643bd26f0fe6173181afceb89e7c659 -> 
  custom:AudioImporter_EditorPlatform: 3918e3fc78b5a79bad01e8451be0beb8 -> 
  custom:framework-osx-AVFoundation: e770b220cccbd017edd2c1fefb359320 -> 
  custom:video-encoder-webm-vp8: eb34c28f22e8b96e1ab97ce403110664 -> 
  custom:audio-decoder-ogg-vorbis: bf7c407c2cedff20999df2af8eb42d56 -> 
  custom:scripting/monoscript/fileName/Exit Game.cs: 9f3cc85f4d80e3eecbb57ffd1eba67c5 -> 
  custom:scripting/monoscript/fileName/LoginManager.cs: 3cc846c0f24614c9b07317b57418305e -> 
  custom:audio-encoder-webm-vorbis: bf7c407c2cedff20999df2af8eb42d56 -> 
  custom:scripting/precompiled-assembly-types:Assembly-CSharp: e9c2f52279a86e76ceb5400c7b0f48ce -> 975431d59eab3a43bafba41244e6b097
========================================================================
Received Prepare
Caller must complete domain reload
 #0 GetStacktrace(int)
 #1 DebugStringToFile(DebugStringToFileData const&)
 #2 AssertImplementation(int, char const*, int, int, char const*)
 #3 Internal_ADB_WorkerOnly_DomainReload(AssemblyLoadReason)
 #4 WorkerDomainReloadV2()
 #5 AssetImportWorkerClient::ReloadMonoDomain(AssetResolver&)
 #6 invocation function for block in AssetImportWorkerClient::HandleMessage(PrepareMessage const&)::$_4::operator()() const
 #7 _dispatch_client_callout
 #8 _dispatch_async_and_wait_invoke
 #9 _dispatch_client_callout
 #10 _dispatch_main_queue_drain
 #11 _dispatch_main_queue_callback_4CF
 #12 __CFRUNLOOP_IS_SERVICING_THE_MAIN_DISPATCH_QUEUE__
 #13 __CFRunLoopRun
 #14 CFRunLoopRunSpecific
 #15 RunCurrentEventLoopInMode
 #16 ReceiveNextEventCommon
 #17 _BlockUntilNextEventMatchingListInModeWithFilter
 #18 _DPSNextEvent
 #19 -[NSApplication(NSEvent) _nextEventMatchingEventMask:untilDate:inMode:dequeue:]
 #20 -[NSApplication run]
 #21 NSApplicationMain
 #22 EditorMain(int, char const**)
 #23 main
 #24 start

Begin MonoManager ReloadAssembly
- Loaded All Assemblies, in  0.841 seconds
Native extension for WindowsStandalone target not found
Native extension for iOS target not found
Native extension for Android target not found
Native extension for OSXStandalone target not found
Mono: successfully reloaded assembly
[Package Manager] Server::EnsureServerProcessIsRunning -- launch failed, reason: Unity was launched with the -noUpm command-line argument
[Package Manager] UpmClient::Send -- Unable to send message (not connected to UPM process).
[Package Manager] Cannot connect to Unity Package Manager local server
- Finished resetting the current domain, in  2.459 seconds
Domain Reload Profiling: 3300ms
	BeginReloadAssembly (274ms)
		ExecutionOrderSort (0ms)
		DisableScriptedObjects (23ms)
		BackupInstance (0ms)
		ReleaseScriptingObjects (0ms)
		CreateAndSetChildDomain (93ms)
	RebuildCommonClasses (66ms)
	RebuildNativeTypeToScriptingClass (22ms)
	initialDomainReloadingComplete (47ms)
	LoadAllAssembliesAndSetupDomain (431ms)
		LoadAssemblies (519ms)
		RebuildTransferFunctionScriptingTraits (0ms)
		AnalyzeDomain (27ms)
			TypeCache.Refresh (9ms)
				TypeCache.ScanAssembly (0ms)
			ScanForSourceGeneratedMonoScriptInfo (0ms)
			ResolveRequiredComponents (14ms)
	FinalizeReload (2460ms)
		ReleaseScriptCaches (0ms)
		RebuildScriptCaches (0ms)
		SetupLoadedEditorAssemblies (980ms)
			LogAssemblyErrors (0ms)
			InitializePlatformSupportModulesInManaged (58ms)
			SetLoadedEditorAssemblies (9ms)
			RefreshPlugins (0ms)
			BeforeProcessingInitializeOnLoad (130ms)
			ProcessInitializeOnLoadAttributes (699ms)
			ProcessInitializeOnLoadMethodAttributes (79ms)
			AfterProcessingInitializeOnLoad (5ms)
			EditorAssembliesLoaded (1ms)
		ExecutionOrderSort2 (0ms)
		AwakeInstancesAfterBackupRestoration (23ms)
Refreshing native plugins compatible for Editor in 6.06 ms, found 3 plugins.
Preloading 0 native plugins for Editor in 0.00 ms.
Unloading 4324 Unused Serialized files (Serialized files now loaded: 0)
Unloading 19 unused Assets / (31.3 KB). Loaded Objects now: 5257.
Memory consumption went from 0.63 GB to 0.63 GB.
Total: 9.043742 ms (FindLiveObjects: 0.608815 ms CreateObjectMapping: 0.565614 ms MarkObjects: 7.784537 ms  DeleteObjects: 0.082715 ms)

Prepare: number of updated asset objects reloaded= 0
AssetImportParameters requested are different than current active one (requested -> active):
  custom:container-demuxer-ogg: 62fdf1f143b41e24485cea50d1cbac27 -> 
  custom:scripting/monoscript/fileName/Rumble Toggle.cs: 9255d141ced706a64b082180f4b6a5c6 -> 
  custom:video-decoder-ogg-theora: a1e56fd34408186e4bbccfd4996cb3dc -> 
  custom:CustomObjectIndexerAttribute: 9a22284fe3817be447336de3de66b15e -> 
  custom:container-demuxer-webm: 4f35f7cbe854078d1ac9338744f61a02 -> 
  custom:container-muxer-webm: aa71ff27fc2769a1b78a27578f13a17b -> 
  custom:scripting/monoscript/fileName/RegisterManager.cs: c6fba922704cd91ef405ae7a4408da96 -> 
  custom:video-decoder-webm-vp8: 9c59270c3fd7afecdb556c50c9e8de78 -> 
  custom:SearchIndexIgnoredProperties: e643bd26f0fe6173181afceb89e7c659 -> 
  custom:AudioImporter_EditorPlatform: 3918e3fc78b5a79bad01e8451be0beb8 -> 
  custom:framework-osx-AVFoundation: e770b220cccbd017edd2c1fefb359320 -> 
  custom:video-encoder-webm-vp8: eb34c28f22e8b96e1ab97ce403110664 -> 
  custom:audio-decoder-ogg-vorbis: bf7c407c2cedff20999df2af8eb42d56 -> 
  custom:scripting/monoscript/fileName/Exit Game.cs: 9f3cc85f4d80e3eecbb57ffd1eba67c5 -> 
  custom:scripting/monoscript/fileName/LoginManager.cs: 3cc846c0f24614c9b07317b57418305e -> 
  custom:audio-encoder-webm-vorbis: bf7c407c2cedff20999df2af8eb42d56 -> 
  custom:scripting/precompiled-assembly-types:Assembly-CSharp: e9c2f52279a86e76ceb5400c7b0f48ce -> 975431d59eab3a43bafba41244e6b097
========================================================================
Received Prepare
Caller must complete domain reload
 #0 GetStacktrace(int)
 #1 DebugStringToFile(DebugStringToFileData const&)
 #2 AssertImplementation(int, char const*, int, int, char const*)
 #3 Internal_ADB_WorkerOnly_DomainReload(AssemblyLoadReason)
 #4 WorkerDomainReloadV2()
 #5 AssetImportWorkerClient::ReloadMonoDomain(AssetResolver&)
 #6 invocation function for block in AssetImportWorkerClient::HandleMessage(PrepareMessage const&)::$_4::operator()() const
 #7 _dispatch_client_callout
 #8 _dispatch_async_and_wait_invoke
 #9 _dispatch_client_callout
 #10 _dispatch_main_queue_drain
 #11 _dispatch_main_queue_callback_4CF
 #12 __CFRUNLOOP_IS_SERVICING_THE_MAIN_DISPATCH_QUEUE__
 #13 __CFRunLoopRun
 #14 CFRunLoopRunSpecific
 #15 RunCurrentEventLoopInMode
 #16 ReceiveNextEventCommon
 #17 _BlockUntilNextEventMatchingListInModeWithFilter
 #18 _DPSNextEvent
 #19 -[NSApplication(NSEvent) _nextEventMatchingEventMask:untilDate:inMode:dequeue:]
 #20 -[NSApplication run]
 #21 NSApplicationMain
 #22 EditorMain(int, char const**)
 #23 main
 #24 start

Begin MonoManager ReloadAssembly
- Loaded All Assemblies, in  0.990 seconds
Native extension for WindowsStandalone target not found
Native extension for iOS target not found
Native extension for Android target not found
Native extension for OSXStandalone target not found
Mono: successfully reloaded assembly
[Package Manager] Server::EnsureServerProcessIsRunning -- launch failed, reason: Unity was launched with the -noUpm command-line argument
[Package Manager] UpmClient::Send -- Unable to send message (not connected to UPM process).
[Package Manager] Cannot connect to Unity Package Manager local server
- Finished resetting the current domain, in  2.671 seconds
Domain Reload Profiling: 3663ms
	BeginReloadAssembly (378ms)
		ExecutionOrderSort (0ms)
		DisableScriptedObjects (30ms)
		BackupInstance (0ms)
		ReleaseScriptingObjects (0ms)
		CreateAndSetChildDomain (145ms)
	RebuildCommonClasses (68ms)
	RebuildNativeTypeToScriptingClass (22ms)
	initialDomainReloadingComplete (54ms)
	LoadAllAssembliesAndSetupDomain (468ms)
		LoadAssemblies (583ms)
		RebuildTransferFunctionScriptingTraits (0ms)
		AnalyzeDomain (34ms)
			TypeCache.Refresh (14ms)
				TypeCache.ScanAssembly (0ms)
			ScanForSourceGeneratedMonoScriptInfo (0ms)
			ResolveRequiredComponents (16ms)
	FinalizeReload (2673ms)
		ReleaseScriptCaches (0ms)
		RebuildScriptCaches (0ms)
		SetupLoadedEditorAssemblies (1031ms)
			LogAssemblyErrors (0ms)
			InitializePlatformSupportModulesInManaged (71ms)
			SetLoadedEditorAssemblies (14ms)
			RefreshPlugins (0ms)
			BeforeProcessingInitializeOnLoad (153ms)
			ProcessInitializeOnLoadAttributes (706ms)
			ProcessInitializeOnLoadMethodAttributes (84ms)
			AfterProcessingInitializeOnLoad (3ms)
			EditorAssembliesLoaded (1ms)
		ExecutionOrderSort2 (0ms)
		AwakeInstancesAfterBackupRestoration (22ms)
Refreshing native plugins compatible for Editor in 12.61 ms, found 3 plugins.
Preloading 0 native plugins for Editor in 0.00 ms.
Unloading 4324 Unused Serialized files (Serialized files now loaded: 0)
Unloading 19 unused Assets / (31.3 KB). Loaded Objects now: 5261.
Memory consumption went from 0.63 GB to 0.63 GB.
Total: 7.165263 ms (FindLiveObjects: 0.539879 ms CreateObjectMapping: 0.538414 ms MarkObjects: 6.011305 ms  DeleteObjects: 0.074227 ms)

Prepare: number of updated asset objects reloaded= 0
AssetImportParameters requested are different than current active one (requested -> active):
  custom:container-demuxer-ogg: 62fdf1f143b41e24485cea50d1cbac27 -> 
  custom:scripting/monoscript/fileName/Rumble Toggle.cs: 9255d141ced706a64b082180f4b6a5c6 -> 
  custom:video-decoder-ogg-theora: a1e56fd34408186e4bbccfd4996cb3dc -> 
  custom:CustomObjectIndexerAttribute: 9a22284fe3817be447336de3de66b15e -> 
  custom:container-demuxer-webm: 4f35f7cbe854078d1ac9338744f61a02 -> 
  custom:container-muxer-webm: aa71ff27fc2769a1b78a27578f13a17b -> 
  custom:scripting/monoscript/fileName/RegisterManager.cs: c6fba922704cd91ef405ae7a4408da96 -> 
  custom:video-decoder-webm-vp8: 9c59270c3fd7afecdb556c50c9e8de78 -> 
  custom:SearchIndexIgnoredProperties: e643bd26f0fe6173181afceb89e7c659 -> 
  custom:AudioImporter_EditorPlatform: 3918e3fc78b5a79bad01e8451be0beb8 -> 
  custom:framework-osx-AVFoundation: e770b220cccbd017edd2c1fefb359320 -> 
  custom:video-encoder-webm-vp8: eb34c28f22e8b96e1ab97ce403110664 -> 
  custom:audio-decoder-ogg-vorbis: bf7c407c2cedff20999df2af8eb42d56 -> 
  custom:scripting/monoscript/fileName/Exit Game.cs: 9f3cc85f4d80e3eecbb57ffd1eba67c5 -> 
  custom:scripting/monoscript/fileName/LoginManager.cs: 3cc846c0f24614c9b07317b57418305e -> 
  custom:audio-encoder-webm-vorbis: bf7c407c2cedff20999df2af8eb42d56 -> 
  custom:scripting/precompiled-assembly-types:Assembly-CSharp: e9c2f52279a86e76ceb5400c7b0f48ce -> 975431d59eab3a43bafba41244e6b097
========================================================================
Received Prepare
Caller must complete domain reload
 #0 GetStacktrace(int)
 #1 DebugStringToFile(DebugStringToFileData const&)
 #2 AssertImplementation(int, char const*, int, int, char const*)
 #3 Internal_ADB_WorkerOnly_DomainReload(AssemblyLoadReason)
 #4 WorkerDomainReloadV2()
 #5 AssetImportWorkerClient::ReloadMonoDomain(AssetResolver&)
 #6 invocation function for block in AssetImportWorkerClient::HandleMessage(PrepareMessage const&)::$_4::operator()() const
 #7 _dispatch_client_callout
 #8 _dispatch_async_and_wait_invoke
 #9 _dispatch_client_callout
 #10 _dispatch_main_queue_drain
 #11 _dispatch_main_queue_callback_4CF
 #12 __CFRUNLOOP_IS_SERVICING_THE_MAIN_DISPATCH_QUEUE__
 #13 __CFRunLoopRun
 #14 CFRunLoopRunSpecific
 #15 RunCurrentEventLoopInMode
 #16 ReceiveNextEventCommon
 #17 _BlockUntilNextEventMatchingListInModeWithFilter
 #18 _DPSNextEvent
 #19 -[NSApplication(NSEvent) _nextEventMatchingEventMask:untilDate:inMode:dequeue:]
 #20 -[NSApplication run]
 #21 NSApplicationMain
 #22 EditorMain(int, char const**)
 #23 main
 #24 start

Begin MonoManager ReloadAssembly
- Loaded All Assemblies, in  0.819 seconds
Native extension for WindowsStandalone target not found
Native extension for iOS target not found
Native extension for Android target not found
Native extension for OSXStandalone target not found
Mono: successfully reloaded assembly
[Package Manager] Server::EnsureServerProcessIsRunning -- launch failed, reason: Unity was launched with the -noUpm command-line argument
[Package Manager] UpmClient::Send -- Unable to send message (not connected to UPM process).
[Package Manager] Cannot connect to Unity Package Manager local server
- Finished resetting the current domain, in  2.421 seconds
Domain Reload Profiling: 3240ms
	BeginReloadAssembly (288ms)
		ExecutionOrderSort (0ms)
		DisableScriptedObjects (19ms)
		BackupInstance (0ms)
		ReleaseScriptingObjects (0ms)
		CreateAndSetChildDomain (93ms)
	RebuildCommonClasses (69ms)
	RebuildNativeTypeToScriptingClass (23ms)
	initialDomainReloadingComplete (46ms)
	LoadAllAssembliesAndSetupDomain (391ms)
		LoadAssemblies (499ms)
		RebuildTransferFunctionScriptingTraits (0ms)
		AnalyzeDomain (27ms)
			TypeCache.Refresh (9ms)
				TypeCache.ScanAssembly (0ms)
			ScanForSourceGeneratedMonoScriptInfo (0ms)
			ResolveRequiredComponents (14ms)
	FinalizeReload (2422ms)
		ReleaseScriptCaches (0ms)
		RebuildScriptCaches (0ms)
		SetupLoadedEditorAssemblies (849ms)
			LogAssemblyErrors (0ms)
			InitializePlatformSupportModulesInManaged (56ms)
			SetLoadedEditorAssemblies (10ms)
			RefreshPlugins (0ms)
			BeforeProcessingInitializeOnLoad (126ms)
			ProcessInitializeOnLoadAttributes (575ms)
			ProcessInitializeOnLoadMethodAttributes (79ms)
			AfterProcessingInitializeOnLoad (3ms)
			EditorAssembliesLoaded (1ms)
		ExecutionOrderSort2 (0ms)
		AwakeInstancesAfterBackupRestoration (21ms)
Refreshing native plugins compatible for Editor in 11.60 ms, found 3 plugins.
Preloading 0 native plugins for Editor in 0.00 ms.
Unloading 4324 Unused Serialized files (Serialized files now loaded: 0)
Unloading 19 unused Assets / (31.3 KB). Loaded Objects now: 5265.
Memory consumption went from 0.64 GB to 0.64 GB.
Total: 7.114123 ms (FindLiveObjects: 0.731354 ms CreateObjectMapping: 0.583791 ms MarkObjects: 5.719816 ms  DeleteObjects: 0.077263 ms)

Prepare: number of updated asset objects reloaded= 0
AssetImportParameters requested are different than current active one (requested -> active):
  custom:container-demuxer-ogg: 62fdf1f143b41e24485cea50d1cbac27 -> 
  custom:scripting/monoscript/fileName/Rumble Toggle.cs: 9255d141ced706a64b082180f4b6a5c6 -> 
  custom:video-decoder-ogg-theora: a1e56fd34408186e4bbccfd4996cb3dc -> 
  custom:CustomObjectIndexerAttribute: 9a22284fe3817be447336de3de66b15e -> 
  custom:container-demuxer-webm: 4f35f7cbe854078d1ac9338744f61a02 -> 
  custom:container-muxer-webm: aa71ff27fc2769a1b78a27578f13a17b -> 
  custom:scripting/monoscript/fileName/RegisterManager.cs: c6fba922704cd91ef405ae7a4408da96 -> 
  custom:video-decoder-webm-vp8: 9c59270c3fd7afecdb556c50c9e8de78 -> 
  custom:SearchIndexIgnoredProperties: e643bd26f0fe6173181afceb89e7c659 -> 
  custom:AudioImporter_EditorPlatform: 3918e3fc78b5a79bad01e8451be0beb8 -> 
  custom:framework-osx-AVFoundation: e770b220cccbd017edd2c1fefb359320 -> 
  custom:video-encoder-webm-vp8: eb34c28f22e8b96e1ab97ce403110664 -> 
  custom:audio-decoder-ogg-vorbis: bf7c407c2cedff20999df2af8eb42d56 -> 
  custom:scripting/monoscript/fileName/Exit Game.cs: 9f3cc85f4d80e3eecbb57ffd1eba67c5 -> 
  custom:scripting/monoscript/fileName/LoginManager.cs: 3cc846c0f24614c9b07317b57418305e -> 
  custom:audio-encoder-webm-vorbis: bf7c407c2cedff20999df2af8eb42d56 -> 
  custom:scripting/precompiled-assembly-types:Assembly-CSharp: e9c2f52279a86e76ceb5400c7b0f48ce -> 975431d59eab3a43bafba41244e6b097
========================================================================
Received Prepare
Caller must complete domain reload
 #0 GetStacktrace(int)
 #1 DebugStringToFile(DebugStringToFileData const&)
 #2 AssertImplementation(int, char const*, int, int, char const*)
 #3 Internal_ADB_WorkerOnly_DomainReload(AssemblyLoadReason)
 #4 WorkerDomainReloadV2()
 #5 AssetImportWorkerClient::ReloadMonoDomain(AssetResolver&)
 #6 invocation function for block in AssetImportWorkerClient::HandleMessage(PrepareMessage const&)::$_4::operator()() const
 #7 _dispatch_client_callout
 #8 _dispatch_async_and_wait_invoke
 #9 _dispatch_client_callout
 #10 _dispatch_main_queue_drain
 #11 _dispatch_main_queue_callback_4CF
 #12 __CFRUNLOOP_IS_SERVICING_THE_MAIN_DISPATCH_QUEUE__
 #13 __CFRunLoopRun
 #14 CFRunLoopRunSpecific
 #15 RunCurrentEventLoopInMode
 #16 ReceiveNextEventCommon
 #17 _BlockUntilNextEventMatchingListInModeWithFilter
 #18 _DPSNextEvent
 #19 -[NSApplication(NSEvent) _nextEventMatchingEventMask:untilDate:inMode:dequeue:]
 #20 -[NSApplication run]
 #21 NSApplicationMain
 #22 EditorMain(int, char const**)
 #23 main
 #24 start

Begin MonoManager ReloadAssembly
- Loaded All Assemblies, in  0.810 seconds
Native extension for WindowsStandalone target not found
Native extension for iOS target not found
Native extension for Android target not found
Native extension for OSXStandalone target not found
Mono: successfully reloaded assembly
[Package Manager] Server::EnsureServerProcessIsRunning -- launch failed, reason: Unity was launched with the -noUpm command-line argument
[Package Manager] UpmClient::Send -- Unable to send message (not connected to UPM process).
[Package Manager] Cannot connect to Unity Package Manager local server
- Finished resetting the current domain, in  2.469 seconds
Domain Reload Profiling: 3278ms
	BeginReloadAssembly (261ms)
		ExecutionOrderSort (0ms)
		DisableScriptedObjects (21ms)
		BackupInstance (0ms)
		ReleaseScriptingObjects (0ms)
		CreateAndSetChildDomain (84ms)
	RebuildCommonClasses (63ms)
	RebuildNativeTypeToScriptingClass (22ms)
	initialDomainReloadingComplete (45ms)
	LoadAllAssembliesAndSetupDomain (418ms)
		LoadAssemblies (502ms)
		RebuildTransferFunctionScriptingTraits (0ms)
		AnalyzeDomain (28ms)
			TypeCache.Refresh (9ms)
				TypeCache.ScanAssembly (0ms)
			ScanForSourceGeneratedMonoScriptInfo (0ms)
			ResolveRequiredComponents (14ms)
	FinalizeReload (2470ms)
		ReleaseScriptCaches (0ms)
		RebuildScriptCaches (0ms)
		SetupLoadedEditorAssemblies (921ms)
			LogAssemblyErrors (0ms)
			InitializePlatformSupportModulesInManaged (54ms)
			SetLoadedEditorAssemblies (9ms)
			RefreshPlugins (0ms)
			BeforeProcessingInitializeOnLoad (126ms)
			ProcessInitializeOnLoadAttributes (637ms)
			ProcessInitializeOnLoadMethodAttributes (91ms)
			AfterProcessingInitializeOnLoad (3ms)
			EditorAssembliesLoaded (1ms)
		ExecutionOrderSort2 (0ms)
		AwakeInstancesAfterBackupRestoration (23ms)
Refreshing native plugins compatible for Editor in 13.53 ms, found 3 plugins.
Preloading 0 native plugins for Editor in 0.00 ms.
Unloading 4324 Unused Serialized files (Serialized files now loaded: 0)
Unloading 19 unused Assets / (31.2 KB). Loaded Objects now: 5269.
Memory consumption went from 0.64 GB to 0.64 GB.
Total: 10.525502 ms (FindLiveObjects: 0.716509 ms CreateObjectMapping: 0.597045 ms MarkObjects: 9.121454 ms  DeleteObjects: 0.088399 ms)

Prepare: number of updated asset objects reloaded= 0
AssetImportParameters requested are different than current active one (requested -> active):
  custom:container-demuxer-ogg: 62fdf1f143b41e24485cea50d1cbac27 -> 
  custom:scripting/monoscript/fileName/Rumble Toggle.cs: 9255d141ced706a64b082180f4b6a5c6 -> 
  custom:video-decoder-ogg-theora: a1e56fd34408186e4bbccfd4996cb3dc -> 
  custom:CustomObjectIndexerAttribute: 9a22284fe3817be447336de3de66b15e -> 
  custom:container-demuxer-webm: 4f35f7cbe854078d1ac9338744f61a02 -> 
  custom:container-muxer-webm: aa71ff27fc2769a1b78a27578f13a17b -> 
  custom:scripting/monoscript/fileName/RegisterManager.cs: c6fba922704cd91ef405ae7a4408da96 -> 
  custom:video-decoder-webm-vp8: 9c59270c3fd7afecdb556c50c9e8de78 -> 
  custom:SearchIndexIgnoredProperties: e643bd26f0fe6173181afceb89e7c659 -> 
  custom:AudioImporter_EditorPlatform: 3918e3fc78b5a79bad01e8451be0beb8 -> 
  custom:framework-osx-AVFoundation: e770b220cccbd017edd2c1fefb359320 -> 
  custom:video-encoder-webm-vp8: eb34c28f22e8b96e1ab97ce403110664 -> 
  custom:audio-decoder-ogg-vorbis: bf7c407c2cedff20999df2af8eb42d56 -> 
  custom:scripting/monoscript/fileName/Exit Game.cs: 9f3cc85f4d80e3eecbb57ffd1eba67c5 -> 
  custom:scripting/monoscript/fileName/LoginManager.cs: 3cc846c0f24614c9b07317b57418305e -> 
  custom:audio-encoder-webm-vorbis: bf7c407c2cedff20999df2af8eb42d56 -> 
  custom:scripting/precompiled-assembly-types:Assembly-CSharp: e9c2f52279a86e76ceb5400c7b0f48ce -> 975431d59eab3a43bafba41244e6b097
========================================================================
Received Import Request.
  Time since last request: 4224.911338 seconds.
  path: Assets/Scenes/Levels/LevelTwo.unity
  artifactKey: Guid(76dbbd45c79fb4784aac9839d0ba0513) Importer(815301076,1909f56bfc062723c751e8b465ee728b)
Start importing Assets/Scenes/Levels/LevelTwo.unity using Guid(76dbbd45c79fb4784aac9839d0ba0513) Importer(815301076,1909f56bfc062723c751e8b465ee728b) [PhysX] Initialized MultithreadedTaskDispatcher with 8 workers.
 -> (artifact id: '6a6175a91b617e3c5abf6cfa31d26613') in 0.003013 seconds
Number of updated asset objects reloaded before import = 0
Number of asset objects unloaded after import = 0
========================================================================
Received Prepare
Caller must complete domain reload
 #0 GetStacktrace(int)
 #1 DebugStringToFile(DebugStringToFileData const&)
 #2 AssertImplementation(int, char const*, int, int, char const*)
 #3 Internal_ADB_WorkerOnly_DomainReload(AssemblyLoadReason)
 #4 WorkerDomainReloadV2()
 #5 AssetImportWorkerClient::ReloadMonoDomain(AssetResolver&)
 #6 invocation function for block in AssetImportWorkerClient::HandleMessage(PrepareMessage const&)::$_4::operator()() const
 #7 _dispatch_client_callout
 #8 _dispatch_async_and_wait_invoke
 #9 _dispatch_client_callout
 #10 _dispatch_main_queue_drain
 #11 _dispatch_main_queue_callback_4CF
 #12 __CFRUNLOOP_IS_SERVICING_THE_MAIN_DISPATCH_QUEUE__
 #13 __CFRunLoopRun
 #14 CFRunLoopRunSpecific
 #15 RunCurrentEventLoopInMode
 #16 ReceiveNextEventCommon
 #17 _BlockUntilNextEventMatchingListInModeWithFilter
 #18 _DPSNextEvent
 #19 -[NSApplication(NSEvent) _nextEventMatchingEventMask:untilDate:inMode:dequeue:]
 #20 -[NSApplication run]
 #21 NSApplicationMain
 #22 EditorMain(int, char const**)
 #23 main
 #24 start

Begin MonoManager ReloadAssembly
- Loaded All Assemblies, in  0.799 seconds
Native extension for WindowsStandalone target not found
Native extension for iOS target not found
Native extension for Android target not found
Native extension for OSXStandalone target not found
Mono: successfully reloaded assembly
[Package Manager] Server::EnsureServerProcessIsRunning -- launch failed, reason: Unity was launched with the -noUpm command-line argument
[Package Manager] UpmClient::Send -- Unable to send message (not connected to UPM process).
[Package Manager] Cannot connect to Unity Package Manager local server
- Finished resetting the current domain, in  2.399 seconds
Domain Reload Profiling: 3198ms
	BeginReloadAssembly (252ms)
		ExecutionOrderSort (0ms)
		DisableScriptedObjects (20ms)
		BackupInstance (0ms)
		ReleaseScriptingObjects (0ms)
		CreateAndSetChildDomain (84ms)
	RebuildCommonClasses (65ms)
	RebuildNativeTypeToScriptingClass (22ms)
	initialDomainReloadingComplete (43ms)
	LoadAllAssembliesAndSetupDomain (416ms)
		LoadAssemblies (496ms)
		RebuildTransferFunctionScriptingTraits (0ms)
		AnalyzeDomain (27ms)
			TypeCache.Refresh (10ms)
				TypeCache.ScanAssembly (0ms)
			ScanForSourceGeneratedMonoScriptInfo (0ms)
			ResolveRequiredComponents (14ms)
	FinalizeReload (2401ms)
		ReleaseScriptCaches (0ms)
		RebuildScriptCaches (0ms)
		SetupLoadedEditorAssemblies (858ms)
			LogAssemblyErrors (0ms)
			InitializePlatformSupportModulesInManaged (51ms)
			SetLoadedEditorAssemblies (9ms)
			RefreshPlugins (0ms)
			BeforeProcessingInitializeOnLoad (116ms)
			ProcessInitializeOnLoadAttributes (594ms)
			ProcessInitializeOnLoadMethodAttributes (84ms)
			AfterProcessingInitializeOnLoad (3ms)
			EditorAssembliesLoaded (1ms)
		ExecutionOrderSort2 (0ms)
		AwakeInstancesAfterBackupRestoration (22ms)
Refreshing native plugins compatible for Editor in 5.50 ms, found 3 plugins.
Preloading 0 native plugins for Editor in 0.00 ms.
Unloading 4323 Unused Serialized files (Serialized files now loaded: 0)
Unloading 19 unused Assets / (31.2 KB). Loaded Objects now: 5273.
Memory consumption went from 0.64 GB to 0.64 GB.
Total: 7.183803 ms (FindLiveObjects: 0.675184 ms CreateObjectMapping: 0.513777 ms MarkObjects: 5.908934 ms  DeleteObjects: 0.084007 ms)

Prepare: number of updated asset objects reloaded= 0
AssetImportParameters requested are different than current active one (requested -> active):
  custom:container-demuxer-ogg: 62fdf1f143b41e24485cea50d1cbac27 -> 
  custom:scripting/monoscript/fileName/Rumble Toggle.cs: 9255d141ced706a64b082180f4b6a5c6 -> 
  custom:video-decoder-ogg-theora: a1e56fd34408186e4bbccfd4996cb3dc -> 
  custom:CustomObjectIndexerAttribute: 9a22284fe3817be447336de3de66b15e -> 
  custom:container-demuxer-webm: 4f35f7cbe854078d1ac9338744f61a02 -> 
  custom:container-muxer-webm: aa71ff27fc2769a1b78a27578f13a17b -> 
  custom:scripting/monoscript/fileName/RegisterManager.cs: c6fba922704cd91ef405ae7a4408da96 -> 
  custom:video-decoder-webm-vp8: 9c59270c3fd7afecdb556c50c9e8de78 -> 
  custom:SearchIndexIgnoredProperties: e643bd26f0fe6173181afceb89e7c659 -> 
  custom:AudioImporter_EditorPlatform: 3918e3fc78b5a79bad01e8451be0beb8 -> 
  custom:framework-osx-AVFoundation: e770b220cccbd017edd2c1fefb359320 -> 
  custom:video-encoder-webm-vp8: eb34c28f22e8b96e1ab97ce403110664 -> 
  custom:audio-decoder-ogg-vorbis: bf7c407c2cedff20999df2af8eb42d56 -> 
  custom:scripting/monoscript/fileName/Exit Game.cs: 9f3cc85f4d80e3eecbb57ffd1eba67c5 -> 
  custom:scripting/monoscript/fileName/LoginManager.cs: 3cc846c0f24614c9b07317b57418305e -> 
  custom:audio-encoder-webm-vorbis: bf7c407c2cedff20999df2af8eb42d56 -> 
  custom:scripting/precompiled-assembly-types:Assembly-CSharp: e9c2f52279a86e76ceb5400c7b0f48ce -> 975431d59eab3a43bafba41244e6b097
========================================================================
Received Prepare
Caller must complete domain reload
 #0 GetStacktrace(int)
 #1 DebugStringToFile(DebugStringToFileData const&)
 #2 AssertImplementation(int, char const*, int, int, char const*)
 #3 Internal_ADB_WorkerOnly_DomainReload(AssemblyLoadReason)
 #4 WorkerDomainReloadV2()
 #5 AssetImportWorkerClient::ReloadMonoDomain(AssetResolver&)
 #6 invocation function for block in AssetImportWorkerClient::HandleMessage(PrepareMessage const&)::$_4::operator()() const
 #7 _dispatch_client_callout
 #8 _dispatch_async_and_wait_invoke
 #9 _dispatch_client_callout
 #10 _dispatch_main_queue_drain
 #11 _dispatch_main_queue_callback_4CF
 #12 __CFRUNLOOP_IS_SERVICING_THE_MAIN_DISPATCH_QUEUE__
 #13 __CFRunLoopRun
 #14 CFRunLoopRunSpecific
 #15 RunCurrentEventLoopInMode
 #16 ReceiveNextEventCommon
 #17 _BlockUntilNextEventMatchingListInModeWithFilter
 #18 _DPSNextEvent
 #19 -[NSApplication(NSEvent) _nextEventMatchingEventMask:untilDate:inMode:dequeue:]
 #20 -[NSApplication run]
 #21 NSApplicationMain
 #22 EditorMain(int, char const**)
 #23 main
 #24 start

Begin MonoManager ReloadAssembly
- Loaded All Assemblies, in  1.043 seconds
Native extension for WindowsStandalone target not found
Native extension for iOS target not found
Native extension for Android target not found
Native extension for OSXStandalone target not found
Mono: successfully reloaded assembly
[Package Manager] Server::EnsureServerProcessIsRunning -- launch failed, reason: Unity was launched with the -noUpm command-line argument
[Package Manager] UpmClient::Send -- Unable to send message (not connected to UPM process).
[Package Manager] Cannot connect to Unity Package Manager local server
- Finished resetting the current domain, in  2.609 seconds
Domain Reload Profiling: 3653ms
	BeginReloadAssembly (386ms)
		ExecutionOrderSort (0ms)
		DisableScriptedObjects (30ms)
		BackupInstance (0ms)
		ReleaseScriptingObjects (0ms)
		CreateAndSetChildDomain (148ms)
	RebuildCommonClasses (68ms)
	RebuildNativeTypeToScriptingClass (22ms)
	initialDomainReloadingComplete (54ms)
	LoadAllAssembliesAndSetupDomain (514ms)
		LoadAssemblies (628ms)
		RebuildTransferFunctionScriptingTraits (0ms)
		AnalyzeDomain (38ms)
			TypeCache.Refresh (14ms)
				TypeCache.ScanAssembly (0ms)
			ScanForSourceGeneratedMonoScriptInfo (0ms)
			ResolveRequiredComponents (19ms)
	FinalizeReload (2609ms)
		ReleaseScriptCaches (0ms)
		RebuildScriptCaches (0ms)
		SetupLoadedEditorAssemblies (910ms)
			LogAssemblyErrors (0ms)
			InitializePlatformSupportModulesInManaged (57ms)
			SetLoadedEditorAssemblies (10ms)
			RefreshPlugins (0ms)
			BeforeProcessingInitializeOnLoad (129ms)
			ProcessInitializeOnLoadAttributes (618ms)
			ProcessInitializeOnLoadMethodAttributes (90ms)
			AfterProcessingInitializeOnLoad (6ms)
			EditorAssembliesLoaded (1ms)
		ExecutionOrderSort2 (0ms)
		AwakeInstancesAfterBackupRestoration (30ms)
Refreshing native plugins compatible for Editor in 12.62 ms, found 3 plugins.
Preloading 0 native plugins for Editor in 0.00 ms.
Unloading 4324 Unused Serialized files (Serialized files now loaded: 0)
Unloading 19 unused Assets / (31.2 KB). Loaded Objects now: 5277.
Memory consumption went from 0.65 GB to 0.65 GB.
Total: 7.889179 ms (FindLiveObjects: 0.620973 ms CreateObjectMapping: 0.582843 ms MarkObjects: 6.619000 ms  DeleteObjects: 0.064812 ms)

Prepare: number of updated asset objects reloaded= 0
AssetImportParameters requested are different than current active one (requested -> active):
  custom:container-demuxer-ogg: 62fdf1f143b41e24485cea50d1cbac27 -> 
  custom:scripting/monoscript/fileName/Rumble Toggle.cs: 9255d141ced706a64b082180f4b6a5c6 -> 
  custom:video-decoder-ogg-theora: a1e56fd34408186e4bbccfd4996cb3dc -> 
  custom:CustomObjectIndexerAttribute: 9a22284fe3817be447336de3de66b15e -> 
  custom:container-demuxer-webm: 4f35f7cbe854078d1ac9338744f61a02 -> 
  custom:container-muxer-webm: aa71ff27fc2769a1b78a27578f13a17b -> 
  custom:scripting/monoscript/fileName/RegisterManager.cs: c6fba922704cd91ef405ae7a4408da96 -> 
  custom:video-decoder-webm-vp8: 9c59270c3fd7afecdb556c50c9e8de78 -> 
  custom:SearchIndexIgnoredProperties: e643bd26f0fe6173181afceb89e7c659 -> 
  custom:AudioImporter_EditorPlatform: 3918e3fc78b5a79bad01e8451be0beb8 -> 
  custom:framework-osx-AVFoundation: e770b220cccbd017edd2c1fefb359320 -> 
  custom:video-encoder-webm-vp8: eb34c28f22e8b96e1ab97ce403110664 -> 
  custom:audio-decoder-ogg-vorbis: bf7c407c2cedff20999df2af8eb42d56 -> 
  custom:scripting/monoscript/fileName/Exit Game.cs: 9f3cc85f4d80e3eecbb57ffd1eba67c5 -> 
  custom:scripting/monoscript/fileName/LoginManager.cs: 3cc846c0f24614c9b07317b57418305e -> 
  custom:audio-encoder-webm-vorbis: bf7c407c2cedff20999df2af8eb42d56 -> 
  custom:scripting/precompiled-assembly-types:Assembly-CSharp: e9c2f52279a86e76ceb5400c7b0f48ce -> 975431d59eab3a43bafba41244e6b097
========================================================================
Received Prepare
Caller must complete domain reload
 #0 GetStacktrace(int)
 #1 DebugStringToFile(DebugStringToFileData const&)
 #2 AssertImplementation(int, char const*, int, int, char const*)
 #3 Internal_ADB_WorkerOnly_DomainReload(AssemblyLoadReason)
 #4 WorkerDomainReloadV2()
 #5 AssetImportWorkerClient::ReloadMonoDomain(AssetResolver&)
 #6 invocation function for block in AssetImportWorkerClient::HandleMessage(PrepareMessage const&)::$_4::operator()() const
 #7 _dispatch_client_callout
 #8 _dispatch_async_and_wait_invoke
 #9 _dispatch_client_callout
 #10 _dispatch_main_queue_drain
 #11 _dispatch_main_queue_callback_4CF
 #12 __CFRUNLOOP_IS_SERVICING_THE_MAIN_DISPATCH_QUEUE__
 #13 __CFRunLoopRun
 #14 CFRunLoopRunSpecific
 #15 RunCurrentEventLoopInMode
 #16 ReceiveNextEventCommon
 #17 _BlockUntilNextEventMatchingListInModeWithFilter
 #18 _DPSNextEvent
 #19 -[NSApplication(NSEvent) _nextEventMatchingEventMask:untilDate:inMode:dequeue:]
 #20 -[NSApplication run]
 #21 NSApplicationMain
 #22 EditorMain(int, char const**)
 #23 main
 #24 start

Begin MonoManager ReloadAssembly
- Loaded All Assemblies, in  0.844 seconds
Native extension for WindowsStandalone target not found
Native extension for iOS target not found
Native extension for Android target not found
Native extension for OSXStandalone target not found
Mono: successfully reloaded assembly
[Package Manager] Server::EnsureServerProcessIsRunning -- launch failed, reason: Unity was launched with the -noUpm command-line argument
[Package Manager] UpmClient::Send -- Unable to send message (not connected to UPM process).
[Package Manager] Cannot connect to Unity Package Manager local server
- Finished resetting the current domain, in  2.606 seconds
Domain Reload Profiling: 3450ms
	BeginReloadAssembly (281ms)
		ExecutionOrderSort (0ms)
		DisableScriptedObjects (21ms)
		BackupInstance (0ms)
		ReleaseScriptingObjects (0ms)
		CreateAndSetChildDomain (96ms)
	RebuildCommonClasses (67ms)
	RebuildNativeTypeToScriptingClass (22ms)
	initialDomainReloadingComplete (45ms)
	LoadAllAssembliesAndSetupDomain (428ms)
		LoadAssemblies (519ms)
		RebuildTransferFunctionScriptingTraits (0ms)
		AnalyzeDomain (30ms)
			TypeCache.Refresh (10ms)
				TypeCache.ScanAssembly (0ms)
			ScanForSourceGeneratedMonoScriptInfo (0ms)
			ResolveRequiredComponents (16ms)
	FinalizeReload (2607ms)
		ReleaseScriptCaches (0ms)
		RebuildScriptCaches (0ms)
		SetupLoadedEditorAssemblies (950ms)
			LogAssemblyErrors (0ms)
			InitializePlatformSupportModulesInManaged (64ms)
			SetLoadedEditorAssemblies (10ms)
			RefreshPlugins (0ms)
			BeforeProcessingInitializeOnLoad (131ms)
			ProcessInitializeOnLoadAttributes (658ms)
			ProcessInitializeOnLoadMethodAttributes (82ms)
			AfterProcessingInitializeOnLoad (4ms)
			EditorAssembliesLoaded (1ms)
		ExecutionOrderSort2 (0ms)
		AwakeInstancesAfterBackupRestoration (22ms)
Refreshing native plugins compatible for Editor in 11.42 ms, found 3 plugins.
Preloading 0 native plugins for Editor in 0.00 ms.
Unloading 4324 Unused Serialized files (Serialized files now loaded: 0)
Unloading 19 unused Assets / (31.3 KB). Loaded Objects now: 5281.
Memory consumption went from 0.65 GB to 0.65 GB.
Total: 7.752417 ms (FindLiveObjects: 0.554623 ms CreateObjectMapping: 0.687677 ms MarkObjects: 6.438817 ms  DeleteObjects: 0.069597 ms)

Prepare: number of updated asset objects reloaded= 0
AssetImportParameters requested are different than current active one (requested -> active):
  custom:container-demuxer-ogg: 62fdf1f143b41e24485cea50d1cbac27 -> 
  custom:scripting/monoscript/fileName/Rumble Toggle.cs: 9255d141ced706a64b082180f4b6a5c6 -> 
  custom:video-decoder-ogg-theora: a1e56fd34408186e4bbccfd4996cb3dc -> 
  custom:CustomObjectIndexerAttribute: 9a22284fe3817be447336de3de66b15e -> 
  custom:container-demuxer-webm: 4f35f7cbe854078d1ac9338744f61a02 -> 
  custom:container-muxer-webm: aa71ff27fc2769a1b78a27578f13a17b -> 
  custom:scripting/monoscript/fileName/RegisterManager.cs: c6fba922704cd91ef405ae7a4408da96 -> 
  custom:video-decoder-webm-vp8: 9c59270c3fd7afecdb556c50c9e8de78 -> 
  custom:SearchIndexIgnoredProperties: e643bd26f0fe6173181afceb89e7c659 -> 
  custom:AudioImporter_EditorPlatform: 3918e3fc78b5a79bad01e8451be0beb8 -> 
  custom:framework-osx-AVFoundation: e770b220cccbd017edd2c1fefb359320 -> 
  custom:video-encoder-webm-vp8: eb34c28f22e8b96e1ab97ce403110664 -> 
  custom:audio-decoder-ogg-vorbis: bf7c407c2cedff20999df2af8eb42d56 -> 
  custom:scripting/monoscript/fileName/Exit Game.cs: 9f3cc85f4d80e3eecbb57ffd1eba67c5 -> 
  custom:scripting/monoscript/fileName/LoginManager.cs: 3cc846c0f24614c9b07317b57418305e -> 
  custom:audio-encoder-webm-vorbis: bf7c407c2cedff20999df2af8eb42d56 -> 
  custom:scripting/precompiled-assembly-types:Assembly-CSharp: e9c2f52279a86e76ceb5400c7b0f48ce -> 975431d59eab3a43bafba41244e6b097
========================================================================
Received Prepare
Caller must complete domain reload
 #0 GetStacktrace(int)
 #1 DebugStringToFile(DebugStringToFileData const&)
 #2 AssertImplementation(int, char const*, int, int, char const*)
 #3 Internal_ADB_WorkerOnly_DomainReload(AssemblyLoadReason)
 #4 WorkerDomainReloadV2()
 #5 AssetImportWorkerClient::ReloadMonoDomain(AssetResolver&)
 #6 invocation function for block in AssetImportWorkerClient::HandleMessage(PrepareMessage const&)::$_4::operator()() const
 #7 _dispatch_client_callout
 #8 _dispatch_async_and_wait_invoke
 #9 _dispatch_client_callout
 #10 _dispatch_main_queue_drain
 #11 _dispatch_main_queue_callback_4CF
 #12 __CFRUNLOOP_IS_SERVICING_THE_MAIN_DISPATCH_QUEUE__
 #13 __CFRunLoopRun
 #14 CFRunLoopRunSpecific
 #15 RunCurrentEventLoopInMode
 #16 ReceiveNextEventCommon
 #17 _BlockUntilNextEventMatchingListInModeWithFilter
 #18 _DPSNextEvent
 #19 -[NSApplication(NSEvent) _nextEventMatchingEventMask:untilDate:inMode:dequeue:]
 #20 -[NSApplication run]
 #21 NSApplicationMain
 #22 EditorMain(int, char const**)
 #23 main
 #24 start

Begin MonoManager ReloadAssembly
- Loaded All Assemblies, in  0.770 seconds
Native extension for WindowsStandalone target not found
Native extension for iOS target not found
Native extension for Android target not found
Native extension for OSXStandalone target not found
Mono: successfully reloaded assembly
[Package Manager] Server::EnsureServerProcessIsRunning -- launch failed, reason: Unity was launched with the -noUpm command-line argument
[Package Manager] UpmClient::Send -- Unable to send message (not connected to UPM process).
[Package Manager] Cannot connect to Unity Package Manager local server
- Finished resetting the current domain, in  1.468 seconds
Domain Reload Profiling: 2237ms
	BeginReloadAssembly (248ms)
		ExecutionOrderSort (0ms)
		DisableScriptedObjects (20ms)
		BackupInstance (0ms)
		ReleaseScriptingObjects (0ms)
		CreateAndSetChildDomain (81ms)
	RebuildCommonClasses (65ms)
	RebuildNativeTypeToScriptingClass (22ms)
	initialDomainReloadingComplete (44ms)
	LoadAllAssembliesAndSetupDomain (390ms)
		LoadAssemblies (468ms)
		RebuildTransferFunctionScriptingTraits (0ms)
		AnalyzeDomain (28ms)
			TypeCache.Refresh (10ms)
				TypeCache.ScanAssembly (0ms)
			ScanForSourceGeneratedMonoScriptInfo (0ms)
			ResolveRequiredComponents (14ms)
	FinalizeReload (1469ms)
		ReleaseScriptCaches (0ms)
		RebuildScriptCaches (0ms)
		SetupLoadedEditorAssemblies (780ms)
			LogAssemblyErrors (0ms)
			InitializePlatformSupportModulesInManaged (54ms)
			SetLoadedEditorAssemblies (9ms)
			RefreshPlugins (0ms)
			BeforeProcessingInitializeOnLoad (120ms)
			ProcessInitializeOnLoadAttributes (533ms)
			ProcessInitializeOnLoadMethodAttributes (60ms)
			AfterProcessingInitializeOnLoad (4ms)
			EditorAssembliesLoaded (0ms)
		ExecutionOrderSort2 (0ms)
		AwakeInstancesAfterBackupRestoration (17ms)
Refreshing native plugins compatible for Editor in 6.38 ms, found 3 plugins.
Preloading 0 native plugins for Editor in 0.00 ms.
Unloading 4324 Unused Serialized files (Serialized files now loaded: 0)
Unloading 19 unused Assets / (31.3 KB). Loaded Objects now: 5285.
Memory consumption went from 0.66 GB to 0.66 GB.
Total: 7.647715 ms (FindLiveObjects: 0.629661 ms CreateObjectMapping: 0.618468 ms MarkObjects: 6.320260 ms  DeleteObjects: 0.077478 ms)

Prepare: number of updated asset objects reloaded= 0
AssetImportParameters requested are different than current active one (requested -> active):
  custom:container-demuxer-ogg: 62fdf1f143b41e24485cea50d1cbac27 -> 
  custom:scripting/monoscript/fileName/Rumble Toggle.cs: 9255d141ced706a64b082180f4b6a5c6 -> 
  custom:video-decoder-ogg-theora: a1e56fd34408186e4bbccfd4996cb3dc -> 
  custom:CustomObjectIndexerAttribute: 9a22284fe3817be447336de3de66b15e -> 
  custom:container-demuxer-webm: 4f35f7cbe854078d1ac9338744f61a02 -> 
  custom:container-muxer-webm: aa71ff27fc2769a1b78a27578f13a17b -> 
  custom:scripting/monoscript/fileName/RegisterManager.cs: c6fba922704cd91ef405ae7a4408da96 -> 
  custom:video-decoder-webm-vp8: 9c59270c3fd7afecdb556c50c9e8de78 -> 
  custom:SearchIndexIgnoredProperties: e643bd26f0fe6173181afceb89e7c659 -> 
  custom:AudioImporter_EditorPlatform: 3918e3fc78b5a79bad01e8451be0beb8 -> 
  custom:framework-osx-AVFoundation: e770b220cccbd017edd2c1fefb359320 -> 
  custom:video-encoder-webm-vp8: eb34c28f22e8b96e1ab97ce403110664 -> 
  custom:audio-decoder-ogg-vorbis: bf7c407c2cedff20999df2af8eb42d56 -> 
  custom:scripting/monoscript/fileName/Exit Game.cs: 9f3cc85f4d80e3eecbb57ffd1eba67c5 -> 
  custom:scripting/monoscript/fileName/LoginManager.cs: 3cc846c0f24614c9b07317b57418305e -> 
  custom:audio-encoder-webm-vorbis: bf7c407c2cedff20999df2af8eb42d56 -> 
  custom:scripting/precompiled-assembly-types:Assembly-CSharp: e9c2f52279a86e76ceb5400c7b0f48ce -> 975431d59eab3a43bafba41244e6b097
========================================================================
Received Prepare
Caller must complete domain reload
 #0 GetStacktrace(int)
 #1 DebugStringToFile(DebugStringToFileData const&)
 #2 AssertImplementation(int, char const*, int, int, char const*)
 #3 Internal_ADB_WorkerOnly_DomainReload(AssemblyLoadReason)
 #4 WorkerDomainReloadV2()
 #5 AssetImportWorkerClient::ReloadMonoDomain(AssetResolver&)
 #6 invocation function for block in AssetImportWorkerClient::HandleMessage(PrepareMessage const&)::$_4::operator()() const
 #7 _dispatch_client_callout
 #8 _dispatch_async_and_wait_invoke
 #9 _dispatch_client_callout
 #10 _dispatch_main_queue_drain
 #11 _dispatch_main_queue_callback_4CF
 #12 __CFRUNLOOP_IS_SERVICING_THE_MAIN_DISPATCH_QUEUE__
 #13 __CFRunLoopRun
 #14 CFRunLoopRunSpecific
 #15 RunCurrentEventLoopInMode
 #16 ReceiveNextEventCommon
 #17 _BlockUntilNextEventMatchingListInModeWithFilter
 #18 _DPSNextEvent
 #19 -[NSApplication(NSEvent) _nextEventMatchingEventMask:untilDate:inMode:dequeue:]
 #20 -[NSApplication run]
 #21 NSApplicationMain
 #22 EditorMain(int, char const**)
 #23 main
 #24 start

Begin MonoManager ReloadAssembly
- Loaded All Assemblies, in  0.928 seconds
Native extension for WindowsStandalone target not found
Native extension for iOS target not found
Native extension for Android target not found
Native extension for OSXStandalone target not found
Mono: successfully reloaded assembly
[Package Manager] Server::EnsureServerProcessIsRunning -- launch failed, reason: Unity was launched with the -noUpm command-line argument
[Package Manager] UpmClient::Send -- Unable to send message (not connected to UPM process).
[Package Manager] Cannot connect to Unity Package Manager local server
- Finished resetting the current domain, in  2.617 seconds
Domain Reload Profiling: 3545ms
	BeginReloadAssembly (317ms)
		ExecutionOrderSort (0ms)
		DisableScriptedObjects (34ms)
		BackupInstance (0ms)
		ReleaseScriptingObjects (0ms)
		CreateAndSetChildDomain (102ms)
	RebuildCommonClasses (78ms)
	RebuildNativeTypeToScriptingClass (24ms)
	initialDomainReloadingComplete (48ms)
	LoadAllAssembliesAndSetupDomain (459ms)
		LoadAssemblies (551ms)
		RebuildTransferFunctionScriptingTraits (0ms)
		AnalyzeDomain (35ms)
			TypeCache.Refresh (11ms)
				TypeCache.ScanAssembly (0ms)
			ScanForSourceGeneratedMonoScriptInfo (0ms)
			ResolveRequiredComponents (20ms)
	FinalizeReload (2619ms)
		ReleaseScriptCaches (0ms)
		RebuildScriptCaches (0ms)
		SetupLoadedEditorAssemblies (1024ms)
			LogAssemblyErrors (0ms)
			InitializePlatformSupportModulesInManaged (57ms)
			SetLoadedEditorAssemblies (9ms)
			RefreshPlugins (0ms)
			BeforeProcessingInitializeOnLoad (135ms)
			ProcessInitializeOnLoadAttributes (732ms)
			ProcessInitializeOnLoadMethodAttributes (86ms)
			AfterProcessingInitializeOnLoad (5ms)
			EditorAssembliesLoaded (1ms)
		ExecutionOrderSort2 (0ms)
		AwakeInstancesAfterBackupRestoration (22ms)
Refreshing native plugins compatible for Editor in 12.80 ms, found 3 plugins.
Preloading 0 native plugins for Editor in 0.00 ms.
Unloading 4324 Unused Serialized files (Serialized files now loaded: 0)
Unloading 19 unused Assets / (31.3 KB). Loaded Objects now: 5289.
Memory consumption went from 0.66 GB to 0.66 GB.
Total: 9.626627 ms (FindLiveObjects: 0.529099 ms CreateObjectMapping: 0.598490 ms MarkObjects: 8.407645 ms  DeleteObjects: 0.089625 ms)

Prepare: number of updated asset objects reloaded= 0
AssetImportParameters requested are different than current active one (requested -> active):
  custom:container-demuxer-ogg: 62fdf1f143b41e24485cea50d1cbac27 -> 
  custom:scripting/monoscript/fileName/Rumble Toggle.cs: 9255d141ced706a64b082180f4b6a5c6 -> 
  custom:video-decoder-ogg-theora: a1e56fd34408186e4bbccfd4996cb3dc -> 
  custom:CustomObjectIndexerAttribute: 9a22284fe3817be447336de3de66b15e -> 
  custom:container-demuxer-webm: 4f35f7cbe854078d1ac9338744f61a02 -> 
  custom:container-muxer-webm: aa71ff27fc2769a1b78a27578f13a17b -> 
  custom:scripting/monoscript/fileName/RegisterManager.cs: c6fba922704cd91ef405ae7a4408da96 -> 
  custom:video-decoder-webm-vp8: 9c59270c3fd7afecdb556c50c9e8de78 -> 
  custom:SearchIndexIgnoredProperties: e643bd26f0fe6173181afceb89e7c659 -> 
  custom:AudioImporter_EditorPlatform: 3918e3fc78b5a79bad01e8451be0beb8 -> 
  custom:framework-osx-AVFoundation: e770b220cccbd017edd2c1fefb359320 -> 
  custom:video-encoder-webm-vp8: eb34c28f22e8b96e1ab97ce403110664 -> 
  custom:audio-decoder-ogg-vorbis: bf7c407c2cedff20999df2af8eb42d56 -> 
  custom:scripting/monoscript/fileName/Exit Game.cs: 9f3cc85f4d80e3eecbb57ffd1eba67c5 -> 
  custom:scripting/monoscript/fileName/LoginManager.cs: 3cc846c0f24614c9b07317b57418305e -> 
  custom:audio-encoder-webm-vorbis: bf7c407c2cedff20999df2af8eb42d56 -> 
  custom:scripting/precompiled-assembly-types:Assembly-CSharp: e9c2f52279a86e76ceb5400c7b0f48ce -> 975431d59eab3a43bafba41244e6b097
========================================================================
Received Prepare
Caller must complete domain reload
 #0 GetStacktrace(int)
 #1 DebugStringToFile(DebugStringToFileData const&)
 #2 AssertImplementation(int, char const*, int, int, char const*)
 #3 Internal_ADB_WorkerOnly_DomainReload(AssemblyLoadReason)
 #4 WorkerDomainReloadV2()
 #5 AssetImportWorkerClient::ReloadMonoDomain(AssetResolver&)
 #6 invocation function for block in AssetImportWorkerClient::HandleMessage(PrepareMessage const&)::$_4::operator()() const
 #7 _dispatch_client_callout
 #8 _dispatch_async_and_wait_invoke
 #9 _dispatch_client_callout
 #10 _dispatch_main_queue_drain
 #11 _dispatch_main_queue_callback_4CF
 #12 __CFRUNLOOP_IS_SERVICING_THE_MAIN_DISPATCH_QUEUE__
 #13 __CFRunLoopRun
 #14 CFRunLoopRunSpecific
 #15 RunCurrentEventLoopInMode
 #16 ReceiveNextEventCommon
 #17 _BlockUntilNextEventMatchingListInModeWithFilter
 #18 _DPSNextEvent
 #19 -[NSApplication(NSEvent) _nextEventMatchingEventMask:untilDate:inMode:dequeue:]
 #20 -[NSApplication run]
 #21 NSApplicationMain
 #22 EditorMain(int, char const**)
 #23 main
 #24 start

Begin MonoManager ReloadAssembly
- Loaded All Assemblies, in  0.834 seconds
Native extension for WindowsStandalone target not found
Native extension for iOS target not found
Native extension for Android target not found
Native extension for OSXStandalone target not found
Mono: successfully reloaded assembly
[Package Manager] Server::EnsureServerProcessIsRunning -- launch failed, reason: Unity was launched with the -noUpm command-line argument
[Package Manager] UpmClient::Send -- Unable to send message (not connected to UPM process).
[Package Manager] Cannot connect to Unity Package Manager local server
- Finished resetting the current domain, in  2.497 seconds
Domain Reload Profiling: 3331ms
	BeginReloadAssembly (263ms)
		ExecutionOrderSort (0ms)
		DisableScriptedObjects (21ms)
		BackupInstance (0ms)
		ReleaseScriptingObjects (0ms)
		CreateAndSetChildDomain (86ms)
	RebuildCommonClasses (71ms)
	RebuildNativeTypeToScriptingClass (24ms)
	initialDomainReloadingComplete (47ms)
	LoadAllAssembliesAndSetupDomain (427ms)
		LoadAssemblies (514ms)
		RebuildTransferFunctionScriptingTraits (0ms)
		AnalyzeDomain (28ms)
			TypeCache.Refresh (10ms)
				TypeCache.ScanAssembly (0ms)
			ScanForSourceGeneratedMonoScriptInfo (0ms)
			ResolveRequiredComponents (14ms)
	FinalizeReload (2499ms)
		ReleaseScriptCaches (0ms)
		RebuildScriptCaches (0ms)
		SetupLoadedEditorAssemblies (901ms)
			LogAssemblyErrors (0ms)
			InitializePlatformSupportModulesInManaged (52ms)
			SetLoadedEditorAssemblies (9ms)
			RefreshPlugins (0ms)
			BeforeProcessingInitializeOnLoad (126ms)
			ProcessInitializeOnLoadAttributes (625ms)
			ProcessInitializeOnLoadMethodAttributes (84ms)
			AfterProcessingInitializeOnLoad (4ms)
			EditorAssembliesLoaded (0ms)
		ExecutionOrderSort2 (0ms)
		AwakeInstancesAfterBackupRestoration (24ms)
Refreshing native plugins compatible for Editor in 6.89 ms, found 3 plugins.
Preloading 0 native plugins for Editor in 0.00 ms.
Unloading 4324 Unused Serialized files (Serialized files now loaded: 0)
Unloading 19 unused Assets / (31.4 KB). Loaded Objects now: 5293.
Memory consumption went from 0.67 GB to 0.67 GB.
Total: 7.102208 ms (FindLiveObjects: 0.492283 ms CreateObjectMapping: 0.466467 ms MarkObjects: 6.057479 ms  DeleteObjects: 0.084400 ms)

Prepare: number of updated asset objects reloaded= 0
AssetImportParameters requested are different than current active one (requested -> active):
  custom:container-demuxer-ogg: 62fdf1f143b41e24485cea50d1cbac27 -> 
  custom:scripting/monoscript/fileName/Rumble Toggle.cs: 9255d141ced706a64b082180f4b6a5c6 -> 
  custom:video-decoder-ogg-theora: a1e56fd34408186e4bbccfd4996cb3dc -> 
  custom:CustomObjectIndexerAttribute: 9a22284fe3817be447336de3de66b15e -> 
  custom:container-demuxer-webm: 4f35f7cbe854078d1ac9338744f61a02 -> 
  custom:container-muxer-webm: aa71ff27fc2769a1b78a27578f13a17b -> 
  custom:scripting/monoscript/fileName/RegisterManager.cs: c6fba922704cd91ef405ae7a4408da96 -> 
  custom:video-decoder-webm-vp8: 9c59270c3fd7afecdb556c50c9e8de78 -> 
  custom:SearchIndexIgnoredProperties: e643bd26f0fe6173181afceb89e7c659 -> 
  custom:AudioImporter_EditorPlatform: 3918e3fc78b5a79bad01e8451be0beb8 -> 
  custom:framework-osx-AVFoundation: e770b220cccbd017edd2c1fefb359320 -> 
  custom:video-encoder-webm-vp8: eb34c28f22e8b96e1ab97ce403110664 -> 
  custom:audio-decoder-ogg-vorbis: bf7c407c2cedff20999df2af8eb42d56 -> 
  custom:scripting/monoscript/fileName/Exit Game.cs: 9f3cc85f4d80e3eecbb57ffd1eba67c5 -> 
  custom:scripting/monoscript/fileName/LoginManager.cs: 3cc846c0f24614c9b07317b57418305e -> 
  custom:audio-encoder-webm-vorbis: bf7c407c2cedff20999df2af8eb42d56 -> 
  custom:scripting/precompiled-assembly-types:Assembly-CSharp: e9c2f52279a86e76ceb5400c7b0f48ce -> 975431d59eab3a43bafba41244e6b097
========================================================================
Received Prepare
Caller must complete domain reload
 #0 GetStacktrace(int)
 #1 DebugStringToFile(DebugStringToFileData const&)
 #2 AssertImplementation(int, char const*, int, int, char const*)
 #3 Internal_ADB_WorkerOnly_DomainReload(AssemblyLoadReason)
 #4 WorkerDomainReloadV2()
 #5 AssetImportWorkerClient::ReloadMonoDomain(AssetResolver&)
 #6 invocation function for block in AssetImportWorkerClient::HandleMessage(PrepareMessage const&)::$_4::operator()() const
 #7 _dispatch_client_callout
 #8 _dispatch_async_and_wait_invoke
 #9 _dispatch_client_callout
 #10 _dispatch_main_queue_drain
 #11 _dispatch_main_queue_callback_4CF
 #12 __CFRUNLOOP_IS_SERVICING_THE_MAIN_DISPATCH_QUEUE__
 #13 __CFRunLoopRun
 #14 CFRunLoopRunSpecific
 #15 RunCurrentEventLoopInMode
 #16 ReceiveNextEventCommon
 #17 _BlockUntilNextEventMatchingListInModeWithFilter
 #18 _DPSNextEvent
 #19 -[NSApplication(NSEvent) _nextEventMatchingEventMask:untilDate:inMode:dequeue:]
 #20 -[NSApplication run]
 #21 NSApplicationMain
 #22 EditorMain(int, char const**)
 #23 main
 #24 start

Begin MonoManager ReloadAssembly
- Loaded All Assemblies, in  1.457 seconds
Native extension for WindowsStandalone target not found
Native extension for iOS target not found
Native extension for Android target not found
Native extension for OSXStandalone target not found
Mono: successfully reloaded assembly
[Package Manager] Server::EnsureServerProcessIsRunning -- launch failed, reason: Unity was launched with the -noUpm command-line argument
[Package Manager] UpmClient::Send -- Unable to send message (not connected to UPM process).
[Package Manager] Cannot connect to Unity Package Manager local server
- Finished resetting the current domain, in  2.669 seconds
Domain Reload Profiling: 4126ms
	BeginReloadAssembly (497ms)
		ExecutionOrderSort (0ms)
		DisableScriptedObjects (35ms)
		BackupInstance (0ms)
		ReleaseScriptingObjects (0ms)
		CreateAndSetChildDomain (190ms)
	RebuildCommonClasses (79ms)
	RebuildNativeTypeToScriptingClass (23ms)
	initialDomainReloadingComplete (60ms)
	LoadAllAssembliesAndSetupDomain (797ms)
		LoadAssemblies (908ms)
		RebuildTransferFunctionScriptingTraits (0ms)
		AnalyzeDomain (97ms)
			TypeCache.Refresh (36ms)
				TypeCache.ScanAssembly (6ms)
			ScanForSourceGeneratedMonoScriptInfo (35ms)
			ResolveRequiredComponents (20ms)
	FinalizeReload (2670ms)
		ReleaseScriptCaches (0ms)
		RebuildScriptCaches (0ms)
		SetupLoadedEditorAssemblies (791ms)
			LogAssemblyErrors (0ms)
			InitializePlatformSupportModulesInManaged (56ms)
			SetLoadedEditorAssemblies (9ms)
			RefreshPlugins (0ms)
			BeforeProcessingInitializeOnLoad (120ms)
			ProcessInitializeOnLoadAttributes (538ms)
			ProcessInitializeOnLoadMethodAttributes (64ms)
			AfterProcessingInitializeOnLoad (4ms)
			EditorAssembliesLoaded (1ms)
		ExecutionOrderSort2 (0ms)
		AwakeInstancesAfterBackupRestoration (19ms)
Refreshing native plugins compatible for Editor in 5.14 ms, found 3 plugins.
Preloading 0 native plugins for Editor in 0.00 ms.
Unloading 4324 Unused Serialized files (Serialized files now loaded: 0)
Unloading 19 unused Assets / (31.3 KB). Loaded Objects now: 5297.
Memory consumption went from 0.67 GB to 0.67 GB.
Total: 6.406254 ms (FindLiveObjects: 0.551833 ms CreateObjectMapping: 0.458899 ms MarkObjects: 5.330222 ms  DeleteObjects: 0.063652 ms)

Prepare: number of updated asset objects reloaded= 0
AssetImportParameters requested are different than current active one (requested -> active):
  custom:container-demuxer-ogg: 62fdf1f143b41e24485cea50d1cbac27 -> 
  custom:scripting/monoscript/fileName/Rumble Toggle.cs: 9255d141ced706a64b082180f4b6a5c6 -> 
  custom:video-decoder-ogg-theora: a1e56fd34408186e4bbccfd4996cb3dc -> 
  custom:CustomObjectIndexerAttribute: 9a22284fe3817be447336de3de66b15e -> 
  custom:container-demuxer-webm: 4f35f7cbe854078d1ac9338744f61a02 -> 
  custom:container-muxer-webm: aa71ff27fc2769a1b78a27578f13a17b -> 
  custom:scripting/monoscript/fileName/RegisterManager.cs: c6fba922704cd91ef405ae7a4408da96 -> 
  custom:video-decoder-webm-vp8: 9c59270c3fd7afecdb556c50c9e8de78 -> 
  custom:SearchIndexIgnoredProperties: e643bd26f0fe6173181afceb89e7c659 -> 
  custom:AudioImporter_EditorPlatform: 3918e3fc78b5a79bad01e8451be0beb8 -> 
  custom:framework-osx-AVFoundation: e770b220cccbd017edd2c1fefb359320 -> 
  custom:video-encoder-webm-vp8: eb34c28f22e8b96e1ab97ce403110664 -> 
  custom:audio-decoder-ogg-vorbis: bf7c407c2cedff20999df2af8eb42d56 -> 
  custom:scripting/monoscript/fileName/Exit Game.cs: 9f3cc85f4d80e3eecbb57ffd1eba67c5 -> 
  custom:scripting/monoscript/fileName/LoginManager.cs: 3cc846c0f24614c9b07317b57418305e -> 
  custom:audio-encoder-webm-vorbis: bf7c407c2cedff20999df2af8eb42d56 -> 
  custom:scripting/precompiled-assembly-types:Assembly-CSharp: e9c2f52279a86e76ceb5400c7b0f48ce -> 975431d59eab3a43bafba41244e6b097
========================================================================
Received Prepare
Caller must complete domain reload
 #0 GetStacktrace(int)
 #1 DebugStringToFile(DebugStringToFileData const&)
 #2 AssertImplementation(int, char const*, int, int, char const*)
 #3 Internal_ADB_WorkerOnly_DomainReload(AssemblyLoadReason)
 #4 WorkerDomainReloadV2()
 #5 AssetImportWorkerClient::ReloadMonoDomain(AssetResolver&)
 #6 invocation function for block in AssetImportWorkerClient::HandleMessage(PrepareMessage const&)::$_4::operator()() const
 #7 _dispatch_client_callout
 #8 _dispatch_async_and_wait_invoke
 #9 _dispatch_client_callout
 #10 _dispatch_main_queue_drain
 #11 _dispatch_main_queue_callback_4CF
 #12 __CFRUNLOOP_IS_SERVICING_THE_MAIN_DISPATCH_QUEUE__
 #13 __CFRunLoopRun
 #14 CFRunLoopRunSpecific
 #15 RunCurrentEventLoopInMode
 #16 ReceiveNextEventCommon
 #17 _BlockUntilNextEventMatchingListInModeWithFilter
 #18 _DPSNextEvent
 #19 -[NSApplication(NSEvent) _nextEventMatchingEventMask:untilDate:inMode:dequeue:]
 #20 -[NSApplication run]
 #21 NSApplicationMain
 #22 EditorMain(int, char const**)
 #23 main
 #24 start

Begin MonoManager ReloadAssembly
- Loaded All Assemblies, in  0.965 seconds
Native extension for WindowsStandalone target not found
Native extension for iOS target not found
Native extension for Android target not found
Native extension for OSXStandalone target not found
Mono: successfully reloaded assembly
[Package Manager] Server::EnsureServerProcessIsRunning -- launch failed, reason: Unity was launched with the -noUpm command-line argument
[Package Manager] UpmClient::Send -- Unable to send message (not connected to UPM process).
[Package Manager] Cannot connect to Unity Package Manager local server
- Finished resetting the current domain, in  2.882 seconds
Domain Reload Profiling: 3846ms
	BeginReloadAssembly (287ms)
		ExecutionOrderSort (0ms)
		DisableScriptedObjects (22ms)
		BackupInstance (0ms)
		ReleaseScriptingObjects (0ms)
		CreateAndSetChildDomain (103ms)
	RebuildCommonClasses (66ms)
	RebuildNativeTypeToScriptingClass (22ms)
	initialDomainReloadingComplete (47ms)
	LoadAllAssembliesAndSetupDomain (540ms)
		LoadAssemblies (589ms)
		RebuildTransferFunctionScriptingTraits (0ms)
		AnalyzeDomain (68ms)
			TypeCache.Refresh (20ms)
				TypeCache.ScanAssembly (4ms)
			ScanForSourceGeneratedMonoScriptInfo (25ms)
			ResolveRequiredComponents (17ms)
	FinalizeReload (2883ms)
		ReleaseScriptCaches (0ms)
		RebuildScriptCaches (0ms)
		SetupLoadedEditorAssemblies (1006ms)
			LogAssemblyErrors (0ms)
			InitializePlatformSupportModulesInManaged (144ms)
			SetLoadedEditorAssemblies (13ms)
			RefreshPlugins (0ms)
			BeforeProcessingInitializeOnLoad (161ms)
			ProcessInitializeOnLoadAttributes (602ms)
			ProcessInitializeOnLoadMethodAttributes (83ms)
			AfterProcessingInitializeOnLoad (4ms)
			EditorAssembliesLoaded (0ms)
		ExecutionOrderSort2 (0ms)
		AwakeInstancesAfterBackupRestoration (19ms)
Refreshing native plugins compatible for Editor in 5.33 ms, found 3 plugins.
Preloading 0 native plugins for Editor in 0.00 ms.
Unloading 4324 Unused Serialized files (Serialized files now loaded: 0)
Unloading 19 unused Assets / (31.3 KB). Loaded Objects now: 5301.
Memory consumption went from 0.67 GB to 0.67 GB.
Total: 5.802420 ms (FindLiveObjects: 0.515226 ms CreateObjectMapping: 0.490781 ms MarkObjects: 4.728689 ms  DeleteObjects: 0.066220 ms)

Prepare: number of updated asset objects reloaded= 0
AssetImportParameters requested are different than current active one (requested -> active):
  custom:container-demuxer-ogg: 62fdf1f143b41e24485cea50d1cbac27 -> 
  custom:scripting/monoscript/fileName/Rumble Toggle.cs: 9255d141ced706a64b082180f4b6a5c6 -> 
  custom:video-decoder-ogg-theora: a1e56fd34408186e4bbccfd4996cb3dc -> 
  custom:CustomObjectIndexerAttribute: 9a22284fe3817be447336de3de66b15e -> 
  custom:container-demuxer-webm: 4f35f7cbe854078d1ac9338744f61a02 -> 
  custom:container-muxer-webm: aa71ff27fc2769a1b78a27578f13a17b -> 
  custom:scripting/monoscript/fileName/RegisterManager.cs: c6fba922704cd91ef405ae7a4408da96 -> 
  custom:video-decoder-webm-vp8: 9c59270c3fd7afecdb556c50c9e8de78 -> 
  custom:SearchIndexIgnoredProperties: e643bd26f0fe6173181afceb89e7c659 -> 
  custom:AudioImporter_EditorPlatform: 3918e3fc78b5a79bad01e8451be0beb8 -> 
  custom:framework-osx-AVFoundation: e770b220cccbd017edd2c1fefb359320 -> 
  custom:video-encoder-webm-vp8: eb34c28f22e8b96e1ab97ce403110664 -> 
  custom:audio-decoder-ogg-vorbis: bf7c407c2cedff20999df2af8eb42d56 -> 
  custom:scripting/monoscript/fileName/Exit Game.cs: 9f3cc85f4d80e3eecbb57ffd1eba67c5 -> 
  custom:scripting/monoscript/fileName/LoginManager.cs: 3cc846c0f24614c9b07317b57418305e -> 
  custom:audio-encoder-webm-vorbis: bf7c407c2cedff20999df2af8eb42d56 -> 
  custom:scripting/precompiled-assembly-types:Assembly-CSharp: e9c2f52279a86e76ceb5400c7b0f48ce -> 975431d59eab3a43bafba41244e6b097
========================================================================
Received Prepare
Caller must complete domain reload
 #0 GetStacktrace(int)
 #1 DebugStringToFile(DebugStringToFileData const&)
 #2 AssertImplementation(int, char const*, int, int, char const*)
 #3 Internal_ADB_WorkerOnly_DomainReload(AssemblyLoadReason)
 #4 WorkerDomainReloadV2()
 #5 AssetImportWorkerClient::ReloadMonoDomain(AssetResolver&)
 #6 invocation function for block in AssetImportWorkerClient::HandleMessage(PrepareMessage const&)::$_4::operator()() const
 #7 _dispatch_client_callout
 #8 _dispatch_async_and_wait_invoke
 #9 _dispatch_client_callout
 #10 _dispatch_main_queue_drain
 #11 _dispatch_main_queue_callback_4CF
 #12 __CFRUNLOOP_IS_SERVICING_THE_MAIN_DISPATCH_QUEUE__
 #13 __CFRunLoopRun
 #14 CFRunLoopRunSpecific
 #15 RunCurrentEventLoopInMode
 #16 ReceiveNextEventCommon
 #17 _BlockUntilNextEventMatchingListInModeWithFilter
 #18 _DPSNextEvent
 #19 -[NSApplication(NSEvent) _nextEventMatchingEventMask:untilDate:inMode:dequeue:]
 #20 -[NSApplication run]
 #21 NSApplicationMain
 #22 EditorMain(int, char const**)
 #23 main
 #24 start

Begin MonoManager ReloadAssembly
- Loaded All Assemblies, in  1.942 seconds
Native extension for WindowsStandalone target not found
Native extension for iOS target not found
Native extension for Android target not found
Native extension for OSXStandalone target not found
Mono: successfully reloaded assembly
[Package Manager] Server::EnsureServerProcessIsRunning -- launch failed, reason: Unity was launched with the -noUpm command-line argument
[Package Manager] UpmClient::Send -- Unable to send message (not connected to UPM process).
[Package Manager] Cannot connect to Unity Package Manager local server
- Finished resetting the current domain, in  2.740 seconds
Domain Reload Profiling: 4682ms
	BeginReloadAssembly (596ms)
		ExecutionOrderSort (0ms)
		DisableScriptedObjects (41ms)
		BackupInstance (0ms)
		ReleaseScriptingObjects (0ms)
		CreateAndSetChildDomain (234ms)
	RebuildCommonClasses (91ms)
	RebuildNativeTypeToScriptingClass (23ms)
	initialDomainReloadingComplete (60ms)
	LoadAllAssembliesAndSetupDomain (1172ms)
		LoadAssemblies (1241ms)
		RebuildTransferFunctionScriptingTraits (0ms)
		AnalyzeDomain (178ms)
			TypeCache.Refresh (71ms)
				TypeCache.ScanAssembly (14ms)
			ScanForSourceGeneratedMonoScriptInfo (68ms)
			ResolveRequiredComponents (33ms)
	FinalizeReload (2741ms)
		ReleaseScriptCaches (0ms)
		RebuildScriptCaches (0ms)
		SetupLoadedEditorAssemblies (848ms)
			LogAssemblyErrors (0ms)
			InitializePlatformSupportModulesInManaged (61ms)
			SetLoadedEditorAssemblies (9ms)
			RefreshPlugins (0ms)
			BeforeProcessingInitializeOnLoad (122ms)
			ProcessInitializeOnLoadAttributes (578ms)
			ProcessInitializeOnLoadMethodAttributes (73ms)
			AfterProcessingInitializeOnLoad (4ms)
			EditorAssembliesLoaded (1ms)
		ExecutionOrderSort2 (0ms)
		AwakeInstancesAfterBackupRestoration (19ms)
Refreshing native plugins compatible for Editor in 5.57 ms, found 3 plugins.
Preloading 0 native plugins for Editor in 0.00 ms.
Unloading 4324 Unused Serialized files (Serialized files now loaded: 0)
Unloading 19 unused Assets / (31.4 KB). Loaded Objects now: 5305.
Memory consumption went from 0.68 GB to 0.68 GB.
Total: 6.546007 ms (FindLiveObjects: 0.448464 ms CreateObjectMapping: 0.421216 ms MarkObjects: 5.610192 ms  DeleteObjects: 0.064705 ms)

Prepare: number of updated asset objects reloaded= 0
AssetImportParameters requested are different than current active one (requested -> active):
  custom:container-demuxer-ogg: 62fdf1f143b41e24485cea50d1cbac27 -> 
  custom:scripting/monoscript/fileName/Rumble Toggle.cs: 9255d141ced706a64b082180f4b6a5c6 -> 
  custom:video-decoder-ogg-theora: a1e56fd34408186e4bbccfd4996cb3dc -> 
  custom:CustomObjectIndexerAttribute: 9a22284fe3817be447336de3de66b15e -> 
  custom:container-demuxer-webm: 4f35f7cbe854078d1ac9338744f61a02 -> 
  custom:container-muxer-webm: aa71ff27fc2769a1b78a27578f13a17b -> 
  custom:scripting/monoscript/fileName/RegisterManager.cs: c6fba922704cd91ef405ae7a4408da96 -> 
  custom:video-decoder-webm-vp8: 9c59270c3fd7afecdb556c50c9e8de78 -> 
  custom:SearchIndexIgnoredProperties: e643bd26f0fe6173181afceb89e7c659 -> 
  custom:AudioImporter_EditorPlatform: 3918e3fc78b5a79bad01e8451be0beb8 -> 
  custom:framework-osx-AVFoundation: e770b220cccbd017edd2c1fefb359320 -> 
  custom:video-encoder-webm-vp8: eb34c28f22e8b96e1ab97ce403110664 -> 
  custom:audio-decoder-ogg-vorbis: bf7c407c2cedff20999df2af8eb42d56 -> 
  custom:scripting/monoscript/fileName/Exit Game.cs: 9f3cc85f4d80e3eecbb57ffd1eba67c5 -> 
  custom:scripting/monoscript/fileName/LoginManager.cs: 9f0dc2aa2dfc7ad43c40ebda556fc1fd -> 
  custom:audio-encoder-webm-vorbis: bf7c407c2cedff20999df2af8eb42d56 -> 
  custom:scripting/precompiled-assembly-types:Assembly-CSharp: 29ef446bbf4e78a1aa14d4a610442d26 -> 975431d59eab3a43bafba41244e6b097
========================================================================
Received Prepare
Caller must complete domain reload
 #0 GetStacktrace(int)
 #1 DebugStringToFile(DebugStringToFileData const&)
 #2 AssertImplementation(int, char const*, int, int, char const*)
 #3 Internal_ADB_WorkerOnly_DomainReload(AssemblyLoadReason)
 #4 WorkerDomainReloadV2()
 #5 AssetImportWorkerClient::ReloadMonoDomain(AssetResolver&)
 #6 invocation function for block in AssetImportWorkerClient::HandleMessage(PrepareMessage const&)::$_4::operator()() const
 #7 _dispatch_client_callout
 #8 _dispatch_async_and_wait_invoke
 #9 _dispatch_client_callout
 #10 _dispatch_main_queue_drain
 #11 _dispatch_main_queue_callback_4CF
 #12 __CFRUNLOOP_IS_SERVICING_THE_MAIN_DISPATCH_QUEUE__
 #13 __CFRunLoopRun
 #14 CFRunLoopRunSpecific
 #15 RunCurrentEventLoopInMode
 #16 ReceiveNextEventCommon
 #17 _BlockUntilNextEventMatchingListInModeWithFilter
 #18 _DPSNextEvent
 #19 -[NSApplication(NSEvent) _nextEventMatchingEventMask:untilDate:inMode:dequeue:]
 #20 -[NSApplication run]
 #21 NSApplicationMain
 #22 EditorMain(int, char const**)
 #23 main
 #24 start

Begin MonoManager ReloadAssembly
- Loaded All Assemblies, in  1.030 seconds
Native extension for WindowsStandalone target not found
Native extension for iOS target not found
Native extension for Android target not found
Native extension for OSXStandalone target not found
Mono: successfully reloaded assembly
[Package Manager] Server::EnsureServerProcessIsRunning -- launch failed, reason: Unity was launched with the -noUpm command-line argument
[Package Manager] UpmClient::Send -- Unable to send message (not connected to UPM process).
[Package Manager] Cannot connect to Unity Package Manager local server
- Finished resetting the current domain, in  2.382 seconds
Domain Reload Profiling: 3411ms
	BeginReloadAssembly (348ms)
		ExecutionOrderSort (0ms)
		DisableScriptedObjects (20ms)
		BackupInstance (0ms)
		ReleaseScriptingObjects (0ms)
		CreateAndSetChildDomain (90ms)
	RebuildCommonClasses (65ms)
	RebuildNativeTypeToScriptingClass (23ms)
	initialDomainReloadingComplete (45ms)
	LoadAllAssembliesAndSetupDomain (547ms)
		LoadAssemblies (678ms)
		RebuildTransferFunctionScriptingTraits (0ms)
		AnalyzeDomain (65ms)
			TypeCache.Refresh (21ms)
				TypeCache.ScanAssembly (4ms)
			ScanForSourceGeneratedMonoScriptInfo (26ms)
			ResolveRequiredComponents (14ms)
	FinalizeReload (2383ms)
		ReleaseScriptCaches (0ms)
		RebuildScriptCaches (0ms)
		SetupLoadedEditorAssemblies (852ms)
			LogAssemblyErrors (0ms)
			InitializePlatformSupportModulesInManaged (60ms)
			SetLoadedEditorAssemblies (10ms)
			RefreshPlugins (0ms)
			BeforeProcessingInitializeOnLoad (152ms)
			ProcessInitializeOnLoadAttributes (555ms)
			ProcessInitializeOnLoadMethodAttributes (71ms)
			AfterProcessingInitializeOnLoad (4ms)
			EditorAssembliesLoaded (1ms)
		ExecutionOrderSort2 (0ms)
		AwakeInstancesAfterBackupRestoration (19ms)
Refreshing native plugins compatible for Editor in 4.44 ms, found 3 plugins.
Preloading 0 native plugins for Editor in 0.00 ms.
Unloading 4324 Unused Serialized files (Serialized files now loaded: 0)
Unloading 19 unused Assets / (31.3 KB). Loaded Objects now: 5309.
Memory consumption went from 0.68 GB to 0.68 GB.
Total: 6.872674 ms (FindLiveObjects: 0.473585 ms CreateObjectMapping: 0.406537 ms MarkObjects: 5.930366 ms  DeleteObjects: 0.060634 ms)

Prepare: number of updated asset objects reloaded= 0
AssetImportParameters requested are different than current active one (requested -> active):
  custom:container-demuxer-ogg: 62fdf1f143b41e24485cea50d1cbac27 -> 
  custom:scripting/monoscript/fileName/Rumble Toggle.cs: 9255d141ced706a64b082180f4b6a5c6 -> 
  custom:video-decoder-ogg-theora: a1e56fd34408186e4bbccfd4996cb3dc -> 
  custom:CustomObjectIndexerAttribute: 9a22284fe3817be447336de3de66b15e -> 
  custom:container-demuxer-webm: 4f35f7cbe854078d1ac9338744f61a02 -> 
  custom:container-muxer-webm: aa71ff27fc2769a1b78a27578f13a17b -> 
  custom:scripting/monoscript/fileName/RegisterManager.cs: b3918defcf9f7371578364e18f8bb7c3 -> 
  custom:video-decoder-webm-vp8: 9c59270c3fd7afecdb556c50c9e8de78 -> 
  custom:SearchIndexIgnoredProperties: e643bd26f0fe6173181afceb89e7c659 -> 
  custom:AudioImporter_EditorPlatform: 3918e3fc78b5a79bad01e8451be0beb8 -> 
  custom:framework-osx-AVFoundation: e770b220cccbd017edd2c1fefb359320 -> 
  custom:video-encoder-webm-vp8: eb34c28f22e8b96e1ab97ce403110664 -> 
  custom:audio-decoder-ogg-vorbis: bf7c407c2cedff20999df2af8eb42d56 -> 
  custom:scripting/monoscript/fileName/Exit Game.cs: 9f3cc85f4d80e3eecbb57ffd1eba67c5 -> 
  custom:scripting/monoscript/fileName/LoginManager.cs: 9f0dc2aa2dfc7ad43c40ebda556fc1fd -> 
  custom:audio-encoder-webm-vorbis: bf7c407c2cedff20999df2af8eb42d56 -> 
  custom:scripting/precompiled-assembly-types:Assembly-CSharp: 69ea2203ffb79dbff4b01d4dabda315f -> 975431d59eab3a43bafba41244e6b097
========================================================================
Received Prepare
Caller must complete domain reload
 #0 GetStacktrace(int)
 #1 DebugStringToFile(DebugStringToFileData const&)
 #2 AssertImplementation(int, char const*, int, int, char const*)
 #3 Internal_ADB_WorkerOnly_DomainReload(AssemblyLoadReason)
 #4 WorkerDomainReloadV2()
 #5 AssetImportWorkerClient::ReloadMonoDomain(AssetResolver&)
 #6 invocation function for block in AssetImportWorkerClient::HandleMessage(PrepareMessage const&)::$_4::operator()() const
 #7 _dispatch_client_callout
 #8 _dispatch_async_and_wait_invoke
 #9 _dispatch_client_callout
 #10 _dispatch_main_queue_drain
 #11 _dispatch_main_queue_callback_4CF
 #12 __CFRUNLOOP_IS_SERVICING_THE_MAIN_DISPATCH_QUEUE__
 #13 __CFRunLoopRun
 #14 CFRunLoopRunSpecific
 #15 RunCurrentEventLoopInMode
 #16 ReceiveNextEventCommon
 #17 _BlockUntilNextEventMatchingListInModeWithFilter
 #18 _DPSNextEvent
 #19 -[NSApplication(NSEvent) _nextEventMatchingEventMask:untilDate:inMode:dequeue:]
 #20 -[NSApplication run]
 #21 NSApplicationMain
 #22 EditorMain(int, char const**)
 #23 main
 #24 start

Begin MonoManager ReloadAssembly
- Loaded All Assemblies, in  0.799 seconds
Native extension for WindowsStandalone target not found
Native extension for iOS target not found
Native extension for Android target not found
Native extension for OSXStandalone target not found
Mono: successfully reloaded assembly
[Package Manager] Server::EnsureServerProcessIsRunning -- launch failed, reason: Unity was launched with the -noUpm command-line argument
[Package Manager] UpmClient::Send -- Unable to send message (not connected to UPM process).
[Package Manager] Cannot connect to Unity Package Manager local server
- Finished resetting the current domain, in  1.485 seconds
Domain Reload Profiling: 2284ms
	BeginReloadAssembly (269ms)
		ExecutionOrderSort (0ms)
		DisableScriptedObjects (20ms)
		BackupInstance (0ms)
		ReleaseScriptingObjects (0ms)
		CreateAndSetChildDomain (91ms)
	RebuildCommonClasses (66ms)
	RebuildNativeTypeToScriptingClass (22ms)
	initialDomainReloadingComplete (46ms)
	LoadAllAssembliesAndSetupDomain (394ms)
		LoadAssemblies (481ms)
		RebuildTransferFunctionScriptingTraits (0ms)
		AnalyzeDomain (29ms)
			TypeCache.Refresh (9ms)
				TypeCache.ScanAssembly (0ms)
			ScanForSourceGeneratedMonoScriptInfo (0ms)
			ResolveRequiredComponents (14ms)
	FinalizeReload (1486ms)
		ReleaseScriptCaches (0ms)
		RebuildScriptCaches (0ms)
		SetupLoadedEditorAssemblies (798ms)
			LogAssemblyErrors (0ms)
			InitializePlatformSupportModulesInManaged (55ms)
			SetLoadedEditorAssemblies (9ms)
			RefreshPlugins (0ms)
			BeforeProcessingInitializeOnLoad (121ms)
			ProcessInitializeOnLoadAttributes (548ms)
			ProcessInitializeOnLoadMethodAttributes (61ms)
			AfterProcessingInitializeOnLoad (4ms)
			EditorAssembliesLoaded (0ms)
		ExecutionOrderSort2 (0ms)
		AwakeInstancesAfterBackupRestoration (17ms)
Refreshing native plugins compatible for Editor in 5.74 ms, found 3 plugins.
Preloading 0 native plugins for Editor in 0.00 ms.
Unloading 4324 Unused Serialized files (Serialized files now loaded: 0)
Unloading 19 unused Assets / (31.4 KB). Loaded Objects now: 5313.
Memory consumption went from 0.69 GB to 0.69 GB.
Total: 8.035954 ms (FindLiveObjects: 0.523189 ms CreateObjectMapping: 0.658871 ms MarkObjects: 6.779336 ms  DeleteObjects: 0.073227 ms)

Prepare: number of updated asset objects reloaded= 0
AssetImportParameters requested are different than current active one (requested -> active):
  custom:container-demuxer-ogg: 62fdf1f143b41e24485cea50d1cbac27 -> 
  custom:scripting/monoscript/fileName/Rumble Toggle.cs: 9255d141ced706a64b082180f4b6a5c6 -> 
  custom:video-decoder-ogg-theora: a1e56fd34408186e4bbccfd4996cb3dc -> 
  custom:CustomObjectIndexerAttribute: 9a22284fe3817be447336de3de66b15e -> 
  custom:container-demuxer-webm: 4f35f7cbe854078d1ac9338744f61a02 -> 
  custom:container-muxer-webm: aa71ff27fc2769a1b78a27578f13a17b -> 
  custom:scripting/monoscript/fileName/RegisterManager.cs: b3918defcf9f7371578364e18f8bb7c3 -> 
  custom:video-decoder-webm-vp8: 9c59270c3fd7afecdb556c50c9e8de78 -> 
  custom:SearchIndexIgnoredProperties: e643bd26f0fe6173181afceb89e7c659 -> 
  custom:AudioImporter_EditorPlatform: 3918e3fc78b5a79bad01e8451be0beb8 -> 
  custom:framework-osx-AVFoundation: e770b220cccbd017edd2c1fefb359320 -> 
  custom:video-encoder-webm-vp8: eb34c28f22e8b96e1ab97ce403110664 -> 
  custom:audio-decoder-ogg-vorbis: bf7c407c2cedff20999df2af8eb42d56 -> 
  custom:scripting/monoscript/fileName/Exit Game.cs: 9f3cc85f4d80e3eecbb57ffd1eba67c5 -> 
  custom:scripting/monoscript/fileName/LoginManager.cs: 9f0dc2aa2dfc7ad43c40ebda556fc1fd -> 
  custom:audio-encoder-webm-vorbis: bf7c407c2cedff20999df2af8eb42d56 -> 
  custom:scripting/precompiled-assembly-types:Assembly-CSharp: 69ea2203ffb79dbff4b01d4dabda315f -> 975431d59eab3a43bafba41244e6b097
========================================================================
Received Prepare
Caller must complete domain reload
 #0 GetStacktrace(int)
 #1 DebugStringToFile(DebugStringToFileData const&)
 #2 AssertImplementation(int, char const*, int, int, char const*)
 #3 Internal_ADB_WorkerOnly_DomainReload(AssemblyLoadReason)
 #4 WorkerDomainReloadV2()
 #5 AssetImportWorkerClient::ReloadMonoDomain(AssetResolver&)
 #6 invocation function for block in AssetImportWorkerClient::HandleMessage(PrepareMessage const&)::$_4::operator()() const
 #7 _dispatch_client_callout
 #8 _dispatch_async_and_wait_invoke
 #9 _dispatch_client_callout
 #10 _dispatch_main_queue_drain
 #11 _dispatch_main_queue_callback_4CF
 #12 __CFRUNLOOP_IS_SERVICING_THE_MAIN_DISPATCH_QUEUE__
 #13 __CFRunLoopRun
 #14 CFRunLoopRunSpecific
 #15 RunCurrentEventLoopInMode
 #16 ReceiveNextEventCommon
 #17 _BlockUntilNextEventMatchingListInModeWithFilter
 #18 _DPSNextEvent
 #19 -[NSApplication(NSEvent) _nextEventMatchingEventMask:untilDate:inMode:dequeue:]
 #20 -[NSApplication run]
 #21 NSApplicationMain
 #22 EditorMain(int, char const**)
 #23 main
 #24 start

Begin MonoManager ReloadAssembly
- Loaded All Assemblies, in  0.814 seconds
Native extension for WindowsStandalone target not found
Native extension for iOS target not found
Native extension for Android target not found
Native extension for OSXStandalone target not found
Mono: successfully reloaded assembly
[Package Manager] Server::EnsureServerProcessIsRunning -- launch failed, reason: Unity was launched with the -noUpm command-line argument
[Package Manager] UpmClient::Send -- Unable to send message (not connected to UPM process).
[Package Manager] Cannot connect to Unity Package Manager local server
- Finished resetting the current domain, in  1.485 seconds
Domain Reload Profiling: 2299ms
	BeginReloadAssembly (267ms)
		ExecutionOrderSort (0ms)
		DisableScriptedObjects (20ms)
		BackupInstance (0ms)
		ReleaseScriptingObjects (0ms)
		CreateAndSetChildDomain (92ms)
	RebuildCommonClasses (65ms)
	RebuildNativeTypeToScriptingClass (22ms)
	initialDomainReloadingComplete (46ms)
	LoadAllAssembliesAndSetupDomain (413ms)
		LoadAssemblies (496ms)
		RebuildTransferFunctionScriptingTraits (0ms)
		AnalyzeDomain (28ms)
			TypeCache.Refresh (9ms)
				TypeCache.ScanAssembly (0ms)
			ScanForSourceGeneratedMonoScriptInfo (0ms)
			ResolveRequiredComponents (14ms)
	FinalizeReload (1486ms)
		ReleaseScriptCaches (0ms)
		RebuildScriptCaches (0ms)
		SetupLoadedEditorAssemblies (788ms)
			LogAssemblyErrors (0ms)
			InitializePlatformSupportModulesInManaged (52ms)
			SetLoadedEditorAssemblies (9ms)
			RefreshPlugins (0ms)
			BeforeProcessingInitializeOnLoad (121ms)
			ProcessInitializeOnLoadAttributes (536ms)
			ProcessInitializeOnLoadMethodAttributes (67ms)
			AfterProcessingInitializeOnLoad (3ms)
			EditorAssembliesLoaded (0ms)
		ExecutionOrderSort2 (0ms)
		AwakeInstancesAfterBackupRestoration (18ms)
Refreshing native plugins compatible for Editor in 5.35 ms, found 3 plugins.
Preloading 0 native plugins for Editor in 0.00 ms.
Unloading 4324 Unused Serialized files (Serialized files now loaded: 0)
Unloading 19 unused Assets / (31.2 KB). Loaded Objects now: 5317.
Memory consumption went from 0.69 GB to 0.69 GB.
Total: 7.750760 ms (FindLiveObjects: 0.497487 ms CreateObjectMapping: 0.478244 ms MarkObjects: 6.710056 ms  DeleteObjects: 0.063378 ms)

Prepare: number of updated asset objects reloaded= 0
AssetImportParameters requested are different than current active one (requested -> active):
  custom:container-demuxer-ogg: 62fdf1f143b41e24485cea50d1cbac27 -> 
  custom:scripting/monoscript/fileName/Rumble Toggle.cs: 9255d141ced706a64b082180f4b6a5c6 -> 
  custom:video-decoder-ogg-theora: a1e56fd34408186e4bbccfd4996cb3dc -> 
  custom:CustomObjectIndexerAttribute: 9a22284fe3817be447336de3de66b15e -> 
  custom:container-demuxer-webm: 4f35f7cbe854078d1ac9338744f61a02 -> 
  custom:container-muxer-webm: aa71ff27fc2769a1b78a27578f13a17b -> 
  custom:scripting/monoscript/fileName/RegisterManager.cs: b3918defcf9f7371578364e18f8bb7c3 -> 
  custom:video-decoder-webm-vp8: 9c59270c3fd7afecdb556c50c9e8de78 -> 
  custom:SearchIndexIgnoredProperties: e643bd26f0fe6173181afceb89e7c659 -> 
  custom:AudioImporter_EditorPlatform: 3918e3fc78b5a79bad01e8451be0beb8 -> 
  custom:framework-osx-AVFoundation: e770b220cccbd017edd2c1fefb359320 -> 
  custom:video-encoder-webm-vp8: eb34c28f22e8b96e1ab97ce403110664 -> 
  custom:audio-decoder-ogg-vorbis: bf7c407c2cedff20999df2af8eb42d56 -> 
  custom:scripting/monoscript/fileName/Exit Game.cs: 9f3cc85f4d80e3eecbb57ffd1eba67c5 -> 
  custom:scripting/monoscript/fileName/LoginManager.cs: 9f0dc2aa2dfc7ad43c40ebda556fc1fd -> 
  custom:audio-encoder-webm-vorbis: bf7c407c2cedff20999df2af8eb42d56 -> 
  custom:scripting/precompiled-assembly-types:Assembly-CSharp: 69ea2203ffb79dbff4b01d4dabda315f -> 975431d59eab3a43bafba41244e6b097
========================================================================
Received Prepare
Caller must complete domain reload
 #0 GetStacktrace(int)
 #1 DebugStringToFile(DebugStringToFileData const&)
 #2 AssertImplementation(int, char const*, int, int, char const*)
 #3 Internal_ADB_WorkerOnly_DomainReload(AssemblyLoadReason)
 #4 WorkerDomainReloadV2()
 #5 AssetImportWorkerClient::ReloadMonoDomain(AssetResolver&)
 #6 invocation function for block in AssetImportWorkerClient::HandleMessage(PrepareMessage const&)::$_4::operator()() const
 #7 _dispatch_client_callout
 #8 _dispatch_async_and_wait_invoke
 #9 _dispatch_client_callout
 #10 _dispatch_main_queue_drain
 #11 _dispatch_main_queue_callback_4CF
 #12 __CFRUNLOOP_IS_SERVICING_THE_MAIN_DISPATCH_QUEUE__
 #13 __CFRunLoopRun
 #14 CFRunLoopRunSpecific
 #15 RunCurrentEventLoopInMode
 #16 ReceiveNextEventCommon
 #17 _BlockUntilNextEventMatchingListInModeWithFilter
 #18 _DPSNextEvent
 #19 -[NSApplication(NSEvent) _nextEventMatchingEventMask:untilDate:inMode:dequeue:]
 #20 -[NSApplication run]
 #21 NSApplicationMain
 #22 EditorMain(int, char const**)
 #23 main
 #24 start

Begin MonoManager ReloadAssembly
- Loaded All Assemblies, in  0.944 seconds
Native extension for WindowsStandalone target not found
Native extension for iOS target not found
Native extension for Android target not found
Native extension for OSXStandalone target not found
Mono: successfully reloaded assembly
[Package Manager] Server::EnsureServerProcessIsRunning -- launch failed, reason: Unity was launched with the -noUpm command-line argument
[Package Manager] UpmClient::Send -- Unable to send message (not connected to UPM process).
[Package Manager] Cannot connect to Unity Package Manager local server
- Finished resetting the current domain, in  2.367 seconds
Domain Reload Profiling: 3310ms
	BeginReloadAssembly (321ms)
		ExecutionOrderSort (0ms)
		DisableScriptedObjects (21ms)
		BackupInstance (0ms)
		ReleaseScriptingObjects (0ms)
		CreateAndSetChildDomain (135ms)
	RebuildCommonClasses (69ms)
	RebuildNativeTypeToScriptingClass (22ms)
	initialDomainReloadingComplete (46ms)
	LoadAllAssembliesAndSetupDomain (484ms)
		LoadAssemblies (571ms)
		RebuildTransferFunctionScriptingTraits (0ms)
		AnalyzeDomain (34ms)
			TypeCache.Refresh (14ms)
				TypeCache.ScanAssembly (0ms)
			ScanForSourceGeneratedMonoScriptInfo (0ms)
			ResolveRequiredComponents (15ms)
	FinalizeReload (2368ms)
		ReleaseScriptCaches (0ms)
		RebuildScriptCaches (0ms)
		SetupLoadedEditorAssemblies (819ms)
			LogAssemblyErrors (0ms)
			InitializePlatformSupportModulesInManaged (62ms)
			SetLoadedEditorAssemblies (9ms)
			RefreshPlugins (0ms)
			BeforeProcessingInitializeOnLoad (124ms)
			ProcessInitializeOnLoadAttributes (549ms)
			ProcessInitializeOnLoadMethodAttributes (70ms)
			AfterProcessingInitializeOnLoad (4ms)
			EditorAssembliesLoaded (0ms)
		ExecutionOrderSort2 (0ms)
		AwakeInstancesAfterBackupRestoration (18ms)
Refreshing native plugins compatible for Editor in 13.47 ms, found 3 plugins.
Preloading 0 native plugins for Editor in 0.00 ms.
Unloading 4324 Unused Serialized files (Serialized files now loaded: 0)
Unloading 19 unused Assets / (31.3 KB). Loaded Objects now: 5321.
Memory consumption went from 0.70 GB to 0.70 GB.
Total: 9.027029 ms (FindLiveObjects: 0.617127 ms CreateObjectMapping: 0.548218 ms MarkObjects: 7.610833 ms  DeleteObjects: 0.248980 ms)

Prepare: number of updated asset objects reloaded= 0
AssetImportParameters requested are different than current active one (requested -> active):
  custom:container-demuxer-ogg: 62fdf1f143b41e24485cea50d1cbac27 -> 
  custom:scripting/monoscript/fileName/Rumble Toggle.cs: 9255d141ced706a64b082180f4b6a5c6 -> 
  custom:video-decoder-ogg-theora: a1e56fd34408186e4bbccfd4996cb3dc -> 
  custom:CustomObjectIndexerAttribute: 9a22284fe3817be447336de3de66b15e -> 
  custom:container-demuxer-webm: 4f35f7cbe854078d1ac9338744f61a02 -> 
  custom:container-muxer-webm: aa71ff27fc2769a1b78a27578f13a17b -> 
  custom:scripting/monoscript/fileName/RegisterManager.cs: b3918defcf9f7371578364e18f8bb7c3 -> 
  custom:video-decoder-webm-vp8: 9c59270c3fd7afecdb556c50c9e8de78 -> 
  custom:SearchIndexIgnoredProperties: e643bd26f0fe6173181afceb89e7c659 -> 
  custom:AudioImporter_EditorPlatform: 3918e3fc78b5a79bad01e8451be0beb8 -> 
  custom:framework-osx-AVFoundation: e770b220cccbd017edd2c1fefb359320 -> 
  custom:video-encoder-webm-vp8: eb34c28f22e8b96e1ab97ce403110664 -> 
  custom:audio-decoder-ogg-vorbis: bf7c407c2cedff20999df2af8eb42d56 -> 
  custom:scripting/monoscript/fileName/Exit Game.cs: 9f3cc85f4d80e3eecbb57ffd1eba67c5 -> 
  custom:scripting/monoscript/fileName/LoginManager.cs: 9f0dc2aa2dfc7ad43c40ebda556fc1fd -> 
  custom:audio-encoder-webm-vorbis: bf7c407c2cedff20999df2af8eb42d56 -> 
  custom:scripting/precompiled-assembly-types:Assembly-CSharp: 69ea2203ffb79dbff4b01d4dabda315f -> 975431d59eab3a43bafba41244e6b097
========================================================================
Received Prepare
Caller must complete domain reload
 #0 GetStacktrace(int)
 #1 DebugStringToFile(DebugStringToFileData const&)
 #2 AssertImplementation(int, char const*, int, int, char const*)
 #3 Internal_ADB_WorkerOnly_DomainReload(AssemblyLoadReason)
 #4 WorkerDomainReloadV2()
 #5 AssetImportWorkerClient::ReloadMonoDomain(AssetResolver&)
 #6 invocation function for block in AssetImportWorkerClient::HandleMessage(PrepareMessage const&)::$_4::operator()() const
 #7 _dispatch_client_callout
 #8 _dispatch_async_and_wait_invoke
 #9 _dispatch_client_callout
 #10 _dispatch_main_queue_drain
 #11 _dispatch_main_queue_callback_4CF
 #12 __CFRUNLOOP_IS_SERVICING_THE_MAIN_DISPATCH_QUEUE__
 #13 __CFRunLoopRun
 #14 CFRunLoopRunSpecific
 #15 RunCurrentEventLoopInMode
 #16 ReceiveNextEventCommon
 #17 _BlockUntilNextEventMatchingListInModeWithFilter
 #18 _DPSNextEvent
 #19 -[NSApplication(NSEvent) _nextEventMatchingEventMask:untilDate:inMode:dequeue:]
 #20 -[NSApplication run]
 #21 NSApplicationMain
 #22 EditorMain(int, char const**)
 #23 main
 #24 start

Begin MonoManager ReloadAssembly
- Loaded All Assemblies, in  0.852 seconds
Native extension for WindowsStandalone target not found
Native extension for iOS target not found
Native extension for Android target not found
Native extension for OSXStandalone target not found
Mono: successfully reloaded assembly
[Package Manager] Server::EnsureServerProcessIsRunning -- launch failed, reason: Unity was launched with the -noUpm command-line argument
[Package Manager] UpmClient::Send -- Unable to send message (not connected to UPM process).
[Package Manager] Cannot connect to Unity Package Manager local server
- Finished resetting the current domain, in  1.509 seconds
Domain Reload Profiling: 2360ms
	BeginReloadAssembly (280ms)
		ExecutionOrderSort (0ms)
		DisableScriptedObjects (21ms)
		BackupInstance (0ms)
		ReleaseScriptingObjects (0ms)
		CreateAndSetChildDomain (87ms)
	RebuildCommonClasses (66ms)
	RebuildNativeTypeToScriptingClass (23ms)
	initialDomainReloadingComplete (50ms)
	LoadAllAssembliesAndSetupDomain (432ms)
		LoadAssemblies (529ms)
		RebuildTransferFunctionScriptingTraits (0ms)
		AnalyzeDomain (32ms)
			TypeCache.Refresh (11ms)
				TypeCache.ScanAssembly (0ms)
			ScanForSourceGeneratedMonoScriptInfo (0ms)
			ResolveRequiredComponents (16ms)
	FinalizeReload (1509ms)
		ReleaseScriptCaches (0ms)
		RebuildScriptCaches (0ms)
		SetupLoadedEditorAssemblies (793ms)
			LogAssemblyErrors (0ms)
			InitializePlatformSupportModulesInManaged (55ms)
			SetLoadedEditorAssemblies (9ms)
			RefreshPlugins (0ms)
			BeforeProcessingInitializeOnLoad (122ms)
			ProcessInitializeOnLoadAttributes (538ms)
			ProcessInitializeOnLoadMethodAttributes (66ms)
			AfterProcessingInitializeOnLoad (4ms)
			EditorAssembliesLoaded (0ms)
		ExecutionOrderSort2 (0ms)
		AwakeInstancesAfterBackupRestoration (17ms)
Refreshing native plugins compatible for Editor in 6.93 ms, found 3 plugins.
Preloading 0 native plugins for Editor in 0.00 ms.
Unloading 4324 Unused Serialized files (Serialized files now loaded: 0)
Unloading 19 unused Assets / (31.4 KB). Loaded Objects now: 5325.
Memory consumption went from 0.70 GB to 0.70 GB.
Total: 7.222124 ms (FindLiveObjects: 0.580393 ms CreateObjectMapping: 0.523660 ms MarkObjects: 6.051835 ms  DeleteObjects: 0.064550 ms)

Prepare: number of updated asset objects reloaded= 0
AssetImportParameters requested are different than current active one (requested -> active):
  custom:container-demuxer-ogg: 62fdf1f143b41e24485cea50d1cbac27 -> 
  custom:scripting/monoscript/fileName/Rumble Toggle.cs: 9255d141ced706a64b082180f4b6a5c6 -> 
  custom:video-decoder-ogg-theora: a1e56fd34408186e4bbccfd4996cb3dc -> 
  custom:CustomObjectIndexerAttribute: 9a22284fe3817be447336de3de66b15e -> 
  custom:container-demuxer-webm: 4f35f7cbe854078d1ac9338744f61a02 -> 
  custom:container-muxer-webm: aa71ff27fc2769a1b78a27578f13a17b -> 
  custom:scripting/monoscript/fileName/RegisterManager.cs: b3918defcf9f7371578364e18f8bb7c3 -> 
  custom:video-decoder-webm-vp8: 9c59270c3fd7afecdb556c50c9e8de78 -> 
  custom:SearchIndexIgnoredProperties: e643bd26f0fe6173181afceb89e7c659 -> 
  custom:AudioImporter_EditorPlatform: 3918e3fc78b5a79bad01e8451be0beb8 -> 
  custom:framework-osx-AVFoundation: e770b220cccbd017edd2c1fefb359320 -> 
  custom:video-encoder-webm-vp8: eb34c28f22e8b96e1ab97ce403110664 -> 
  custom:audio-decoder-ogg-vorbis: bf7c407c2cedff20999df2af8eb42d56 -> 
  custom:scripting/monoscript/fileName/Exit Game.cs: 9f3cc85f4d80e3eecbb57ffd1eba67c5 -> 
  custom:scripting/monoscript/fileName/LoginManager.cs: 9f0dc2aa2dfc7ad43c40ebda556fc1fd -> 
  custom:audio-encoder-webm-vorbis: bf7c407c2cedff20999df2af8eb42d56 -> 
  custom:scripting/precompiled-assembly-types:Assembly-CSharp: 69ea2203ffb79dbff4b01d4dabda315f -> 975431d59eab3a43bafba41244e6b097
========================================================================
Received Prepare
Caller must complete domain reload
 #0 GetStacktrace(int)
 #1 DebugStringToFile(DebugStringToFileData const&)
 #2 AssertImplementation(int, char const*, int, int, char const*)
 #3 Internal_ADB_WorkerOnly_DomainReload(AssemblyLoadReason)
 #4 WorkerDomainReloadV2()
 #5 AssetImportWorkerClient::ReloadMonoDomain(AssetResolver&)
 #6 invocation function for block in AssetImportWorkerClient::HandleMessage(PrepareMessage const&)::$_4::operator()() const
 #7 _dispatch_client_callout
 #8 _dispatch_async_and_wait_invoke
 #9 _dispatch_client_callout
 #10 _dispatch_main_queue_drain
 #11 _dispatch_main_queue_callback_4CF
 #12 __CFRUNLOOP_IS_SERVICING_THE_MAIN_DISPATCH_QUEUE__
 #13 __CFRunLoopRun
 #14 CFRunLoopRunSpecific
 #15 RunCurrentEventLoopInMode
 #16 ReceiveNextEventCommon
 #17 _BlockUntilNextEventMatchingListInModeWithFilter
 #18 _DPSNextEvent
 #19 -[NSApplication(NSEvent) _nextEventMatchingEventMask:untilDate:inMode:dequeue:]
 #20 -[NSApplication run]
 #21 NSApplicationMain
 #22 EditorMain(int, char const**)
 #23 main
 #24 start

Begin MonoManager ReloadAssembly
- Loaded All Assemblies, in  0.826 seconds
Native extension for WindowsStandalone target not found
Native extension for iOS target not found
Native extension for Android target not found
Native extension for OSXStandalone target not found
Mono: successfully reloaded assembly
[Package Manager] Server::EnsureServerProcessIsRunning -- launch failed, reason: Unity was launched with the -noUpm command-line argument
[Package Manager] UpmClient::Send -- Unable to send message (not connected to UPM process).
[Package Manager] Cannot connect to Unity Package Manager local server
- Finished resetting the current domain, in  1.563 seconds
Domain Reload Profiling: 2388ms
	BeginReloadAssembly (265ms)
		ExecutionOrderSort (0ms)
		DisableScriptedObjects (20ms)
		BackupInstance (0ms)
		ReleaseScriptingObjects (0ms)
		CreateAndSetChildDomain (90ms)
	RebuildCommonClasses (70ms)
	RebuildNativeTypeToScriptingClass (23ms)
	initialDomainReloadingComplete (46ms)
	LoadAllAssembliesAndSetupDomain (421ms)
		LoadAssemblies (504ms)
		RebuildTransferFunctionScriptingTraits (0ms)
		AnalyzeDomain (29ms)
			TypeCache.Refresh (9ms)
				TypeCache.ScanAssembly (0ms)
			ScanForSourceGeneratedMonoScriptInfo (0ms)
			ResolveRequiredComponents (14ms)
	FinalizeReload (1564ms)
		ReleaseScriptCaches (0ms)
		RebuildScriptCaches (0ms)
		SetupLoadedEditorAssemblies (864ms)
			LogAssemblyErrors (0ms)
			InitializePlatformSupportModulesInManaged (53ms)
			SetLoadedEditorAssemblies (9ms)
			RefreshPlugins (0ms)
			BeforeProcessingInitializeOnLoad (146ms)
			ProcessInitializeOnLoadAttributes (589ms)
			ProcessInitializeOnLoadMethodAttributes (63ms)
			AfterProcessingInitializeOnLoad (4ms)
			EditorAssembliesLoaded (0ms)
		ExecutionOrderSort2 (0ms)
		AwakeInstancesAfterBackupRestoration (17ms)
Refreshing native plugins compatible for Editor in 6.62 ms, found 3 plugins.
Preloading 0 native plugins for Editor in 0.00 ms.
Unloading 4324 Unused Serialized files (Serialized files now loaded: 0)
Unloading 19 unused Assets / (31.3 KB). Loaded Objects now: 5329.
Memory consumption went from 0.70 GB to 0.70 GB.
Total: 6.030172 ms (FindLiveObjects: 0.453738 ms CreateObjectMapping: 0.450397 ms MarkObjects: 5.055989 ms  DeleteObjects: 0.068581 ms)

Prepare: number of updated asset objects reloaded= 0
AssetImportParameters requested are different than current active one (requested -> active):
  custom:container-demuxer-ogg: 62fdf1f143b41e24485cea50d1cbac27 -> 
  custom:scripting/monoscript/fileName/Rumble Toggle.cs: 9255d141ced706a64b082180f4b6a5c6 -> 
  custom:video-decoder-ogg-theora: a1e56fd34408186e4bbccfd4996cb3dc -> 
  custom:CustomObjectIndexerAttribute: 9a22284fe3817be447336de3de66b15e -> 
  custom:container-demuxer-webm: 4f35f7cbe854078d1ac9338744f61a02 -> 
  custom:container-muxer-webm: aa71ff27fc2769a1b78a27578f13a17b -> 
  custom:scripting/monoscript/fileName/RegisterManager.cs: b3918defcf9f7371578364e18f8bb7c3 -> 
  custom:video-decoder-webm-vp8: 9c59270c3fd7afecdb556c50c9e8de78 -> 
  custom:SearchIndexIgnoredProperties: e643bd26f0fe6173181afceb89e7c659 -> 
  custom:AudioImporter_EditorPlatform: 3918e3fc78b5a79bad01e8451be0beb8 -> 
  custom:framework-osx-AVFoundation: e770b220cccbd017edd2c1fefb359320 -> 
  custom:video-encoder-webm-vp8: eb34c28f22e8b96e1ab97ce403110664 -> 
  custom:audio-decoder-ogg-vorbis: bf7c407c2cedff20999df2af8eb42d56 -> 
  custom:scripting/monoscript/fileName/Exit Game.cs: 9f3cc85f4d80e3eecbb57ffd1eba67c5 -> 
  custom:scripting/monoscript/fileName/LoginManager.cs: 9f0dc2aa2dfc7ad43c40ebda556fc1fd -> 
  custom:audio-encoder-webm-vorbis: bf7c407c2cedff20999df2af8eb42d56 -> 
  custom:scripting/precompiled-assembly-types:Assembly-CSharp: 69ea2203ffb79dbff4b01d4dabda315f -> 975431d59eab3a43bafba41244e6b097
========================================================================
Received Prepare
Caller must complete domain reload
 #0 GetStacktrace(int)
 #1 DebugStringToFile(DebugStringToFileData const&)
 #2 AssertImplementation(int, char const*, int, int, char const*)
 #3 Internal_ADB_WorkerOnly_DomainReload(AssemblyLoadReason)
 #4 WorkerDomainReloadV2()
 #5 AssetImportWorkerClient::ReloadMonoDomain(AssetResolver&)
 #6 invocation function for block in AssetImportWorkerClient::HandleMessage(PrepareMessage const&)::$_4::operator()() const
 #7 _dispatch_client_callout
 #8 _dispatch_async_and_wait_invoke
 #9 _dispatch_client_callout
 #10 _dispatch_main_queue_drain
 #11 _dispatch_main_queue_callback_4CF
 #12 __CFRUNLOOP_IS_SERVICING_THE_MAIN_DISPATCH_QUEUE__
 #13 __CFRunLoopRun
 #14 CFRunLoopRunSpecific
 #15 RunCurrentEventLoopInMode
 #16 ReceiveNextEventCommon
 #17 _BlockUntilNextEventMatchingListInModeWithFilter
 #18 _DPSNextEvent
 #19 -[NSApplication(NSEvent) _nextEventMatchingEventMask:untilDate:inMode:dequeue:]
 #20 -[NSApplication run]
 #21 NSApplicationMain
 #22 EditorMain(int, char const**)
 #23 main
 #24 start

Begin MonoManager ReloadAssembly
- Loaded All Assemblies, in  0.806 seconds
Native extension for WindowsStandalone target not found
Native extension for iOS target not found
Native extension for Android target not found
Native extension for OSXStandalone target not found
Mono: successfully reloaded assembly
[Package Manager] Server::EnsureServerProcessIsRunning -- launch failed, reason: Unity was launched with the -noUpm command-line argument
[Package Manager] UpmClient::Send -- Unable to send message (not connected to UPM process).
[Package Manager] Cannot connect to Unity Package Manager local server
- Finished resetting the current domain, in  2.414 seconds
Domain Reload Profiling: 3219ms
	BeginReloadAssembly (254ms)
		ExecutionOrderSort (0ms)
		DisableScriptedObjects (20ms)
		BackupInstance (0ms)
		ReleaseScriptingObjects (0ms)
		CreateAndSetChildDomain (84ms)
	RebuildCommonClasses (65ms)
	RebuildNativeTypeToScriptingClass (21ms)
	initialDomainReloadingComplete (45ms)
	LoadAllAssembliesAndSetupDomain (420ms)
		LoadAssemblies (497ms)
		RebuildTransferFunctionScriptingTraits (0ms)
		AnalyzeDomain (32ms)
			TypeCache.Refresh (9ms)
				TypeCache.ScanAssembly (0ms)
			ScanForSourceGeneratedMonoScriptInfo (0ms)
			ResolveRequiredComponents (19ms)
	FinalizeReload (2415ms)
		ReleaseScriptCaches (0ms)
		RebuildScriptCaches (0ms)
		SetupLoadedEditorAssemblies (880ms)
			LogAssemblyErrors (0ms)
			InitializePlatformSupportModulesInManaged (53ms)
			SetLoadedEditorAssemblies (9ms)
			RefreshPlugins (0ms)
			BeforeProcessingInitializeOnLoad (118ms)
			ProcessInitializeOnLoadAttributes (603ms)
			ProcessInitializeOnLoadMethodAttributes (90ms)
			AfterProcessingInitializeOnLoad (6ms)
			EditorAssembliesLoaded (1ms)
		ExecutionOrderSort2 (0ms)
		AwakeInstancesAfterBackupRestoration (28ms)
Refreshing native plugins compatible for Editor in 13.73 ms, found 3 plugins.
Preloading 0 native plugins for Editor in 0.00 ms.
Unloading 4324 Unused Serialized files (Serialized files now loaded: 0)
Unloading 19 unused Assets / (31.5 KB). Loaded Objects now: 5333.
Memory consumption went from 0.71 GB to 0.71 GB.
Total: 7.478951 ms (FindLiveObjects: 0.565289 ms CreateObjectMapping: 0.683043 ms MarkObjects: 6.020869 ms  DeleteObjects: 0.208484 ms)

Prepare: number of updated asset objects reloaded= 0
AssetImportParameters requested are different than current active one (requested -> active):
  custom:container-demuxer-ogg: 62fdf1f143b41e24485cea50d1cbac27 -> 
  custom:scripting/monoscript/fileName/Rumble Toggle.cs: 9255d141ced706a64b082180f4b6a5c6 -> 
  custom:video-decoder-ogg-theora: a1e56fd34408186e4bbccfd4996cb3dc -> 
  custom:CustomObjectIndexerAttribute: 9a22284fe3817be447336de3de66b15e -> 
  custom:container-demuxer-webm: 4f35f7cbe854078d1ac9338744f61a02 -> 
  custom:container-muxer-webm: aa71ff27fc2769a1b78a27578f13a17b -> 
  custom:scripting/monoscript/fileName/RegisterManager.cs: b3918defcf9f7371578364e18f8bb7c3 -> 
  custom:video-decoder-webm-vp8: 9c59270c3fd7afecdb556c50c9e8de78 -> 
  custom:SearchIndexIgnoredProperties: e643bd26f0fe6173181afceb89e7c659 -> 
  custom:AudioImporter_EditorPlatform: 3918e3fc78b5a79bad01e8451be0beb8 -> 
  custom:framework-osx-AVFoundation: e770b220cccbd017edd2c1fefb359320 -> 
  custom:video-encoder-webm-vp8: eb34c28f22e8b96e1ab97ce403110664 -> 
  custom:audio-decoder-ogg-vorbis: bf7c407c2cedff20999df2af8eb42d56 -> 
  custom:scripting/monoscript/fileName/Exit Game.cs: 9f3cc85f4d80e3eecbb57ffd1eba67c5 -> 
  custom:scripting/monoscript/fileName/LoginManager.cs: 9f0dc2aa2dfc7ad43c40ebda556fc1fd -> 
  custom:audio-encoder-webm-vorbis: bf7c407c2cedff20999df2af8eb42d56 -> 
  custom:scripting/precompiled-assembly-types:Assembly-CSharp: 69ea2203ffb79dbff4b01d4dabda315f -> 975431d59eab3a43bafba41244e6b097
========================================================================
Received Prepare
Caller must complete domain reload
 #0 GetStacktrace(int)
 #1 DebugStringToFile(DebugStringToFileData const&)
 #2 AssertImplementation(int, char const*, int, int, char const*)
 #3 Internal_ADB_WorkerOnly_DomainReload(AssemblyLoadReason)
 #4 WorkerDomainReloadV2()
 #5 AssetImportWorkerClient::ReloadMonoDomain(AssetResolver&)
 #6 invocation function for block in AssetImportWorkerClient::HandleMessage(PrepareMessage const&)::$_4::operator()() const
 #7 _dispatch_client_callout
 #8 _dispatch_async_and_wait_invoke
 #9 _dispatch_client_callout
 #10 _dispatch_main_queue_drain
 #11 _dispatch_main_queue_callback_4CF
 #12 __CFRUNLOOP_IS_SERVICING_THE_MAIN_DISPATCH_QUEUE__
 #13 __CFRunLoopRun
 #14 CFRunLoopRunSpecific
 #15 RunCurrentEventLoopInMode
 #16 ReceiveNextEventCommon
 #17 _BlockUntilNextEventMatchingListInModeWithFilter
 #18 _DPSNextEvent
 #19 -[NSApplication(NSEvent) _nextEventMatchingEventMask:untilDate:inMode:dequeue:]
 #20 -[NSApplication run]
 #21 NSApplicationMain
 #22 EditorMain(int, char const**)
 #23 main
 #24 start

Begin MonoManager ReloadAssembly
- Loaded All Assemblies, in  0.822 seconds
Native extension for WindowsStandalone target not found
Native extension for iOS target not found
Native extension for Android target not found
Native extension for OSXStandalone target not found
Mono: successfully reloaded assembly
[Package Manager] Server::EnsureServerProcessIsRunning -- launch failed, reason: Unity was launched with the -noUpm command-line argument
[Package Manager] UpmClient::Send -- Unable to send message (not connected to UPM process).
[Package Manager] Cannot connect to Unity Package Manager local server
- Finished resetting the current domain, in  1.517 seconds
Domain Reload Profiling: 2338ms
	BeginReloadAssembly (271ms)
		ExecutionOrderSort (0ms)
		DisableScriptedObjects (20ms)
		BackupInstance (0ms)
		ReleaseScriptingObjects (0ms)
		CreateAndSetChildDomain (95ms)
	RebuildCommonClasses (69ms)
	RebuildNativeTypeToScriptingClass (22ms)
	initialDomainReloadingComplete (46ms)
	LoadAllAssembliesAndSetupDomain (413ms)
		LoadAssemblies (496ms)
		RebuildTransferFunctionScriptingTraits (0ms)
		AnalyzeDomain (29ms)
			TypeCache.Refresh (11ms)
				TypeCache.ScanAssembly (0ms)
			ScanForSourceGeneratedMonoScriptInfo (0ms)
			ResolveRequiredComponents (14ms)
	FinalizeReload (1517ms)
		ReleaseScriptCaches (0ms)
		RebuildScriptCaches (0ms)
		SetupLoadedEditorAssemblies (799ms)
			LogAssemblyErrors (0ms)
			InitializePlatformSupportModulesInManaged (57ms)
			SetLoadedEditorAssemblies (9ms)
			RefreshPlugins (0ms)
			BeforeProcessingInitializeOnLoad (124ms)
			ProcessInitializeOnLoadAttributes (541ms)
			ProcessInitializeOnLoadMethodAttributes (64ms)
			AfterProcessingInitializeOnLoad (4ms)
			EditorAssembliesLoaded (0ms)
		ExecutionOrderSort2 (0ms)
		AwakeInstancesAfterBackupRestoration (18ms)
Refreshing native plugins compatible for Editor in 7.14 ms, found 3 plugins.
Preloading 0 native plugins for Editor in 0.00 ms.
Unloading 4324 Unused Serialized files (Serialized files now loaded: 0)
Unloading 19 unused Assets / (31.4 KB). Loaded Objects now: 5337.
Memory consumption went from 0.71 GB to 0.71 GB.
Total: 8.213000 ms (FindLiveObjects: 0.841632 ms CreateObjectMapping: 0.548489 ms MarkObjects: 6.732389 ms  DeleteObjects: 0.087298 ms)

Prepare: number of updated asset objects reloaded= 0
AssetImportParameters requested are different than current active one (requested -> active):
  custom:container-demuxer-ogg: 62fdf1f143b41e24485cea50d1cbac27 -> 
  custom:scripting/monoscript/fileName/Rumble Toggle.cs: 9255d141ced706a64b082180f4b6a5c6 -> 
  custom:video-decoder-ogg-theora: a1e56fd34408186e4bbccfd4996cb3dc -> 
  custom:CustomObjectIndexerAttribute: 9a22284fe3817be447336de3de66b15e -> 
  custom:container-demuxer-webm: 4f35f7cbe854078d1ac9338744f61a02 -> 
  custom:container-muxer-webm: aa71ff27fc2769a1b78a27578f13a17b -> 
  custom:scripting/monoscript/fileName/RegisterManager.cs: b3918defcf9f7371578364e18f8bb7c3 -> 
  custom:video-decoder-webm-vp8: 9c59270c3fd7afecdb556c50c9e8de78 -> 
  custom:SearchIndexIgnoredProperties: e643bd26f0fe6173181afceb89e7c659 -> 
  custom:AudioImporter_EditorPlatform: 3918e3fc78b5a79bad01e8451be0beb8 -> 
  custom:framework-osx-AVFoundation: e770b220cccbd017edd2c1fefb359320 -> 
  custom:video-encoder-webm-vp8: eb34c28f22e8b96e1ab97ce403110664 -> 
  custom:audio-decoder-ogg-vorbis: bf7c407c2cedff20999df2af8eb42d56 -> 
  custom:scripting/monoscript/fileName/Exit Game.cs: 9f3cc85f4d80e3eecbb57ffd1eba67c5 -> 
  custom:scripting/monoscript/fileName/LoginManager.cs: 9f0dc2aa2dfc7ad43c40ebda556fc1fd -> 
  custom:audio-encoder-webm-vorbis: bf7c407c2cedff20999df2af8eb42d56 -> 
  custom:scripting/precompiled-assembly-types:Assembly-CSharp: 69ea2203ffb79dbff4b01d4dabda315f -> 975431d59eab3a43bafba41244e6b097
========================================================================
Received Prepare
Caller must complete domain reload
 #0 GetStacktrace(int)
 #1 DebugStringToFile(DebugStringToFileData const&)
 #2 AssertImplementation(int, char const*, int, int, char const*)
 #3 Internal_ADB_WorkerOnly_DomainReload(AssemblyLoadReason)
 #4 WorkerDomainReloadV2()
 #5 AssetImportWorkerClient::ReloadMonoDomain(AssetResolver&)
 #6 invocation function for block in AssetImportWorkerClient::HandleMessage(PrepareMessage const&)::$_4::operator()() const
 #7 _dispatch_client_callout
 #8 _dispatch_async_and_wait_invoke
 #9 _dispatch_client_callout
 #10 _dispatch_main_queue_drain
 #11 _dispatch_main_queue_callback_4CF
 #12 __CFRUNLOOP_IS_SERVICING_THE_MAIN_DISPATCH_QUEUE__
 #13 __CFRunLoopRun
 #14 CFRunLoopRunSpecific
 #15 RunCurrentEventLoopInMode
 #16 ReceiveNextEventCommon
 #17 _BlockUntilNextEventMatchingListInModeWithFilter
 #18 _DPSNextEvent
 #19 -[NSApplication(NSEvent) _nextEventMatchingEventMask:untilDate:inMode:dequeue:]
 #20 -[NSApplication run]
 #21 NSApplicationMain
 #22 EditorMain(int, char const**)
 #23 main
 #24 start

Begin MonoManager ReloadAssembly
- Loaded All Assemblies, in  0.831 seconds
Native extension for WindowsStandalone target not found
Native extension for iOS target not found
Native extension for Android target not found
Native extension for OSXStandalone target not found
Mono: successfully reloaded assembly
[Package Manager] Server::EnsureServerProcessIsRunning -- launch failed, reason: Unity was launched with the -noUpm command-line argument
[Package Manager] UpmClient::Send -- Unable to send message (not connected to UPM process).
[Package Manager] Cannot connect to Unity Package Manager local server
- Finished resetting the current domain, in  2.344 seconds
Domain Reload Profiling: 3174ms
	BeginReloadAssembly (275ms)
		ExecutionOrderSort (0ms)
		DisableScriptedObjects (27ms)
		BackupInstance (0ms)
		ReleaseScriptingObjects (0ms)
		CreateAndSetChildDomain (90ms)
	RebuildCommonClasses (66ms)
	RebuildNativeTypeToScriptingClass (22ms)
	initialDomainReloadingComplete (46ms)
	LoadAllAssembliesAndSetupDomain (421ms)
		LoadAssemblies (510ms)
		RebuildTransferFunctionScriptingTraits (0ms)
		AnalyzeDomain (27ms)
			TypeCache.Refresh (9ms)
				TypeCache.ScanAssembly (0ms)
			ScanForSourceGeneratedMonoScriptInfo (0ms)
			ResolveRequiredComponents (14ms)
	FinalizeReload (2344ms)
		ReleaseScriptCaches (0ms)
		RebuildScriptCaches (0ms)
		SetupLoadedEditorAssemblies (808ms)
			LogAssemblyErrors (0ms)
			InitializePlatformSupportModulesInManaged (55ms)
			SetLoadedEditorAssemblies (9ms)
			RefreshPlugins (0ms)
			BeforeProcessingInitializeOnLoad (121ms)
			ProcessInitializeOnLoadAttributes (549ms)
			ProcessInitializeOnLoadMethodAttributes (70ms)
			AfterProcessingInitializeOnLoad (4ms)
			EditorAssembliesLoaded (1ms)
		ExecutionOrderSort2 (0ms)
		AwakeInstancesAfterBackupRestoration (20ms)
Callback registration failed. Increase kMaxCallback.
 #0 GetStacktrace(int)
 #1 DebugStringToFile(DebugStringToFileData const&)
 #2 CallbackArrayBase<void (*)(BuildTargetPlatform), void (*)(void const*, BuildTargetPlatform)>::Register(void (*)(BuildTargetPlatform), void (*)(void const*, BuildTargetPlatform), void const*)
 #3 LoadDomainAndUserAssemblies(AssemblyLoadReason)
 #4 WorkerDomainReloadV2()
 #5 AssetImportWorkerClient::ReloadMonoDomain(AssetResolver&)
 #6 invocation function for block in AssetImportWorkerClient::HandleMessage(PrepareMessage const&)::$_4::operator()() const
 #7 _dispatch_client_callout
 #8 _dispatch_async_and_wait_invoke
 #9 _dispatch_client_callout
 #10 _dispatch_main_queue_drain
 #11 _dispatch_main_queue_callback_4CF
 #12 __CFRUNLOOP_IS_SERVICING_THE_MAIN_DISPATCH_QUEUE__
 #13 __CFRunLoopRun
 #14 CFRunLoopRunSpecific
 #15 RunCurrentEventLoopInMode
 #16 ReceiveNextEventCommon
 #17 _BlockUntilNextEventMatchingListInModeWithFilter
 #18 _DPSNextEvent
 #19 -[NSApplication(NSEvent) _nextEventMatchingEventMask:untilDate:inMode:dequeue:]
 #20 -[NSApplication run]
 #21 NSApplicationMain
 #22 EditorMain(int, char const**)
 #23 main
 #24 start

Fatal Error! Callback registration failed. Increase kMaxCallback.
 #0 GetStacktrace(int)
 #1 DebugStringToFile(DebugStringToFileData const&)
 #2 CallbackArrayBase<void (*)(BuildTargetPlatform), void (*)(void const*, BuildTargetPlatform)>::Register(void (*)(BuildTargetPlatform), void (*)(void const*, BuildTargetPlatform), void const*)
 #3 LoadDomainAndUserAssemblies(AssemblyLoadReason)
 #4 WorkerDomainReloadV2()
 #5 AssetImportWorkerClient::ReloadMonoDomain(AssetResolver&)
 #6 invocation function for block in AssetImportWorkerClient::HandleMessage(PrepareMessage const&)::$_4::operator()() const
 #7 _dispatch_client_callout
 #8 _dispatch_async_and_wait_invoke
 #9 _dispatch_client_callout
 #10 _dispatch_main_queue_drain
 #11 _dispatch_main_queue_callback_4CF
 #12 __CFRUNLOOP_IS_SERVICING_THE_MAIN_DISPATCH_QUEUE__
 #13 __CFRunLoopRun
 #14 CFRunLoopRunSpecific
 #15 RunCurrentEventLoopInMode
 #16 ReceiveNextEventCommon
 #17 _BlockUntilNextEventMatchingListInModeWithFilter
 #18 _DPSNextEvent
 #19 -[NSApplication(NSEvent) _nextEventMatchingEventMask:untilDate:inMode:dequeue:]
 #20 -[NSApplication run]
 #21 NSApplicationMain
 #22 EditorMain(int, char const**)
 #23 main
 #24 start
 #0 GetStacktrace(int)
 #1 DebugStringToFile(DebugStringToFileData const&)
 #2 EditorMonoConsole::LogToConsoleImplementation(CppLogEntry&)
 #3 EditorMonoConsole::LogToConsoleImplementation(DebugStringToFileData const&)
 #4 LogToConsoleImplementation(DebugStringToFileData const&)
 #5 DebugStringToFilePostprocessedStacktrace(DebugStringToFileData const&)
 #6 DebugStringToFile(DebugStringToFileData const&)
 #7 CallbackArrayBase<void (*)(BuildTargetPlatform), void (*)(void const*, BuildTargetPlatform)>::Register(void (*)(BuildTargetPlatform), void (*)(void const*, BuildTargetPlatform), void const*)
 #8 LoadDomainAndUserAssemblies(AssemblyLoadReason)
 #9 WorkerDomainReloadV2()
 #10 AssetImportWorkerClient::ReloadMonoDomain(AssetResolver&)
 #11 invocation function for block in AssetImportWorkerClient::HandleMessage(PrepareMessage const&)::$_4::operator()() const
 #12 _dispatch_client_callout
 #13 _dispatch_async_and_wait_invoke
 #14 _dispatch_client_callout
 #15 _dispatch_main_queue_drain
 #16 _dispatch_main_queue_callback_4CF
 #17 __CFRUNLOOP_IS_SERVICING_THE_MAIN_DISPATCH_QUEUE__
 #18 __CFRunLoopRun
 #19 CFRunLoopRunSpecific
 #20 RunCurrentEventLoopInMode
 #21 ReceiveNextEventCommon
 #22 _BlockUntilNextEventMatchingListInModeWithFilter
 #23 _DPSNextEvent
 #24 -[NSApplication(NSEvent) _nextEventMatchingEventMask:untilDate:inMode:dequeue:]
 #25 -[NSApplication run]
 #26 NSApplicationMain
 #27 EditorMain(int, char const**)
 #28 main
 #29 start

Obtained 31 stack frames.
#0  0x007ff81c53e196 in __pthread_kill
#1  0x007ff81c49cb45 in abort
#2  0x00000109a2e4ae in CrashDontLaunchBugReporter()
#3  0x000001083e2b38 in EditorMonoConsole::LogToConsoleImplementation(CppLogEntry&)
#4  0x000001083e26a4 in EditorMonoConsole::LogToConsoleImplementation(DebugStringToFileData const&)
#5  0x000001083e435b in LogToConsoleImplementation(DebugStringToFileData const&)
#6  0x000001092b7847 in DebugStringToFilePostprocessedStacktrace(DebugStringToFileData const&)
#7  0x000001092b839b in DebugStringToFile(DebugStringToFileData const&)
#8  0x00000107dea3bc in CallbackArrayBase<void (*)(BuildTargetPlatform), void (*)(void const*, BuildTargetPlatform)>::Register(void (*)(BuildTargetPlatform), void (*)(void const*, BuildTargetPlatform), void const*)
#9  0x0000010897c7d9 in LoadDomainAndUserAssemblies(AssemblyLoadReason)
#10 0x00000108e630ed in WorkerDomainReloadV2()
#11 0x00000108ed038f in AssetImportWorkerClient::ReloadMonoDomain(AssetResolver&)
#12 0x00000108edc8ae in invocation function for block in AssetImportWorkerClient::HandleMessage(PrepareMessage const&)::$_4::operator()() const
#13 0x007ff81c3d5033 in _dispatch_client_callout
#14 0x007ff81c3e2c60 in _dispatch_async_and_wait_invoke
#15 0x007ff81c3d5033 in _dispatch_client_callout
#16 0x007ff81c3e1fcf in _dispatch_main_queue_drain
#17 0x007ff81c3e1c07 in _dispatch_main_queue_callback_4CF
#18 0x007ff81c691175 in __CFRUNLOOP_IS_SERVICING_THE_MAIN_DISPATCH_QUEUE__
#19 0x007ff81c650e9f in __CFRunLoopRun
#20 0x007ff81c64fea1 in CFRunLoopRunSpecific
#21 0x007ff8260dbf3d in RunCurrentEventLoopInMode
#22 0x007ff8260dbd4e in ReceiveNextEventCommon
#23 0x007ff8260dbaa8 in _BlockUntilNextEventMatchingListInModeWithFilter
#24 0x007ff81f6edd08 in _DPSNextEvent
#25 0x007ff81f6ecbb2 in -[NSApplication(NSEvent) _nextEventMatchingEventMask:untilDate:inMode:dequeue:]
#26 0x007ff81f6df227 in -[NSApplication run]
#27 0x007ff81f6b3441 in NSApplicationMain
#28 0x00000109a57fb5 in EditorMain(int, char const**)
#29 0x00000109a58319 in main
#30 0x007ff81c21b418 in start
